tree
version=v4
num_class=1
num_tree_per_iteration=1
label_index=0
max_feature_idx=52
objective=binary sigmoid:1
feature_names=season game_month game_dayofweek inning balls_before strikes_before outs_before run_top_before run_bot_before run_total_before score_diff_home score_diff_pitcher_team runner_on_1b runner_on_2b runner_on_3b num_runners_on home_win_expectancy away_win_expectancy li asof_pitcher_n asof_pitcher_success_rate asof_pitcher_reverse_rate asof_pitcher_middle_rate asof_pitcher_ball_rate asof_pitcher_strike_rate asof_pitcher_prev1_game_success_rate asof_pitcher_prev3_game_success_rate asof_pitcher_prev5_game_success_rate asof_pitcher_prev1_game_middle_rate asof_pitcher_prev3_game_middle_rate asof_pitcher_prev5_game_middle_rate asof_batter_n asof_batter_success_rate asof_batter_middle_rate asof_pitcher_pitchmix_n asof_pitcher_fastball_rate asof_pitcher_breaking_rate asof_pitcher_offspeed_rate pitcher_batter_form pitcher_momentum_success pitcher_momentum_middle is_dp_situation pitcher_id batter_id pitcher_team_id batter_team_id pitcher_hand batter_hand top_bottom game_type base_state count_state hand_matchup
feature_infos=[2019:2023] [3:10] [0:6] [1:12] [0:3] [0:2] [0:2] [0:24] [0:26] [0:36] [-23:20] [-23:23] [0:1] [0:1] [0:1] [0:3] [0:100] [0:100] [0:10.83] [0:13634] [0:1] [0:1] [0:1] [0:1] [0:1] [0:1] [0:1] [0:1] [0:1] [0:1] [0:1] [0:11653] [0:1] [0:1] [0:13634] [0:1] [0:1] [0:1] [0:1] [-0.769231:0.69047599999999998] [-0.309091:0.9487179] [0:1] -1:370:420:410:434:38:472:180:151:344:174:72:135:442:33:529:295:165:441:90:59:479:37:327:91:67:482:138:435:98:34:354:530:455:64:582:339:57:156:52:76:400:42:142:456:391:95:199:11:73:627:258:145:141:35:100:281:352:92:257:268:554:373:286:150:146:602:655:127:26:132:148:236:371:115:82:240:374:251:658:402:294:6:118:21:112:25:7:660:47:307:70:573:235:336:193:108:452:154:215:242:367:10:110:503:293:497:96:491:212:275:380:477:238:388:592:578:333:50:282:453:137:566:376:285:88:133:136:368:378:489:401:69:77:346:369:163:134:360:524:633:661:45:201:289:283:314:516:700:488:669:381:635:237:351:385:544:122:356:547:124:12:75:342:321:331:490:663:167:498:446:27:558:537:36:41:102:617:567:106:8:444:208:426:55:465:139:319:152:18:302:325:538:480:362:466:587:322:44:259:284:176:365:318:641:709:718:253:407:60:539:104:579:650:569:692:586:54:341:458:717:202:556:422:563:40:396:403:704:507:572:500:179:428:185:301:616:198:62:427:252:264:338:125:183:232:117:377:337:81:467:93:409:29:13:300:129:460:596:51:131:120:211:99:423:291:144:628:170:348:517:244:277:20:239:323:66:372:437:721:214:447:80:594:647:433:209:32:119:79:288:304:662:691:85:190:103:105:659:71:234:49:366:31:690:160:169:384:421:720:74:111:634:58:593:158:392:414:451:481:719:710:220:349:274:24:678:130:397:375:53:187:316:589:591:28:260:611:424:206:722:22:0:623:379:651:181:195:712:249:568:625:512:629:383:552:624:677:523:705:278:665:280:559:405:656:668:448:305:5:101:513:600:39:188:48:531:226:143:161:632:681:1:461:123:595:246:604:347:191:542:557:245:436:330:534:584:636:265:555:155:287:416:585:63:126:254:273:262:415:94:225:263:614:485:345:505:290:204:564:510:528:340:43:128:483:186:630:219:303:640:17:255:419:601:309:398:518:618:97:203:266:429:222:23:173:536:184:607:698:701:317:457:605:610:65:695:404:496:511:162:546:425:227:241:671:355:171:250:525:335:550:83:332:343:570:580:230:597:443:459:521:612:454:2:121:172:178:229:393:687:107:502:515:545:553:68:197:514:157:177:231:272:358:532:113:706:221:224:468:501:196:359:149:210:541:642:109:276:471:581:9:228:205:417:440:464:603:673:56 -1:322:144:59:379:27:47:195:62:285:284:9:52:399:103:345:61:67:66:70:332:25:31:68:65:348:56:424:32:46:115:187:420:121:133:73:85:29:117:132:135:24:507:340:161:245:300:83:109:293:584:143:44:153:396:162:22:19:319:12:48:35:37:220:108:620:152:167:235:181:481:81:5:240:76:87:64:496:98:112:89:119:91:324:236:34:57:169:320:146:134:530:435:174:249:406:125:339:501:106:328:241:127:678:191:591:292:200:105:585:145:49:126:147:193:583:222:694:219:205:381:264:54:13:679:28:33:110:137:164:359:154:4:197:495:524:159:326:39:461:382:275:182:490:208:418:676:323:421:672:95:491:648:122:315:140:392:715:190:157:263:598:388:124:225:260:301:520:201:698:643:173:88:185:274:331:15:702:114:338:232:51:519:363:707:754:504:156:43:318:42:72:371:723:141:511:216:650:262:294:333:26:341:398:425:92:7:155:558:422:716:555:149:306:393:410:383:287:223:21:452:437:492:636:101:397:525:321:131:460:93:192:45:629:453:55:234:207:336:1:188:269:518:251:17:189:229:659:537:553:761:41:163:385:416:330:271:434:53:283:411:482:443:624:635:23:317:429:563:670:243:366:172:735:196:256:346:616:158:255:96:763:194:404:427:0:483:258:202:430:77:299:123:178:296:623:289:199:374:454:697:762:84:198:484:556:570:138:209:412:441:102:217:246:442:696:708:99:575:592:313:457:226:560:97:438:218:536:562:710:100:542:543:360:714:40:129:448:75:394:487:94:183:186:168:128:6:622:179:428:272:593:628:8:233:619:286:316:373:447:571:680:18:347:375:722:184:357:581:649:630:500:372:522:532:611:711:652:238:204:221:252:627:148:211:436:444:476:692:479:515:621:362:595:367:408:3:253:506:596:514:538:561:248:364:273:508:713:63:445:446:527:535:380:16:130:709:210:230:329:668:368:574:746:749:38:281:342:642:36:50:288:11:426:71:661:675:724:278:297:358:494:601:625:150:171:267:614:116:344:462:509:389:433:549:633:681:254:513:327:554:600:451:480:545:60:113:464:505:566:613:626:682:79:151:213:265:312:456:20:30:177:180:493:612:663:74:349:572:118:432:557:737:142:400:266:489:503:660:734:450:531:728:86:165 -1:1:5:0:9:2:6:3:7:4:8:11 -1:1:2:5:0:9:8:6:3:4:7:11 -1:1:0 -1:1:0 -1:1:0 -1:1:0 -1:7:3:1:5:2:0:6:4 -1:0:1:3:4:5:8:2:7:11:6:10:9 -1:3:2:1:0
tree_sizes=1850 2606 2717 2629 2198 2857 2471 2724 2493 2985 2983 2845 2716 3249 2980 2768 3027 3361 3074 3206 2718 2666 3220 2609 2790 3501 2597 2837 2836 1877 3505 2699 1814 2860 2925 2829 3132 3317 3415 2697 3405 3371 1875 3525 3342 2584 3515 3482 2911 1831 2889 2710 2922 2757 3328 2948 2623 3522 3445 2664 2830 2933 3490 2922 3472 3444 3488 1842 3365 2811 2870 1847 2823 3519 3519 2895 2604 3481 2586 3544 3665 2770 1877 2855 1855 3520 2878 3550 3694 3402 2842 3567 1884 3529 3087 1878 2785 2946 3385 2945 3607 3652 1833 2882 1868 2753 3603 3595 2887 3614 2942 1862 3509 2777 2947 1832 2903 3570 2924 3599 3597 2880 2951 2771 3495 1837 3695 3686 3623 2787 1863 3461 2951

Tree=0
num_leaves=15
num_cat=0
split_feature=21 24 25 24 22 38 34 25 37 36 22 40 24 39
split_gain=2.6448 1.29846 0.418386 0.407968 0.388826 0.186984 0.173708 0.14651 0.109784 0.105689 0.101701 0.0870236 0.0835459 0.07371
threshold=0.24818900000000002 0.43461550000000004 0.47849200000000008 0.45860050000000002 0.15754650000000001 0.24216509245200005 2597.5000000000005 0.51744400000000013 0.11751450000000001 0.38034050000000003 0.11823850000000001 0.017979600000000016 0.44061400000000001 0.16532550000000004
decision_type=8 8 8 10 8 10 2 8 8 10 8 8 10 8
left_child=1 7 8 5 6 -2 12 -1 -3 13 -7 -5 -4 -8
right_child=3 2 4 11 -6 10 9 -9 -10 -11 -12 -13 -14 -15
leaf_value=-0.0011980748473145219 -0.0039928972940548478 -0.00048471537863005963 -0.00025785106767592478 0.00079985430857710247 0.00097123684873700548 0.00084588233596331777 0.0053909810309069163 0.00061070773458603246 0.0016548392574302242 0.0016592857281363203 -0.0018701229756380566 -0.0010164969596295073 0.0024395249459323799 0.00092487797952270508
leaf_weight=35.269506576516669 28.393855046872446 9.7295398584668735 3.4940016698212899 20.763158189876808 19.280298165343879 4.5395999675440235 45.454575527328508 30.498595640290866 25.790053398538316 8.160229214547007 48.433896110791267 13.565676921019525 12.30648922476418 2.7812273008317794
leaf_count=143059 61087 51858 31197 49641 62426 21224 116662 207970 89876 23571 135927 32896 189379 4812
internal_value=0.000413154 0.00183703 0.00298491 -0.0019199 0.00367254 -0.00265527 0.00431107 -0.000404595 0.0010303 0.00483584 -0.00162013 -8.41503e-06 0.00182513 0.00520572
internal_weight=0 192.765 126.996 115.696 91.4768 81.3674 72.1965 65.7681 35.5196 56.396 52.9735 34.3288 15.8005 48.2358
internal_count=1221585 920810 569781 300775 428047 218238 365621 351029 141734 145045 157151 82537 220576 121474
is_linear=0
shrinkage=1


Tree=1
num_leaves=15
num_cat=8
split_feature=42 42 42 20 52 42 42 22 45 42 25 35 38 27
split_gain=5.09283 1.44432 0.543047 0.418661 0.342496 0.568664 0.337241 0.125619 0.111887 0.117583 0.0709814 0.0644396 0.0532899 0.0478652
threshold=0 1 2 0.46952250000000006 3 4 5 0.15754650000000001 6 7 0.6113805000000001 0.43873050000000008 0.22901128923200001 0.42272200000000004
decision_type=9 9 9 10 1 9 9 8 9 9 8 10 10 10
left_child=7 12 -3 -4 6 -6 -5 13 9 -7 -10 -8 -2 -1
right_child=1 2 3 4 5 8 11 -9 10 -11 -12 -13 -14 -15
leaf_value=6.7415715515456987e-05 -0.00051873072856975771 0.00085863380980054555 -0.0046974531615345113 0.00069562115979772692 0.0016465547309911588 -0.0011237208130317887 -0.0010192266242357501 0.0017229552349192223 -0.0028269867266546363 0.00095347798190306406 -0.00014931864480553517 -0.0041860926920063114 0.0022087685418002169 0.0053962795933285073
leaf_weight=0.81058403507240839 1.2523987709532765 19.891990936888398 29.266075589803421 10.393208989026864 18.603786966667805 3.5532851911220953 6.6715410667360038 10.732304626854612 36.653873108322003 12.44887579661332 5.013518709054579 58.520140633942553 38.672328359753124 55.976233887729038
leaf_count=3313 2767 62780 92042 36309 48402 10308 38095 24097 179239 78599 62269 312825 115845 154695
internal_value=0 -0.00139296 -0.00208194 -0.00244586 -0.00203196 -0.000641989 -0.00287171 0.00432073 -0.00156774 0.000171704 -0.00210439 -0.00346416 0.00169721 0.00533183
internal_weight=0 240.941 201.016 181.124 151.858 76.2733 75.5849 67.5191 57.6696 16.0022 41.6674 65.1917 39.9247 56.7868
internal_count=1221585 1039480 920868 858088 766046 378817 387229 182105 330415 88907 241508 350920 118612 158008
cat_boundaries=0 23 46 69 70 92 115 116 136
cat_threshold=2097280 2 262464 4 16 0 0 65536 4096 0 16842880 2916352 67108864 100663296 16777233 0 0 0 67108864 524288 547389440 268435520 131072 33554432 32832 2348815392 4096 18088192 0 2 134221824 268435456 65600 2 20979712 0 0 536870912 131072 0 33554432 0 0 0 0 319490 1024 33554432 268435456 268435458 24584 4224 0 278528 131072 16384 134349824 16 0 134217736 0 0 1107300384 34816 18874368 131072 65536 0 65600 9 0 1288 512 2147483648 133120 1107296256 136 2048 0 3221225472 0 1 4096 0 2147620224 0 2048 537919552 34603008 0 1310720 1310720 134219776 134217728 536872961 67108864 32 268697600 8912896 0 537919488 131204 270336 131072 2147483648 16777376 65536 0 8192 0 805306384 134217728 2147483648 0 32 2114 64 134217728 2048 65536 4194304 8 1180160 0 536870914 2097312 67633160 268435456 1048576 4096 0 10 67379268 67108864 268435456 4194568
is_linear=0
shrinkage=0.02


Tree=2
num_leaves=15
num_cat=7
split_feature=23 27 21 43 43 43 37 21 43 23 35 43 43 43
split_gain=3.28445 1.35221 0.777708 0.456902 0.401798 0.236237 0.172988 0.154964 0.145423 0.142051 0.122262 0.109962 0.109463 0.10707
threshold=0.36722550000000004 0.54554100000000016 0.24297750000000004 0 1 2 0.16205050000000001 0.24818900000000002 3 0.38106250000000003 0.44036950000000002 4 5 6
decision_type=8 10 8 9 9 9 8 8 9 8 10 9 9 9
left_child=1 3 4 -1 -2 -4 8 12 -6 -10 -3 -8 -5 -9
right_child=2 10 5 7 6 -7 11 13 9 -11 -12 -13 -14 -15
leaf_value=-0.0016007040324784684 0.0015783268729219432 2.7738822541687774e-05 0.00077913701196977744 -0.00072971010808192335 0.00085894701509825824 -0.0035225257233938052 -0.0011005282292306604 0.0011831392755431611 -0.00039781145054680096 -0.0030983461385452617 0.0043869420271846413 0.00088401175139119262 0.0020433637859409385 -0.00056772068242816342
leaf_weight=19.936442730652729 14.425482344168 2.7482543214263719 6.8962974286737087 4.2834948954845631 4.3434879039813064 66.97251643557118 3.4706780078524204 7.3300183358517286 11.968196486278346 31.636755698336533 58.826507004466421 14.499736441484083 38.146052089894042 22.974297012101822
leaf_count=57004 59437 28024 16397 12522 15546 200480 17263 15532 55001 149699 251805 117308 167205 58362
internal_value=0 0.0020326 -0.00202964 0.000444999 -0.000602908 -0.00344484 -0.00120983 0.00113281 -0.00195754 -0.0020521 0.00420907 0.000250349 0.00199296 0.000137681
internal_weight=0 154.245 154.213 92.6703 80.3443 73.8688 65.9189 72.7339 47.9484 43.605 61.5748 17.9704 42.4295 30.3043
internal_count=1221585 590454 631131 310625 414254 216877 354817 253621 220246 204700 279829 134571 179727 73894
cat_boundaries=0 24 47 71 95 119 142 166
cat_threshold=524288 9 131098 2629760 524416 128 8192 2097152 805306384 32 262144 2281701376 32768 0 8192 134217728 0 0 32896 2097152 0 1073741824 524288 262144 2151678464 1611661312 517 4224 65568 16384 1073873160 33554432 262208 32 260 0 4198400 0 0 0 0 0 32 0 1024 5243008 2048 0 0 0 2183139332 65536 0 256 268435456 167780352 268435456 16 128 1052672 4194848 0 16384 524544 0 0 262248 268435456 640 2048 33562624 0 163872 16 0 131072 8216 640 260 1107296257 16 671092736 82080 0 134217729 65536 2147485696 0 134217728 0 0 0 768 0 67108864 0 102401 2097176 2181103616 131072 0 134217728 2101248 268435456 18 0 0 0 2147483712 8192 4096 0 2048 128 271056896 1073741824 1073741824 32 201588736 0 0 4096 268763136 1342308352 134217732 0 4096 256 268435456 134217728 268435488 0 2415931396 16 20480 1073754496 0 32 0 0 1048640 128 2281701376 1125154816 4612 536870912 0 134217732 8 256 128 0 35651860 0 2 2151678720 0 2147483648 12288 0 0 0 0 16 2048 67108864
is_linear=0
shrinkage=0.02


Tree=3
num_leaves=15
num_cat=7
split_feature=20 27 19 27 43 25 43 43 43 44 43 43 25 39
split_gain=2.7766 0.866052 0.564706 0.528503 0.416394 0.312582 0.311402 0.202177 0.150379 0.118696 0.122142 0.116538 0.102698 0.0840768
threshold=0.50763150000000012 0.53853800000000007 1644.5000000000002 0.45855050000000003 0 0.45022500000000004 1 2 3 4 5 6 0.61503200000000013 -0.093137499999999998
decision_type=10 8 2 10 9 10 9 9 9 9 9 9 8 8
left_child=3 4 8 -1 -2 -4 -5 -6 -3 10 -9 -11 -8 -10
right_child=1 2 5 6 7 -7 12 9 13 11 -12 -13 -14 -15
leaf_value=-0.0038236861095589402 0.0019921398664041034 -0.0013504119877508507 -0.00042004000791099353 0.0012453413629479315 0.0010603627699598364 0.004055666581662609 -0.0021324170608074144 -0.0009931760727398529 -0.00066809129202385496 0.0007321165729317693 0.0011733464862076438 -0.0017674494461192988 0.00019502203921478075 0.0018952163908086744
leaf_weight=51.367447197311876 20.56068501862357 5.033018214177698 5.8979745964013324 10.831856333512219 13.099576307846775 62.713621272220358 45.375414544923693 4.2800150066474476 4.2530350237983265 5.0602337533638906 12.138845897002971 47.074193172292176 7.9928996898662268 12.777006626228214
leaf_count=146425 60728 35307 16486 22541 35769 217902 140496 12866 38124 16228 58096 188713 26624 205280
internal_value=0 0.00145945 0.00282732 -0.00239077 0.000170742 0.00366853 -0.00105084 -0.000543554 1.68708e-05 -0.00098538 0.000404051 -0.00141547 -0.00153415 0.000858863
internal_weight=0 192.888 90.6747 115.568 102.214 68.6116 64.2002 81.6529 22.0631 68.5533 16.4189 52.1344 53.3683 17.03
internal_count=1221585 885499 513099 336086 372400 234388 189661 311672 278711 275903 70962 204941 167120 243404
cat_boundaries=0 23 47 69 92 93 117 141
cat_threshold=2151678464 1611792384 2097669 8392704 65568 24576 131336 33554432 262144 0 260 0 4096 0 0 2147484672 0 0 512 0 1073742848 0 2064 0 1073741824 4 301993984 2181267456 4194304 1342177536 0 33562624 0 276 0 12288 2151677952 0 2147483648 1073741824 0 512 0 0 1077936384 526336 67108864 33558528 50332672 0 0 4096 2097160 3221291008 4194562 65 262160 1052736 6144 4194304 134217728 65536 0 0 0 33024 268435456 0 4194448 138412032 16781312 2097232 2181046272 301989888 2147484160 32 0 536870912 33554448 33554432 134217728 32768 0 8192 5120 0 0 512 786432 0 0 262376 2121 0 8 131144 3256950784 163840 16 0 135168 536870912 268435488 268435456 0 32786 2147483648 8224 0 1073741952 0 128 2097152 0 1073741824 0 1024 536870912 32 524288 2181038080 64 67108864 16777216 0 1107296384 0 622854144 2113568 1048592 2228800 32 16777216 4096 2281701376 0 0 0 256 32 1024
is_linear=0
shrinkage=0.02


Tree=4
num_leaves=15
num_cat=5
split_feature=42 42 42 23 20 22 52 37 38 22 45 39 20 35
split_gain=4.70029 1.33373 0.512403 0.402727 0.15414 0.116297 0.0895986 0.0759287 0.0526869 0.0522497 0.0462282 0.0459438 0.0439502 0.0480149
threshold=0 1 2 0.37402250000000009 0.497504 0.15754650000000001 3 0.28739350000000002 0.22901128923200001 0.18331400000000003 4 0.225301 0.51318750000000002 0.43873050000000008
decision_type=9 9 9 8 10 8 1 8 10 8 9 10 8 8
left_child=5 8 -3 6 11 -1 -4 9 -2 12 -9 -5 13 -8
right_child=1 2 3 4 -6 -7 7 10 -10 -11 -12 -13 -14 -15
leaf_value=0.0051308510245616978 -0.00053671477803290404 0.00084669025356106113 0.0003624002252229685 -0.004196798371289793 -0.0021599231774865079 0.0016582944778818238 -0.00010238680520560127 -0.00069362043997575672 0.0021291993494910759 0.0002768609298025638 0.00065108779937036348 -0.00010761825175652806 -0.0010280608292971441 -0.0029398902403023107
leaf_weight=56.699436948593792 1.2698713780696795 19.891868349777795 13.256580482850085 50.905350073164172 55.947043960792151 10.735417761865852 3.0295084919984974 5.6552880364654614 38.735131507029614 2.8952593625217906 5.3493260460764924 1.3934743037486246 21.388414859617061 21.300902821994256
leaf_count=158096 2783 62780 57818 149695 289434 24527 8266 25901 115311 15302 26604 5394 219644 60030
internal_value=0 -0.0013342 -0.0019968 -0.00234996 -0.00324032 0.00415679 -0.00120609 -0.00139596 0.00163177 -0.00192276 -6.73388e-05 -0.00410674 -0.00207562 -0.00266426
internal_weight=0 241.018 201.013 181.121 108.246 67.4349 72.8753 59.6187 40.005 48.6141 11.0046 52.2988 45.7188 24.3304
internal_count=1221585 1038962 920868 858088 444523 182623 413565 355747 118094 303242 52505 155089 287940 68296
cat_boundaries=0 23 46 69 70 71
cat_threshold=2097280 2 262464 4 16 0 0 134283264 4096 0 16842880 2916352 67108864 100663296 16777217 0 0 0 67108864 524288 547389440 268435520 131072 33554432 32832 2348815392 4096 18088192 0 2 4096 268435456 65600 2 20979712 0 0 536870928 131072 0 33554432 0 0 0 0 319490 1024 33554432 268435456 268435458 24584 4224 0 278528 131072 16384 134349824 16 0 134217736 0 0 1107300384 34816 18874368 131072 65536 0 65600 2 809
is_linear=0
shrinkage=0.02


Tree=5
num_leaves=15
num_cat=8
split_feature=42 42 43 42 23 43 42 43 43 21 35 38 27 39
split_gain=4.5299 1.26909 0.768544 0.441218 0.415769 0.267973 0.211961 0.171613 0.124988 0.0864951 0.0953423 0.0458039 0.0433709 0.0405324
threshold=0 1 2 3 0.37402250000000009 4 5 6 7 0.23149150000000004 0.43674650000000009 0.33089365022400002 0.42513550000000006 -0.12464800000000002
decision_type=9 9 9 9 8 9 9 9 9 8 8 10 10 10
left_child=-1 7 6 8 5 -5 -3 -2 -4 -6 -11 -12 -9 -10
right_child=1 2 3 4 9 -7 -8 12 13 10 11 -13 -14 -15
leaf_value=0.0040786651899642591 -0.00082197531305792135 -0.0011946949859222319 -0.0010208257030087987 0.00085061630135693453 -0.0022837796450449152 -0.001931575866339786 0.0018595968500030491 -3.324266707699239e-05 -0.00025112786985412007 -0.00010474073430590723 -0.0045567244040316994 3.2396875481719482e-05 0.0030650755914046778 0.0022263389894551303
leaf_weight=67.513044955762879 5.7879628448838281 3.7938245902064733 2.8357892581205255 12.225343043790854 32.798951948018363 56.134767540916783 20.353340325899854 1.7953302113705181 1.9876748155554462 2.2912156460176067 57.686817647602524 0.81089873183318317 29.248685948471479 13.184162661701841
leaf_count=182105 14037 8940 8744 44513 208013 346947 64371 7056 7215 6404 178638 6082 88528 49992
internal_value=0 -0.00131016 -0.0019305 -0.00239166 -0.00275104 -0.0015573 0.00110583 0.00169127 0.000621737 -0.00377883 -0.00435061 -0.00449557 0.00227497 0.00128362
internal_weight=0 240.935 204.103 179.956 161.948 68.3601 24.1472 36.832 18.0076 93.5879 60.7889 58.4977 31.044 15.1718
internal_count=1221585 1039480 929859 856548 790597 391460 73311 109621 65951 399137 191124 184720 95584 57207
cat_boundaries=0 23 46 69 92 116 138 162 186
cat_threshold=2097280 2 262464 4 16 0 0 65536 4096 0 16842880 2916352 67108864 100663296 16777233 0 0 0 67108864 524288 547389440 268435520 131072 33554432 32768 2348815392 4096 18088192 0 2 134221824 268435456 65600 2 20979712 0 0 536870912 131072 33554432 33554432 0 0 0 0 319490 0 1056 512 4096 65536 8192 256 256 33562689 0 538968340 65664 4096 4194816 65536 2147500032 0 134217728 0 0 0 5243520 2064 1024 64 268436096 2 155648 268570752 0 16384 131072 16384 134348800 16 4608 134221832 0 0 1073745952 32768 18874368 131072 0 0 64 16781312 1074954240 68 1073741824 45568 4194304 32 2 262144 262144 0 524288 2 134218048 0 0 1048576 0 256 268435456 0 67108880 16781312 201326592 64 256 512 16 1073872896 9454624 0 67108864 0 524288 67633160 0 4112 2625536 262144 0 32 92291072 64 4227072 0 67109376 541065216 16826368 524290 3221553152 131072 0 0 2228224 268435456 268435456 69472256 2097152 32784 268435712 8192 0 0 0 557056 0 0 67108864 1073741832 262144 17305632 135168 4112 8396804 2147614736 134217728 32 0 402718976 0 0 134217728 0 0 0 150994944 33554432 2048 4194592 0 1073741828 1073741824 0 134217728
is_linear=0
shrinkage=0.02


Tree=6
num_leaves=15
num_cat=6
split_feature=20 27 24 27 43 52 39 43 43 43 43 24 24 19
split_gain=2.49352 0.780562 0.629775 0.495087 0.400407 0.311317 0.203546 0.195185 0.182588 0.136651 0.114858 0.109444 0.108895 0.101666
threshold=0.50763150000000012 0.53853800000000007 0.43324050000000008 0.45855050000000003 0 1 -0.11328699999999998 2 3 4 5 0.44879550000000007 0.42595450000000007 314.50000000000006
decision_type=10 8 10 10 9 1 8 9 9 9 9 10 8 2
left_child=3 4 9 -1 -2 8 -4 -6 -5 -3 -9 -7 -10 -8
right_child=1 2 6 5 7 11 13 10 12 -11 -12 -13 -14 -15
leaf_value=-0.0036476866765487526 0.0019496231702442711 0.0012729075788851152 0.0001075726736835367 -0.0011740846911378242 0.0010511214877905685 -0.003341293896071836 0.00020643505970885351 0.00070419341038042039 -0.00053756360426316762 -0.00084801941356461234 -0.0012745564376520581 -0.00069746511939128839 0.0021437505635076371 0.0041116494503214539
leaf_weight=51.363872810857188 20.560206474115098 4.1023997515180328 6.3990033522611807 6.53393898903379 12.796361645544563 18.45016947893593 3.3532394002109447 7.6943740924939448 5.6879634891395252 18.966558964384497 61.160561728944842 12.983586399856931 20.542590696792001 57.846968935787459
leaf_count=146425 60728 22189 33682 16153 33890 59569 38975 19165 26363 152396 258617 34031 53545 265857
internal_value=0 0.00138631 0.00268497 -0.00226245 0.000162824 -0.000970661 0.00359997 -0.000536696 0.000496788 -0.000159917 -0.000967024 -0.00195756 0.00118872 0.00392943
internal_weight=0 192.88 90.6682 115.562 102.212 64.1982 67.5992 81.6513 32.7645 23.069 68.8549 31.4338 26.2306 61.2002
internal_count=1221585 885499 513099 336086 372400 189661 338514 311672 96061 174585 277782 93600 79908 304832
cat_boundaries=0 23 24 46 70 93 117
cat_threshold=2151678464 1611792384 2097669 8392704 65568 24576 131336 33554432 262144 0 260 0 4096 0 0 2147484672 0 0 512 0 1073742848 0 2064 6 33554432 50332672 0 0 4096 2097160 3221291008 4194562 1073741889 262160 1052736 6144 4194304 134217728 65536 0 0 0 33024 268435456 0 4194448 512 536887296 2097162 532480 16 2281702016 67108872 131072 1073741824 8224 33554432 2281701376 0 0 0 150994944 4096 2048 32768 4096 0 64 32 134479872 2147483648 1114116 21 128 8240 134217872 521 0 262148 32 268435732 65536 4096 4 0 0 1048576 0 256 0 0 128 6144 536875008 32 0 0 0 67108864 16777728 2048 33554560 33554432 2097152 1075855392 17825808 131585 4128 0 4096 2281701376 0 0 0 68157440 262144 100671488
is_linear=0
shrinkage=0.02


Tree=7
num_leaves=15
num_cat=8
split_feature=23 44 20 43 43 21 43 43 43 26 43 4 37 43
split_gain=2.81544 1.03395 0.749966 0.449108 0.387398 0.257073 0.184715 0.14057 0.116937 0.10672 0.0941373 0.0792273 0.0731264 0.0968181
threshold=0.36927750000000009 0 0.497504 1 2 0.24576400000000004 3 4 5 0.48575900000000005 6 2.5000000000000004 0.16205050000000001 7
decision_type=8 9 10 9 9 8 9 9 9 10 9 2 8 9
left_child=1 5 8 -3 -4 -1 -5 -6 -2 10 -8 -11 -9 -14
right_child=2 3 4 6 7 -7 9 12 -10 11 -12 -13 13 -15
leaf_value=0.0043173581739483734 0.00068502233022683392 -0.0018504196678304414 0.0014599452128747211 -0.00080554322206235422 0.00076161206242746516 0.00086609299976956851 -0.00089639991255161531 -0.00218622838516185 -0.0035444051501292858 0.002436615679419143 0.00088090482178354384 -0.00048054299146814503 0.00092769759020662284 -0.00099110179643089919
leaf_weight=57.867321365745852 5.181564062394127 18.663449230510818 15.162775849110037 12.725552358513475 7.064826634792877 13.387848896961172 5.2885237675634293 46.881455965961848 54.351468065520763 32.105796254902309 17.725111920801652 2.4896814696977065 3.4276299471050837 16.113386258103951
leaf_count=206045 14777 64590 57595 40456 27926 40465 12340 204828 167873 187360 52778 14672 15312 114568
internal_value=0 0.00181646 -0.00194741 0.000123357 -0.000708223 0.00333135 0.000880303 -0.0012472 -0.00359482 0.00134218 0.000379854 0.00219251 -0.0015618 -0.000559931
internal_weight=0 160.253 148.183 88.9981 88.6501 71.2552 70.3347 73.4873 59.533 57.6091 23.0136 34.5955 66.4225 19.541
internal_count=1221585 618706 602879 372196 420229 246510 307606 362634 182650 267150 65118 202032 334708 129880
cat_boundaries=0 1 25 48 71 93 117 140 164
cat_threshold=75 524320 9 136445970 11018368 67108992 0 1073741824 2097152 268435472 0 262144 2281701376 32768 0 8192 134217728 0 2048 640 4096 0 0 524288 262144 2151677952 1610612736 517 2625536 65568 16384 1073742088 33554436 64 0 4356 32 4198400 0 65536 0 0 0 32 0 0 5243008 2064 4194304 150994944 8 263168 268959760 134218240 16785408 33554432 134217984 48 402653184 0 1048576 528388 16 65536 0 0 32800 0 0 1073741824 262184 167772160 1048576 0 640 512 8192 640 4194560 1107566592 805306400 738197504 81920 17826304 5 0 2147485696 0 0 0 0 8388608 512 0 1056 0 2147483780 65536 0 1073741825 268439552 167772160 0 20 128 1052672 4194848 0 16384 532480 134217728 0 262184 268435456 512 2048 33562624 2315255808 537923584 0 268435456 2181038176 16516 268435456 0 536870912 33562624 33560640 2048 0 2415919104 0 0 0 0 4194304 0 4 64 2148532224 0 0 134217792 0 16785536 2097152 32 131072 134217728 33554432 301991944 1207965696 18 0 0 66560 1048704 2147614720 0 4096 2097152 64 1536 33554432
is_linear=0
shrinkage=0.02


Tree=8
num_leaves=15
num_cat=5
split_feature=42 42 42 20 23 22 42 37 42 29 38 37 20 4
split_gain=4.21634 1.1821 0.501215 0.354782 0.142247 0.120258 0.103969 0.0754954 0.0672422 0.0624412 0.0514447 0.0513338 0.0487009 0.0480736
threshold=0 1 2 0.46952250000000006 0.37363150000000006 0.15754650000000001 3 0.17409650000000002 4 0.24085250000000005 0.22901128923200001 0.28739350000000002 0.67648150000000007 1.5000000000000002
decision_type=9 9 9 10 8 8 9 10 9 10 8 10 10 2
left_child=5 10 -3 7 8 -1 -6 -4 9 11 -2 -5 -8 -10
right_child=1 2 3 4 6 -7 12 -9 13 -11 -12 -13 -14 -15
leaf_value=0.0049370000174275347 -0.0005331573315689068 0.00076948785916230544 -0.0046153678873719316 -0.0022692526068850776 0.00034245998149206566 0.001539869010285 -0.0028585835621492738 -0.00051036309029997963 0.00044937900615433265 0.00039874447679084192 0.0021129599093131514 -0.0001988288287442848 0.00028959966084661818 -0.0010751058004280977
leaf_weight=55.520241610324859 1.24474044854584 22.983492228414736 25.934427318124186 28.962247897808055 9.5971573461655648 10.73484352156302 72.869292387226949 3.326105640520221 22.277153970755638 3.380552240329556 36.835640736608681 6.7669482448429639 1.1195153500583774 6.8775901050528523
leaf_count=150674 2627 71771 81360 94841 35445 24527 322219 10682 209633 6381 113898 14927 18251 64349
internal_value=0 -0.00125093 -0.00185662 -0.00222324 -0.00184238 0.00397536 -0.00239767 -0.00429133 -0.00104524 -0.00140579 0.00160262 -0.00194967 -0.00248148 -1.1593e-05
internal_weight=0 242.175 204.094 181.111 151.85 66.2551 83.586 29.2605 68.2645 39.1097 38.0804 35.7292 73.9888 29.1547
internal_count=1221585 1046384 929859 858088 766046 175201 375915 92042 390131 116149 116525 109768 340470 273982
cat_boundaries=0 23 46 69 91 114
cat_threshold=2097280 2 262464 4 16 0 0 134283264 268439552 0 16842880 2916352 67108864 33554432 16777217 0 0 0 67108864 524288 547389440 268435520 131072 33554432 32768 2348815392 4096 18088192 0 2 4096 0 65600 2 20979712 0 67108864 536870928 131072 33554432 33554432 0 0 0 0 319490 1024 33554496 268435456 268435458 24584 4224 0 278528 131072 16384 134349824 16 0 134217736 0 0 1073745952 34816 18874368 131072 65536 0 65600 0 0 512 2214592512 131072 268697600 524288 8256 1048576 1073741828 270340 67108864 2147488256 4256 0 0 534528 1048896 536870928 1024 0 262144 0 134225968 8192 67698704 4195328 16384 8388736 0 0 2149580928 4194304 5 0 2147483664 0 8388608 262144 268435456 0 64 1048578 524288 1
is_linear=0
shrinkage=0.02


Tree=9
num_leaves=15
num_cat=9
split_feature=42 42 43 42 23 43 42 43 22 43 21 35 42 38
split_gain=4.13192 1.13501 0.751851 0.365357 0.390373 0.261022 0.201805 0.163529 0.136593 0.110652 0.0747517 0.0878714 0.0538777 0.0486678
threshold=0 1 2 3 0.37402250000000009 4 5 6 0.15754650000000001 7 0.23149150000000004 0.43674650000000009 8 0.33089365022400002
decision_type=9 9 9 9 8 9 9 9 8 9 8 8 9 10
left_child=8 7 6 9 5 12 -3 -2 -1 -4 -6 -12 -5 -13
right_child=1 2 3 4 10 -7 -8 -9 -10 -11 11 13 -14 -15
leaf_value=0.0050377396518546799 -0.00081541104532940542 -0.0011520251621137986 -0.00094538868314747806 -0.0005195882667110561 -0.0021635954809146526 -0.0018136624105042826 0.001874448090640817 0.0021328537097294559 0.0015182550876305431 0.0012395064024546122 -7.6223461882646149e-05 -0.0042965719038193101 0.0014595591176504508 9.0930652689386409e-05
leaf_weight=53.067131733570967 5.7769796196565419 3.7693266563330305 2.9752012626262156 4.1259241444696979 33.134915623355006 58.696961452613365 20.679534164036582 32.324228214996602 10.721619937729349 13.897943312582459 2.2923855155788155 58.007278011718071 8.1319725046719551 0.81951877485720714
leaf_count=150550 13819 8821 8205 8878 212898 348589 64156 103495 22435 50218 6414 179920 37185 6002
internal_value=0 -0.0012133 -0.00180112 -0.00225419 -0.00256972 -0.00144608 0.00114722 0.00158177 0.00401576 0.000590643 -0.00355905 -0.00409476 0.000874054 -0.00423311
internal_weight=0 244.632 206.531 182.082 165.209 70.9549 24.4489 38.1012 63.7888 16.8731 94.2541 61.1192 12.2579 58.8268
internal_count=1221585 1048600 931286 858309 799886 394652 72977 117314 172985 58423 405234 192336 46063 185922
cat_boundaries=0 23 46 69 92 116 138 162 186 209
cat_threshold=2097280 2 262464 4 16 0 0 134283264 268439552 0 16842880 2916352 67108864 33554432 16777217 131072 0 0 67108864 0 547389440 268435520 131072 33554432 32768 2348815392 4096 18088192 0 2 4096 0 65600 2 20979712 0 67108864 536870928 0 33554432 33554432 16777216 524288 0 0 311298 0 1056 512 4096 65536 8192 256 256 33562688 0 538968340 65664 4096 4194816 65536 2147500032 0 134217728 0 0 8388608 5243520 2064 0 64 268436096 2 155648 268832896 0 0 131072 16384 134348800 0 4608 134221960 0 0 1073745952 32768 2097168 131072 0 536870912 64 16781312 1074827264 68 1073741824 45568 4194304 32 2 262144 262144 0 524288 2 134218048 0 0 1048576 0 256 268435464 0 67108880 16781312 67108864 64 256 512 16 1073872896 9454624 0 67108864 0 524288 67633160 0 4112 2625536 262144 0 32 92291072 64 4227072 0 67109376 512 49153 131072 2149908480 131072 16 134283264 2097152 536871184 268435456 2359296 2621440 32784 268435712 8192 0 4096 0 0 0 0 67108864 262144 134479872 554176544 135169 16 8462340 2147483664 134217728 32 0 402653184 268435472 0 0 0 0 0 150994944 33558528 2048 4194592 0 1073741824 1073741824 0 134217728 0 134218768 8192 71893008 1024 1082146816 0 16384 0 69206016 0 256 0 3221225472 2147483648 0 0 268435456 0 0 1048706 67633664 65796
is_linear=0
shrinkage=0.02


Tree=10
num_leaves=15
num_cat=9
split_feature=42 42 43 42 23 43 42 43 22 43 20 42 26 39
split_gain=3.96143 1.10524 0.705425 0.332938 0.379605 0.279232 0.232851 0.183799 0.122069 0.0931724 0.0606875 0.0533019 0.052601 0.0494307
threshold=0 1 2 3 0.37402250000000009 4 5 6 0.15754650000000001 7 0.67648150000000007 8 0.40687850000000003 -0.23732549999999999
decision_type=9 9 9 9 8 9 9 9 8 9 10 9 10 8
left_child=8 7 6 9 5 11 -3 -2 12 -4 -6 -5 -1 -14
right_child=1 2 3 4 10 -7 -8 -9 -10 -11 -12 -13 13 -15
leaf_value=3.4774490199118015e-05 -0.00088814047338841337 -0.0011831659014991686 -0.00086930290697425196 -0.00047415451010456114 -0.0035460836519196092 -0.0018140513948950306 0.0019527642388169472 0.002076206581185814 0.0014974640213831492 0.0012150228468817104 0.00025229735534090309 0.0015071481579159273 -2.3810893886786128e-05 0.0050218721932804187
leaf_weight=0.95421003433420892 5.8853446624178556 4.7814490170077688 2.4942128522964291 4.945279288005441 93.328646761712761 57.61733417276205 19.036712948791422 33.781241754680863 10.718237731914931 12.802795112368553 1.0598589008554871 8.0196327164245371 0.73960057218125053 52.245924469525221
leaf_count=3646 13713 11142 7391 9343 378586 344229 71508 99809 21822 53884 17032 36744 1955 150781
internal_value=0 -0.00119528 -0.00178931 -0.00222809 -0.00252067 -0.00140899 0.0011093 0.00151337 0.00390532 0.000613039 -0.00349289 0.000902447 0.00487875 0.00495546
internal_weight=0 243.753 204.086 180.268 164.971 70.5822 23.8182 39.6666 64.658 15.297 94.3885 12.9649 53.9397 52.9855
internal_count=1221585 1043381 929859 847209 785934 390316 82650 113522 178204 61275 395618 46087 156382 152736
cat_boundaries=0 23 46 69 91 115 137 161 185 208
cat_threshold=2097280 2 262464 4 16 0 0 65536 268439552 0 16842880 2916352 67108864 100663296 16777217 131072 0 0 67108864 0 547389440 268435520 131072 33554432 32768 2348815392 4096 18088192 0 2 134221824 0 65600 2 20979712 0 0 536870928 0 33554432 33554432 0 524288 0 0 319490 0 1073742880 512 4096 65536 24576 256 256 33562689 0 538968340 65664 4096 4194816 65536 2147500032 0 134217728 0 0 0 5243392 2048 1024 64 268436096 2 139264 268701824 0 16384 131072 1073758208 134348800 16 4096 134221832 0 0 1073745952 32768 18874384 131072 0 536870912 2164264960 34766848 68 1073741824 37376 4194304 32 2 262144 262144 0 524288 2 134218048 0 0 0 0 256 268435456 0 67109008 16777232 201326592 64 288 0 16 1073741824 9454624 512 67108864 0 528384 67633160 1 16 4096 262144 4 4096 92274688 2112 32768 128 512 536871424 16826368 524288 3223388160 131072 0 134217728 2097152 805306384 268435456 2359296 2621440 16 268435456 8192 0 4224 0 128 0 0 67108864 1074003968 134479872 2147487776 131072 16 1082204160 524304 134217732 134217760 2 268501248 268435456 0 0 0 0 0 150994944 33554432 0 800 4096 1073741828 1073741840 0 134217728 0 134218768 0 71827472 8389632 147456 0 0 2 69206016 0 0 0 3221225472 2147483648 8388608 0 268435458 0 64 1048706 67633664 65792
is_linear=0
shrinkage=0.02


Tree=11
num_leaves=15
num_cat=8
split_feature=42 42 43 42 23 43 42 43 43 21 39 21 38 1
split_gain=3.83491 1.05614 0.680337 0.392376 0.339744 0.261612 0.181285 0.138751 0.128918 0.065377 0.0421623 0.0401288 0.0389368 0.0374239
threshold=0 1 2 3 0.37402250000000009 4 5 6 7 0.23050850000000003 -0.12698500000000001 0.16150150000000005 0.33089365022400002 4.5000000000000009
decision_type=9 9 9 9 8 9 9 9 9 8 10 10 10 2
left_child=-1 7 6 8 5 -5 -3 -2 -4 -6 -10 -7 -11 -8
right_child=1 2 3 4 9 11 13 -9 10 12 -12 -13 -14 -15
leaf_value=0.0038634636950908227 -0.00070849191311411525 -0.00107094540408972 -0.0010183454506099538 0.00087059505988951907 -0.002073857136569799 0.00042121423695463733 0.00017755641682000502 0.0020720392122831038 -0.00031075464460349152 -0.0039811147047619129 0.0021333820539875181 -0.0021777800432904362 3.3914704326945637e-05 0.0028513245827593474
leaf_weight=64.065700166790648 6.2186930430230287 3.9435122994878529 3.6432148197124539 12.474848223867959 32.264504748109104 0.93651033747707302 3.086232641366947 31.420172937736915 1.9532912226217671 61.200361852189246 13.944696535584287 55.664025808040513 0.89512938949529441 16.688071259890997
leaf_count=173299 14277 9494 8726 42995 207075 66904 9217 102657 6498 187942 48135 280037 6492 57837
internal_value=0 -0.00116806 -0.00173242 -0.0021571 -0.00250133 -0.00142683 0.00111029 0.00154166 0.000557892 -0.00342827 0.00123812 -0.00181021 -0.00392502 0.0018196
internal_weight=0 244.333 206.694 182.977 163.435 69.0754 23.7178 37.6389 19.5412 94.36 15.898 56.6005 62.0955 19.7743
internal_count=1221585 1048286 931352 854804 791445 389936 76548 116934 63359 401509 54633 346941 194434 67054
cat_boundaries=0 23 46 69 92 116 138 162 186
cat_threshold=2097280 2 262464 4 16 0 0 134283264 268439552 0 16842880 2916352 67108864 33554432 16777233 0 0 0 67108864 0 547389440 268435520 131072 33554432 32768 2348815392 4096 18088192 0 2 4096 0 65600 2 20979712 0 67108864 536870912 131072 33554432 33554432 16777216 524288 65536 0 311296 0 1056 513 4096 65536 8192 256 256 33562688 0 538968340 65664 4096 4194816 65536 2147500032 0 134217728 0 0 8388608 5243520 2048 0 64 268436096 268435458 155656 268701824 0 16384 131072 0 134348800 0 4096 134221832 0 0 1073745952 32768 2097168 131072 0 0 65602 16781312 1212416 68 1073741824 33600000 4194304 32 2 262144 0 0 524288 2 134218048 0 0 4096 0 256 268435456 0 67108880 16781456 67108864 64 256 0 16 1073872896 9454624 0 67108872 0 528384 67633160 1 16 2625536 262144 0 32 92291072 64 32768 0 67109376 2147484160 49153 131072 3221291008 33685504 0 65536 0 536871168 268435458 134483968 2621440 32768 268435712 8192 0 4096 0 0 0 0 67108928 72 134479872 17301536 131072 18 8724480 16 134217732 134217728 2 268435728 0 0 134217728 16 0 8192 150994944 33554432 2048 33056 0 1073741828 0 4096 134217728
is_linear=0
shrinkage=0.02


Tree=12
num_leaves=15
num_cat=8
split_feature=23 44 21 43 43 21 43 43 43 43 25 43 4 26
split_gain=2.34499 0.887425 0.59254 0.424218 0.334024 0.207289 0.181798 0.174719 0.149922 0.127211 0.105949 0.118209 0.100964 0.0878367
threshold=0.36927750000000009 0 0.24356050000000004 1 2 0.24576400000000004 3 4 5 6 0.51052750000000013 7 2.5000000000000004 0.48575900000000005
decision_type=8 9 8 9 9 10 9 9 9 9 8 9 2 10
left_child=1 5 4 -3 -2 -1 -4 -5 -6 -7 -10 -12 13 -9
right_child=2 3 6 7 8 9 -8 12 10 -11 11 -13 -14 -15
leaf_value=0.0039640669333585281 0.0015196890818951214 -0.0018155625260356104 0.00071625160275575958 -0.000792685327553731 0.00081768436641252874 -0.0010590304113267299 -0.0031160751614482418 0.00054734959416268263 -0.0023940037819500429 0.0013039365823252708 0.00097584018238414995 -0.00102904287982069 -0.00079976078050264673 0.0023289730334089434
leaf_weight=57.846154351191622 12.889684077928647 18.662378231530624 6.498175463306298 12.724759222109027 7.6108870442283774 2.4536360415374352 62.909473535216961 21.302801955943934 30.746038980572283 10.933426117416323 4.8759958683051448 22.631077533940591 4.1995494277116157 32.103010219204975
leaf_count=206045 51206 64590 17291 40456 29977 5616 189796 60618 124351 34849 21147 169111 19172 187360
internal_value=0 0.00166328 -0.00177203 9.96047e-05 -0.000525734 0.00306678 -0.00305578 0.000837621 -0.00106866 0.000833826 -0.00143208 -0.000594584 0.00128711 0.00172601
internal_weight=0 160.226 148.161 88.9925 78.7537 71.2332 69.4076 70.3301 65.864 13.3871 58.2531 27.5071 57.6054 53.4058
internal_count=1221585 618706 602879 372196 395792 246510 207087 307606 344586 40465 314609 190258 267150 247978
cat_boundaries=0 1 25 48 72 95 118 142 165
cat_threshold=75 524320 9 136445970 11018368 67108992 0 1073741824 2097152 268435472 0 262144 2281701376 32768 0 8192 134217728 0 2048 640 4096 0 0 524288 262144 2151678464 1610612736 5 4224 65568 16400 1073873672 33554432 262208 0 260 65536 4198400 0 32 0 0 0 32 0 1024 5242880 2048 0 0 0 2183139460 65600 0 256 268435456 1241522176 805306368 16 128 1052672 4194848 0 16384 0 0 0 262184 0 0 2048 33562624 4194304 150994944 8 263168 268959760 134218240 16785408 33554432 134217984 48 402653184 0 1048576 528388 16 65536 0 0 32800 0 0 1073741824 262184 134217728 1179680 512 0 8192 134225928 65664 4 2181038080 32 671092736 22688 0 1 65536 3072 0 134217728 0 0 8388608 640 16 512 536870912 72 3223846912 8192 134217856 2147483648 0 2684354960 32 67375104 2048 4227072 0 32 0 1024 1207959552 0 2097152 0 4194304 8 262144 33558528 33570816 131088 10486272 33554432 2097152 268435488 0 1073807380 272 67108872 0 16777216 0 0 2147483648 4352 131072 1048960 0 0 67108928 524288
is_linear=0
shrinkage=0.02


Tree=13
num_leaves=15
num_cat=11
split_feature=42 42 43 42 42 20 43 43 22 43 42 25 42 42
split_gain=3.62781 1.00701 0.659044 0.335149 0.238379 0.213986 0.221996 0.190895 0.125705 0.1043 0.0759685 0.0659953 0.259959 0.0743367
threshold=0 1 2 3 4 0.46952250000000006 5 6 0.15754650000000001 7 8 0.51744400000000013 9 10
decision_type=9 9 9 9 9 10 9 9 8 9 9 8 9 9
left_child=8 7 4 9 -3 -5 10 -2 -1 -4 -7 13 -13 -8
right_child=1 2 3 5 -6 6 11 -9 -10 -11 -12 12 -14 -15
leaf_value=0.0047332436708759622 -0.00086489856953283291 -0.0012172843099388555 -0.00092657022547850743 -0.0042564651702514727 0.0018973111590500245 -0.000728640701180964 0.00047121620222522094 0.0020465307518175474 0.0014039045976530376 0.0012208653557772755 0.0012401454790412476 0.00085609423395500929 -0.0020215694338862802 -0.0028385823053441442
leaf_weight=53.047445282338195 6.7512293620112276 4.8163494098937853 2.6901839652878659 26.215594058246921 19.826027571540298 3.0851854554155693 6.1039283960001809 32.984380610751003 10.720646403710594 13.792654818705724 8.6726632707842217 11.315375428951468 37.611903252869965 70.743270250667564
leaf_count=150550 15265 10682 7634 80670 72035 9786 26097 103359 22435 54200 45306 36802 321106 265658
internal_value=0 -0.00113193 -0.00169756 -0.00212673 0.0010583 -0.00242779 -0.00211247 0.00145041 0.00376832 0.000595904 0.00060468 -0.00225378 -0.0015545 -0.0028522
internal_weight=0 244.609 204.873 180.231 24.6424 163.748 137.532 39.7356 63.7681 16.4828 11.7578 125.774 48.9273 76.8472
internal_count=1221585 1048600 929976 847259 82717 785425 704755 118624 172985 61834 55092 649663 357908 291755
cat_boundaries=0 23 46 69 92 114 136 160 184 205 228 250
cat_threshold=2097280 2 262464 4 16 0 0 134283264 268439552 0 16842880 2916352 67108864 33554432 16777217 131072 0 0 67108864 0 547389440 268435520 131072 33554432 32768 2348815392 4096 18088192 0 2 4096 0 65600 2 20979712 0 67108864 536870928 0 33554432 33554432 16777216 524288 0 0 319488 0 1073742880 512 4096 65536 24576 256 256 33562688 0 538968340 65664 4096 4194816 65536 2147500032 0 134217728 0 0 0 5243392 2064 1024 64 268436096 2 139264 268570752 0 16384 131072 1073758208 134217728 16 4608 134221960 0 0 4128 32768 2097152 131072 0 536870912 66 64 288 0 16 1073741824 8406048 512 67108864 0 524288 67633160 1 4112 4096 262144 4 4128 92274688 2112 4194312 128 512 2151677952 163840 5 0 131072 2 136 4 262145 268435456 218103808 53248 2 136314880 2147487744 0 33554432 262144 0 268443712 0 67108864 536871424 16826369 131072 3231711232 131072 16 134217728 2097152 536870912 268435456 2359296 2621440 32784 268435712 8192 0 4096 0 0 0 0 67108864 1073741832 134479872 2164260864 135168 0 10821632 32784 134217728 134217760 2 268501264 0 0 0 32768 268435456 8192 150994944 33554432 0 256 4096 1073741828 1073741840 0 134217728 2048 134227204 8192 268435472 2176 16416 520 1048576 2 0 2148040704 131077 0 0 131072 0 67371008 16384 268435456 64 1048578 262144 280 2049 67108865 18432 262144 8 10496 536870912 128 4 131072 0 3221225504 4096 0 1140850688 0 33587216 4194560 1048576 0 65536 0 0 0 2420113408 32 1073741824 528384 335806464 2 67108864 131072 67108864 0 2359552 196608 8388608 1074012160 1050624 536870912 268436480 327680 1310720
is_linear=0
shrinkage=0.02


Tree=14
num_leaves=15
num_cat=10
split_feature=42 42 43 42 52 42 43 43 22 43 40 42 19 24
split_gain=3.5232 0.976621 0.858266 0.597195 0.310852 0.174226 0.157155 0.138688 0.128077 0.125329 0.0725099 0.0714541 0.0815696 0.0852911
threshold=0 1 2 3 4 5 6 7 0.15754650000000001 8 0.066041500000000017 9 1386.5000000000002 0.48750250000000006
decision_type=9 9 9 9 1 9 9 9 8 9 8 9 2 10
left_child=8 -2 5 9 7 -3 -6 -5 10 -4 -1 -8 13 -13
right_child=1 2 3 4 6 -7 11 -9 -10 -11 -12 12 -14 -15
leaf_value=0.0050447382758058218 -0.0033268948863759574 -0.0010053298659659714 -0.00081255589796233379 -0.0010157756104754538 0.00071119212072449716 0.0025091293967115847 0.0005250758623042334 0.0012007035001659618 0.0013847734978053956 0.0018598872112979429 0.0013357578600948308 -0.0038186712555005461 -0.0019624343787174796 0.00010938856781164243
leaf_weight=45.291560072680213 47.551974778146601 3.3926036417238952 4.2341897602725513 5.1755270451680957 6.7305435616675604 31.74891083339643 5.1733571341378477 18.259931421981268 10.720458341813858 22.49074333636247 6.7952817824522418 30.601889193757216 68.130648249885979 2.0655453040136527
leaf_count=125740 141242 9201 11033 16686 35824 107695 27740 81184 22407 90497 20961 254261 250952 26162
internal_value=0 -0.00110687 -0.000376971 -0.00100699 -0.001543 0.00197059 -0.0019784 0.000505822 0.003743 0.00129658 0.00472024 -0.00221623 -0.00240672 -0.00358875
internal_weight=0 245.556 198.004 162.862 136.137 35.1415 112.702 23.4355 62.8073 26.7249 52.0868 105.971 100.798 32.6674
internal_count=1221585 1052477 911235 794339 692809 116896 594939 97870 169108 101530 146701 559115 531375 280423
cat_boundaries=0 23 45 69 89 90 113 133 157 181 204
cat_threshold=2097280 2 262464 0 16 0 0 134283264 268439552 0 16842880 2916352 67108864 33554432 16777233 131072 0 0 67108864 0 547389440 268435520 131072 64 134225952 8 16 0 16424 512 1081344 0 528416 524296 268435457 0 524304 0 262148 67108864 8912896 2112 0 128 524832 0 1644199936 517 4096 65536 24576 264 33554432 262208 0 260 32 4198400 134218240 0 2147485696 0 0 256 268435456 0 4194432 2064 33554432 33555456 32768 2281706528 4102 17957120 128 0 20480 0 1073807424 2 20971520 0 201326592 536870912 0 33554464 33554432 16777216 524288 2 0 260 0 4292608 131072 8389632 0 33558536 536870912 3221225472 32768 0 16 2097152 393216 0 262176 16793600 0 6324232 2 67108864 5 2147483648 1048580 0 2147484160 576 0 131072 4325376 1107304453 536870912 673193984 2147500032 16777216 4194304 2147504144 0 16777216 134479872 0 64 536870944 147460 4096 0 536875520 134218240 0 135168 0 8192 167772160 2415921152 0 33562624 24608 536870912 0 1073743872 32768 0 4100 0 128 262144 2147483648 16385 2097152 0 1073741888 134217744 134283264 0 536871184 0 2097152 2097152 32768 2415919424 8240 4096 3221229568 134217728 0 0 0 0 262144 134479872 0 0 128 4194305 8192 268832768 528384 0 131072 16388 134348800 0 2147488256 2097320 0 0 1074266112 34880 2097168 1024 0 536870912 2
is_linear=0
shrinkage=0.02


Tree=15
num_leaves=15
num_cat=7
split_feature=23 27 20 43 43 25 43 43 25 43 43 27 43 1
split_gain=2.12995 0.915367 0.61892 0.440459 0.339708 0.169118 0.14723 0.136377 0.133409 0.135693 0.124142 0.093952 0.0894416 0.0642041
threshold=0.36927750000000009 0.54554100000000016 0.497504 0 1 0.46190100000000006 2 3 0.51595900000000017 4 5 0.47798050000000009 6 4.5000000000000009
decision_type=8 10 10 9 9 10 9 9 8 9 9 10 9 2
left_child=1 3 7 -1 13 -3 -5 -2 10 -10 -6 12 -8 -4
right_child=2 5 4 6 8 -7 11 -9 9 -11 -12 -13 -14 -15
leaf_value=-0.0016480032525138767 0.00072259342312150344 -1.688743468091973e-05 -0.00026544832523371956 -0.00068485014342896996 0.00080271477030069557 0.0036646755562948045 -0.00084639496754427364 -0.0031735878628505005 0.0012056463717792913 -0.00078335317630770333 -0.0020084184970706252 0.002089536264948524 0.00088868266654738544 0.0026252895923479557
leaf_weight=20.331872425832245 5.180860382842007 5.3751607256106473 2.6999867335464307 11.31451440077371 4.0774393187222193 57.397626023022802 5.3761790878526554 54.32773525473997 5.5873045996987365 28.003057785345799 36.120722483760744 41.139180334980324 19.268577084603049 12.149109523774934
leaf_count=58393 14777 23184 8889 32886 13180 268424 13273 167873 18957 194740 136235 158076 64470 48228
internal_value=0 0.00158508 -0.00168911 0.000325768 -0.000568641 0.00337144 0.00099454 -0.00318462 -0.00108374 -0.000229735 -0.00193278 0.00135692 0.000445529 0.00143982
internal_weight=0 160.203 148.146 97.4303 88.6376 62.7728 77.0985 59.5086 73.7885 33.5904 40.1982 65.7839 24.6448 14.8491
internal_count=1221585 618706 602879 327098 420229 291608 268705 182650 363112 213697 149415 235819 77743 57117
cat_boundaries=0 24 47 70 94 117 139 163
cat_threshold=0 9 131098 2891904 524416 128 8192 2097152 805306384 32 262144 2281701376 32768 4 8192 134217728 0 0 32896 2097152 0 1073741824 0 262144 2151677952 537919488 517 2625536 65568 16384 1073742088 33554436 64 0 4356 32 4198400 4 65536 0 0 0 32 0 0 1048704 2064 34078752 536870912 134217728 268500992 335675472 0 1073741825 0 524544 268435456 402653184 268435488 0 524288 0 16842752 1073741952 0 32 4096 0 1048640 524320 0 1056 0 2147483780 65536 0 1073741825 268439552 167772160 0 20 128 1052672 4194848 0 16384 532480 134217728 0 262184 268435456 512 2048 33562624 167772160 33554432 0 1073741952 8192 2105344 268435456 0 1074069520 536870944 67108872 65536 16785408 1 0 2147484672 4096 131072 384 0 8389632 4194368 524288 256 1073905697 2 0 1073741824 0 66176 4194560 134225921 262144 671088640 2176 1048592 136314944 0 150996992 33554432 0 0 8192 0 512 536870912 134221824 2097153 3221230592 32800 134217728 2298478592 0 134217728 0 101715968 0 16 2415927360 0 0 33554688 0 4195072 0 0 128 0 134217728
is_linear=0
shrinkage=0.02


Tree=16
num_leaves=15
num_cat=10
split_feature=42 42 43 42 52 43 43 43 42 23 43 26 40 22
split_gain=3.39381 0.947999 0.822278 0.542973 0.32868 0.157201 0.141577 0.140072 0.137282 0.0932214 0.136897 0.0669217 0.0535405 0.092836
threshold=0 1 2 3 4 5 6 7 8 0.37402250000000009 9 0.40687850000000003 0.066041500000000017 0.16276150000000003
decision_type=9 9 9 9 1 9 9 9 9 8 9 10 10 10
left_child=12 -2 8 6 7 -6 -4 -5 -3 10 -7 -9 13 -1
right_child=1 2 3 4 5 9 -8 11 -10 -11 -12 -13 -14 -15
leaf_value=0.0048484839773157637 -0.0032526488287269728 -0.0008993431673450053 -0.00081238185344791633 -0.0010068758070812171 0.00075165967505274667 0.00068757013371495152 0.0017582803371080022 -0.00059238496339093132 0.0024328582106779946 -0.0029760867872121446 -0.0016993569736369466 0.0021096852697802984 0.0014469369984371771 0.00060807365439099223
leaf_weight=48.158250248273362 47.546939515612465 3.2718500510235007 5.6284898666840339 5.1753686624208957 6.2110763195386882 7.722461954370087 23.667485741112245 2.1554927173514598 31.815445824185073 55.723800271726617 42.411868329640313 16.811164398198002 8.2731082611516822 3.765239621470811
leaf_count=136512 141242 10393 13424 16686 29311 27714 86557 9840 116785 268009 260072 70842 23903 10295
internal_value=0 -0.00106408 -0.000355117 -0.000964083 -0.00148966 -0.00194159 0.00115654 0.000548306 0.00194586 -0.00217329 -0.00148619 0.00122991 0.00375379 0.00462141
internal_weight=0 248.141 200.595 165.507 136.211 112.069 29.296 24.142 35.0873 105.858 50.1343 18.9667 60.1966 51.9235
internal_count=1221585 1050875 909633 782455 682474 585106 99981 97368 127178 555795 287786 80682 170710 146807
cat_boundaries=0 23 45 69 91 92 115 139 163 185 209
cat_threshold=2097280 2 262464 0 1048592 0 0 134283264 268439552 0 16842880 2916352 67108864 33554432 16777233 131072 0 0 67108864 0 547389440 64 131072 64 134225952 8 16 0 16424 512 1081344 0 528416 524296 268435457 0 524304 0 262148 67108864 8912896 2112 0 128 524832 0 1660977152 517 4224 65536 24576 264 33554688 262208 0 276 32 4198400 134218240 0 2147483648 0 0 0 268435456 0 4194304 2048 33554432 33555456 32768 2281706528 4102 17170688 128 0 4096 0 1073807424 2 20971520 0 201326592 536870912 0 33554464 33554432 16777216 524288 0 268435456 2 2147483648 4 0 2147484160 576 0 131072 4325376 1107304453 536870912 673193984 2147500032 16777216 4194304 2147504144 0 16777216 134479872 0 0 0 1048576 16 2147483648 16384 2097216 0 64 134217872 134217728 2097154 536870928 2 2097152 2097152 32768 2415923456 8224 0 1073746176 134217728 0 4096 0 64 16 134479872 536870944 147460 4096 0 536875520 134218240 0 135168 0 8192 167772160 2415921152 0 33562624 24608 536870912 0 1073743872 32768 0 4100 0 128 262144 0 256 0 4292608 1073873026 8389632 0 67108872 536870912 3221225480 32768 16777216 16 2097152 394240 8 262176 16793600 16777216 32776 0 67108864 536870912 1049600 0 33554432 45056 67108868 268435488 2050 32768 262144 524288 526336 0 131072 32 1024 1048576 2147614720 0 0 0 67109072 512 201334784
is_linear=0
shrinkage=0.02


Tree=17
num_leaves=15
num_cat=13
split_feature=42 42 43 42 52 42 42 43 42 43 43 42 37 43
split_gain=3.2591 0.918362 0.772762 0.531955 0.268139 0.420963 0.397655 0.187924 0.166818 0.147152 0.0941615 0.0807279 0.0553759 0.113034
threshold=0 1 2 3 4 5 6 7 8 9 10 11 0.1640945 12
decision_type=9 9 9 9 1 9 9 9 9 9 9 9 10 9
left_child=-1 12 8 9 5 -5 10 -7 -3 -4 -6 -9 -2 -14
right_child=1 2 3 4 6 7 -8 11 -10 -11 -12 -13 13 -15
leaf_value=0.0036538229735561716 -0.0044987284079978512 -0.0010014763266257358 -0.00085850509556135079 0.0015686090544645838 -0.00081630974800536347 0.00099111877815801874 -0.0030039500727011719 0.00050705036731913474 0.0023525780113075488 0.0018470365976744074 0.0015758684294095565 -0.0020628101792873653 0.00088767814008896368 -0.0019861794568781597
leaf_weight=60.982300366866632 29.409598073483231 3.2431127789300289 4.9542668765327962 17.702029655101896 2.4962391037136644 5.8737517868966007 55.983716467877493 6.0150527823176025 33.036878060227821 21.90839111747156 8.6552648688644123 39.927915951830848 2.4163904996845789 15.717750070518473
leaf_count=176447 83417 10769 12577 54475 5834 15824 316153 24701 119111 76143 24179 244130 5794 52031
internal_value=0 -0.00105005 -0.000349729 -0.000951514 -0.00145661 -0.00036282 -0.00231614 -0.00122667 0.00184751 0.00121923 0.000879308 -0.00168436 -0.00320336 -0.00196899
internal_weight=0 247.34 199.797 163.517 136.654 69.5188 67.1352 51.8167 36.28 26.8627 11.1515 45.943 47.5437 18.1341
internal_count=1221585 1045138 903896 774016 685296 339130 346166 284655 129880 88720 30013 268831 141242 57825
cat_boundaries=0 23 45 68 90 91 114 137 161 183 207 231 253 276
cat_threshold=2097280 2 262464 0 1048592 0 0 134283264 268439552 0 16842880 2916352 67108864 100663296 16777217 131072 0 0 67108864 0 547389440 64 131072 64 134225952 8 16 0 16424 512 1081344 0 528416 524296 268435457 0 524304 0 262148 67108864 8912896 2112 0 128 524832 0 1660977152 517 4224 65536 24576 264 256 262208 0 276 32 4198400 134218240 0 2147484672 0 0 256 268435456 0 4194304 2048 33555456 32768 2281706528 268439552 16908544 128 2 4096 131072 1073807424 2 20979712 0 134217728 16 0 33554464 33554432 16777216 524288 0 268435456 6 0 328 335544832 2151677952 8200 1073741824 136 18432 0 0 0 0 4096 0 2147489152 0 6144 536870976 34603008 0 1310720 1048576 8194 2048 0 2048 67108866 278560 268701696 8912896 262144 536870912 128 401408 16 0 8 0 0 1073750016 2048 270532624 131072 0 536870912 65633 2164264960 0 0 0 285212672 0 131104 4194308 33562624 0 2101312 128 8192 4194624 65536 6144 1048576 0 0 0 1073741824 67108880 2164265536 262144 0 260 0 12681216 1073873024 8389632 0 8 536870912 1075838984 32768 0 16 2149580800 263168 2 262148 16793600 2147483648 32776 2 67108864 0 16385 2097152 65536 1073872960 134217744 134217728 2097152 536871184 0 2101248 2097152 32770 2415923204 8192 134217728 128 0 4227072 4096 0 0 1073741824 134479872 536871456 135168 33685530 2097152 67108864 6 2147483648 2048 402653184 0 266240 268500992 16 268435712 32 0 256 2048 160 0 0 0 16777216 262144 0 33816576 0 1 1409286144 34734081 262208 2097152 0 2113536 8392708 2147483664 512 1075838984 537001984 0 0 1081600 134217728 268435456 0 8388608 536870912 17408 16 1375731712 17334816 0 1073815808 4096 536870912 268697600 270532608 128 16 4194308 0 2147483648 1073741824 0 32800 0 0 67108864 16
is_linear=0
shrinkage=0.02


Tree=18
num_leaves=15
num_cat=11
split_feature=42 42 43 42 52 43 42 43 43 42 37 37 43 37
split_gain=3.1438 0.910857 0.780146 0.519115 0.294986 0.145476 0.141689 0.135892 0.11721 0.0893004 0.064643 0.0505224 0.102255 0.0488638
threshold=0 1 2 3 4 5 6 7 8 9 0.2356945 0.1640945 10 0.028734650000000004
decision_type=9 9 9 9 1 9 9 9 9 9 10 8 9 10
left_child=-1 11 6 8 7 -6 -3 -5 -4 -7 -11 -2 -13 -9
right_child=1 2 3 4 5 9 -8 13 -10 10 -12 12 -14 -15
leaf_value=0.003573988982822776 -0.0044641598209238884 -0.00087964272548193725 -0.00072238061431477928 -0.0010015913561976866 0.00074791068983851223 0.00050531833889801148 0.0023859607332528511 -0.00031935009343270887 0.0017436916479329793 -0.0028378846727415931 -0.0012627101166660299 0.00084359634235381983 -0.0019214995309535382 0.002040514097273675
leaf_weight=61.527501636992532 29.779631799091966 3.664169053995145 5.4410899510802624 5.1753041143703351 5.8472271009576096 6.3565618027644994 31.779192196250321 2.7430698329684597 22.347796861796454 74.702556167842829 26.361934908029738 2.4223500590569675 14.279205938557254 15.880103266330735
leaf_count=173988 83680 11211 12660 16686 26296 32483 103689 13065 83127 412469 133117 5785 44016 69313
internal_value=0 -0.00103426 -0.000343363 -0.000940316 -0.0014433 -0.00186643 0.00188718 0.000513576 0.00117687 -0.00208294 -0.00229 -0.00320138 -0.00191519 0.00119362
internal_weight=0 246.78 200.299 164.856 137.067 113.268 35.4434 23.7985 27.7889 107.421 101.064 46.4812 16.7016 18.6232
internal_count=1221585 1047597 914116 799216 703429 604365 114900 99064 95787 578069 545586 133481 49801 82378
cat_boundaries=0 23 45 69 91 92 115 138 162 186 209 232
cat_threshold=2097280 2 262464 4 16 0 0 134283264 268439552 0 16842880 2916352 67108864 33554432 16777233 131072 0 0 67108864 0 547389440 64 131072 64 134225952 0 16 0 16424 512 1081344 0 528416 524296 268435457 0 524304 0 262148 83886080 8912896 2112 0 128 524832 0 1644199936 517 4096 65536 24576 1073742088 33554688 262208 0 260 32 4198400 134218240 0 2147483648 0 0 0 268435456 1024 4194432 2048 33554432 33555456 32768 2281706528 4098 18088192 128 0 20480 0 1073807424 2 20971520 0 201326592 536870912 0 1107296256 33554432 16777216 524288 0 268435456 2 0 4 0 2147484160 576 0 131072 4325376 1107304453 537133056 673193984 16384 16777216 4194304 2147504144 2048 16777216 134479872 0 64 0 0 16 0 260 0 4292608 131200 8389632 8388608 4104 536870912 3221225481 67141632 4 16 2097152 394240 0 262144 16777216 0 2129928 0 67108864 4 536870944 147460 4096 0 536875520 134218240 0 135168 0 8192 167772160 2415921152 0 33562624 24608 536870912 0 1073743872 32768 0 4100 0 128 262144 0 16385 64 0 268566528 144 134283264 2097152 536871184 0 2101248 2097152 32768 2415923456 8240 134217728 2147487744 2048 0 4096 0 64 0 134479872 0 0 128 268435457 139264 268701696 528384 0 131072 4 134610944 0 2147488256 168 0 0 528416 34880 2097168 1024 0 536870912 2 570425344 16384 16 301993984 17334816 0 1342251264 4098 2684354560 0 270532608 128 16 4194308 0 2147483648 1073741824 0 32 0 0 67108864 16
is_linear=0
shrinkage=0.02


Tree=19
num_leaves=15
num_cat=12
split_feature=42 42 43 42 52 42 42 43 42 43 28 42 43 39
split_gain=3.05019 0.881746 0.728456 0.503866 0.333367 0.386525 0.350748 0.203738 0.131737 0.115624 0.0724605 0.063655 0.0596977 0.0594332
threshold=0 1 2 3 4 5 6 7 8 9 0.20419150000000005 10 11 0.0088004999999999906
decision_type=9 9 9 9 1 9 9 9 9 9 10 9 9 10
left_child=10 -2 8 9 5 -5 12 -7 -3 -4 -1 -9 -6 -12
right_child=1 2 3 4 6 7 -8 11 -10 -11 13 -13 -14 -15
leaf_value=0.0044607507343764567 -0.00313805349108497 -0.00084177732221766459 -0.00075726531694531713 0.0015720225002044369 -0.00061605737643014025 0.00094850761953450824 -0.0029264580736808577 0.00059434806390747954 0.0023302388909365195 0.0017358207698087358 0.0021273632721141448 -0.0019204379678824557 0.001514868533399816 -0.00046969646112094782
leaf_weight=49.438002038094794 46.76331895492546 3.7323576643086067 4.7266622583362441 17.990135497651053 2.894092941348049 8.3343556066273514 58.407319380348532 3.6102637153823696 31.1193964965695 22.628802269933026 8.9948094960837199 40.181656869824366 6.838328214419267 2.6317097996661643
leaf_count=141787 136266 12139 12377 52623 7650 22972 323676 17206 105750 80211 25340 253938 22727 6923
internal_value=0 -0.00101218 -0.000332324 -0.000904175 -0.00139429 -0.000245757 -0.00231857 -0.00108421 0.00183947 0.00118942 0.00353676 -0.00161437 0.000891882 0.00157504
internal_weight=0 247.227 200.463 165.612 138.256 70.1164 68.1397 52.1263 34.8518 27.3555 61.0645 43.7919 9.73242 11.6265
internal_count=1221585 1047535 911269 793380 700792 346739 354053 294116 117889 92588 174050 271144 30377 32263
cat_boundaries=0 23 45 69 91 92 115 138 162 185 209 232 256
cat_threshold=2097280 2 320 4 1048592 0 0 134283264 268439552 0 16842880 2916352 67108864 33554432 16777233 131072 0 0 67108864 0 547389440 64 131072 64 134225952 8 16 0 16424 512 1081344 0 528416 524296 268435456 0 524304 0 262148 83886080 8912896 2112 0 128 524832 0 1644199936 517 4096 65536 24576 1073742088 33554688 262209 0 276 0 4198400 134218240 0 2147483648 0 0 0 268435456 0 4194432 2048 33554432 33555456 32768 2281968672 4096 16777472 128 0 20480 0 1073807424 2 20971520 0 201326592 536870912 0 1107296288 33554432 18874368 524288 0 268435456 6 0 328 335544832 2147483648 131080 1073741824 138 2048 131072 0 0 1 0 2097152 5504 0 6144 537919488 34603008 0 1310720 1048576 8194 2048 0 2048 67108866 278560 268701696 8912896 262144 536870912 128 134619136 16 0 168 0 0 8192 2048 268435472 0 0 536870912 65601 2164260864 17825792 0 0 285212672 2097152 134348832 0 8192 0 2101248 32 8192 4194368 65536 7168 1048576 0 0 0 1024 67108944 2164265536 8192 0 260 0 65536 1073873024 8389632 8388608 4104 0 3221225472 67141632 5 16 2097152 394240 0 262176 16793600 0 32776 0 67108864 4 0 16385 524352 65540 1073741888 144 0 0 536871184 64 3149824 2097152 32768 268439808 8240 0 2181042176 0 0 4096 0 64 0 134479872 0 262144 0 4194305 1073750016 33685505 262208 268435456 0 2147500040 8388612 2147483648 4608 1073741832 131072 0 0 33090 32768 268599296 0 8388608 4 553648128 131072 33685514 2097152 0 2 134217728 4096 134283264 0 33820672 268500992 32770 2415935744 32 536870912 256 2048 0 0 0 0 16777232 262144
is_linear=0
shrinkage=0.02


Tree=20
num_leaves=15
num_cat=8
split_feature=42 42 52 42 42 42 42 1 42 19 37 22 40 4
split_gain=2.94684 0.858261 0.552767 0.667261 0.505935 0.243084 0.159113 0.0894321 0.0983338 0.0703099 0.0620917 0.0534307 0.0549182 0.0445745
threshold=0 1 2 3 4 5 6 4.5000000000000009 7 182.50000000000003 0.1640945 0.15754650000000001 0.066041500000000017 2.5000000000000004
decision_type=9 9 1 9 9 9 9 2 9 2 8 10 8 2
left_child=11 10 3 13 -4 -5 -6 8 -8 -9 -2 12 -1 -3
right_child=1 2 4 5 6 -7 7 9 -10 -11 -12 -13 -14 -15
leaf_value=0.004551244019540282 -0.0043891132424454683 0.0019696523377544834 -0.0015557774505155573 0.00066424832379859881 -0.00077530976500804168 -0.0025847833120303991 -0.00096122076964966566 -0.00032899774177779493 0.00099406501149993222 0.0023218406185442145 -0.0018718409152801293 0.0011989299068968224 0.0012702830411936395 -0.00040881916634551992
leaf_weight=46.424504729454348 28.622501863026159 20.718308854163951 18.858616303325949 10.400199287307629 7.6122364989139299 67.483470684920405 4.5564139970093862 3.0382093116926887 7.1459965812297224 58.895290333207804 18.137024224892549 7.4137508448557901 7.1211007702145528 1.8462017657869818
leaf_count=133914 78425 51182 44618 32403 31633 374472 8865 25649 44431 291207 57841 19552 22981 4412
internal_value=0 -0.0009936 -0.000323601 -0.00128605 0.000683876 -0.00211372 0.00136517 0.00168021 0.000192579 0.00217694 -0.00309073 0.00347983 0.00426066 0.001274
internal_weight=0 247.314 200.555 100.448 100.107 77.8837 81.2481 73.6359 11.7024 61.9335 46.7595 60.9594 53.5456 22.5645
internal_count=1221585 1045138 908872 462469 446403 406875 401785 370152 53296 316856 136266 176447 156895 55594
cat_boundaries=0 23 45 46 69 92 115 138 161
cat_threshold=2097280 2 262464 0 1048592 0 0 134283264 268439552 0 16842880 2916352 67108864 100663296 16777217 131072 0 0 67108864 0 547389440 64 131072 64 134225952 8 16 0 16424 512 1081344 0 528416 524296 268435456 0 524304 0 262148 83886080 8912896 2112 0 128 524832 9 33556480 0 2281703457 4102 17056000 0 8388608 262144 0 65664 131074 8192 0 134217728 16 0 0 0 16777216 655360 0 268435456 114784 2048 4 2049 32768 4211712 65536 9437184 258 0 131200 67141632 132096 0 0 0 1048576 0 268451840 268435456 134218056 2415919106 67108864 1 1024 0 536876032 335544320 32 268701696 524290 8192 536870912 0 2281709568 4325392 0 8 536870912 0 1073750016 268437504 270532624 134217728 65536 0 262144 134217728 1073741824 16908288 8454144 65666 1024 131072 33554440 2097154 2 2147491840 256 1074790400 0 262144 10 270348 67108864 0 2097152 0 0 96 33554432 64 134222336 335544320 277088288 0 65544 1073741888 4 16384 4194304 4 16 1073741824 1280 8388608 0 536870912 0 4 1310720 8650752 256
is_linear=0
shrinkage=0.02


Tree=21
num_leaves=15
num_cat=8
split_feature=42 42 42 42 19 45 42 42 42 5 11 23 22 40
split_gain=2.86826 0.835771 0.465827 0.241562 0.155072 0.17352 0.163033 0.120041 0.0814946 0.0755393 0.0678656 0.058315 0.0543292 0.0607567
threshold=0 1 2 3 1386.5000000000002 4 5 6 7 1.5000000000000002 1.5000000000000002 0.35393950000000002 0.15754650000000001 0.066041500000000017
decision_type=9 9 9 9 2 9 9 9 9 2 2 8 10 8
left_child=12 -2 9 10 8 6 -6 -7 -5 -3 -4 -10 13 -1
right_child=1 2 3 4 5 7 -8 -9 11 -11 -12 -13 -14 -15
leaf_value=0.004536770328470165 -0.0030526397513160552 0.0021080071178641723 0.0013455983712439288 0.00042026900748308368 -0.0010075418986327449 0.00053930188292027948 0.0011956580200379009 -0.0016081590217688275 5.4386518553750433e-05 0.00014726849134879302 -0.00052390879996799995 -0.0029980522017057634 0.0011846278384423686 0.0012103298290363773
leaf_weight=45.789910012523286 46.468625198830495 28.229549444829612 21.65224773492249 7.356394217051732 8.5102060704663494 10.069879136384714 22.934024642105037 48.116875852516714 2.4908425652496171 11.333155113076652 7.8273713471855109 33.110559526589377 7.4135566249039249 6.9532303414467043
leaf_count=128928 133481 83365 60377 22707 24667 43784 82525 175459 91137 33707 23828 275838 19735 22047
internal_value=0 -0.000976104 -0.000319304 -0.00079983 -0.00115705 -0.000700755 0.000466551 -0.00120215 -0.00217805 0.00132789 0.000655196 -0.00224994 0.00345405 0.00424101
internal_weight=0 248.1 201.631 162.068 132.589 89.631 31.4442 58.1868 42.9578 39.5627 29.4796 35.6014 60.1567 52.7431
internal_count=1221585 1050875 917394 800322 716117 326435 107192 219243 389682 117072 84205 366975 170710 150975
cat_boundaries=0 23 45 68 91 92 110 133 155
cat_threshold=2097280 2 262464 0 1048592 0 0 134283264 268439552 0 16842880 2916352 67108864 33554432 16777233 131072 0 0 67108864 0 547389440 64 131072 64 134225952 0 16 0 16424 512 1081344 0 528416 524296 268435457 0 524304 0 262148 83886080 8912896 2112 0 128 524832 33554432 32768 2348815392 4100 17039616 0 2 4096 0 65600 2 20979712 0 67108864 536870912 0 33554432 0 16777216 655360 65536 268435456 294914 1024 33554504 268435456 2415919106 24584 128 0 278528 131072 16384 132100 16 0 134217736 0 0 1073741856 33589248 2097152 0 0 0 90176 2115 0 1073741824 141320 541130753 4194432 8454144 1114112 0 2 1073741824 67108864 1284 524304 4096 262528 8388608 266240 16385 0 0 2048 4194305 34 1024 1048576 0 2 1073741824 0 67108868 128 266240 1280 0 397312 1024 0 768 2 1048576 32 0 1073741824 128 0 0 1342574592 524288 2097472 1048576 4 134217728 0 2147484160 416 4096 1048576 534528 1048896 536870928 1024 0 537133056
is_linear=0
shrinkage=0.02


Tree=22
num_leaves=15
num_cat=11
split_feature=42 42 43 42 43 23 43 42 43 42 42 37 43 22
split_gain=2.77173 0.803164 0.717862 0.449844 0.22591 0.149733 0.18733 0.14126 0.129376 0.0782878 0.0756447 0.0606792 0.11816 0.0513157
threshold=0 1 2 3 4 0.37402250000000009 5 6 7 8 9 0.1640945 10 0.15754650000000001
decision_type=9 9 9 9 9 8 9 9 9 9 9 8 9 10
left_child=13 11 7 8 10 6 -6 -3 -4 -7 -5 -2 -13 -1
right_child=1 2 3 4 5 9 -8 -9 -10 -11 -12 12 -14 -15
leaf_value=0.0041668282833186351 -0.004242484118674986 -0.00091653365198628254 -0.00085554520793688416 -0.00074921250834368471 0.00086379478054545008 0.00051207408593674649 -0.0013092731243562459 0.0022800679670956421 0.0017786016450443039 -0.0024116121834137551 0.0013728989360380379 0.00090094827495008846 -0.0018769630614578002 0.0011704972634418945
leaf_weight=52.733801006916671 28.797013413946679 3.2531698003286249 4.0097824434528482 2.2476571280790858 11.953795235997536 5.6730816287770756 53.371624992777136 32.853619332462664 20.457111829058981 56.875246551461281 10.466239489460728 2.5573895111365248 15.575578080387498 7.4133594939157836
leaf_count=150975 81654 9859 10563 4023 40880 25929 302968 119073 82406 283465 32702 5996 51357 19735
internal_value=0 -0.000960569 -0.000313484 -0.000889413 -0.00133008 -0.0016027 -0.00094183 0.00180758 0.00118581 -0.00240937 0.000795284 -0.00298651 -0.00179704 0.00339463
internal_weight=0 248.091 201.161 165.055 140.588 127.874 65.3254 36.1068 24.4669 62.5483 12.7139 46.93 18.133 60.1472
internal_count=1221585 1050875 911868 782936 689967 653242 343848 128932 92969 309394 36725 139007 57353 170710
cat_boundaries=0 23 45 69 88 112 136 158 182 204 227 250
cat_threshold=2097280 2 262464 0 1048592 0 0 134283264 268439552 0 16842880 2916352 67108864 33554432 16777233 131072 0 0 67108864 0 547389440 64 131072 64 134225952 8 16 0 16424 512 1081344 0 528416 524296 268435457 0 524304 0 4 83886080 8912896 2112 0 128 524832 0 1660977152 517 4224 65536 24576 264 33554688 262208 0 276 0 4198400 134218240 0 2147483648 0 0 0 268435456 0 4194320 2048 33554432 33555456 32768 2281706528 4102 17170688 128 0 20480 536870912 1073807424 2 20979712 0 134217728 536870912 0 33554464 33554432 16777216 2147483648 0 0 2147484160 8192 0 2147483648 272629762 1107304448 0 536879104 65568 0 4342016 69632 18432 1048576 134479872 256 0 0 896 16 8192 134217728 5120 524288 1107296256 33591808 4194308 402653216 2048 0 262144 2625536 0 2 64 16 1024 0 2147483648 0 0 1028 64 2165309440 67108864 0 33024 0 98304 1073873026 8389632 0 8 536870912 1073741832 32768 16777216 16 2149580800 394240 0 262176 16793600 16777216 32776 0 67108864 2147483648 16384 2097152 2147549188 131072 144 134217728 134217730 536871168 0 4096 270536704 32770 2415919360 8192 0 3221225472 1207961600 0 0 0 64 16 262144 0 262400 512 268435456 0 268701696 528392 8192 131072 16384 134217728 16 2147488256 2101416 0 0 524288 32832 2097168 1024 65536 536870912 2048 1073741888 0 67108864 4211842 0 8 33554692 0 0 2151711744 0 4096 3145728 0 0 0 83902464 0 4194624 2 67108866 65536 536870912 17408 16 1375731712 17334816 0 1073815808 4096 536870912 268697600 270532608 128 4112 4194308 0 2147483648 1073741824 0 32 0 0 67108864 16
is_linear=0
shrinkage=0.02


Tree=23
num_leaves=15
num_cat=6
split_feature=42 42 42 42 19 42 11 42 39 31 33 5 4 22
split_gain=2.64266 0.776999 0.442235 0.227212 0.154448 0.118571 0.0753757 0.0737704 0.0525335 0.0477952 0.0612739 0.0432975 0.0425122 0.0408439
threshold=0 1 2 3 1386.5000000000002 4 1.5000000000000002 5 0.15195700000000001 9665.5000000000018 0.13473150000000003 1.5000000000000002 2.5000000000000004 0.15754650000000001
decision_type=9 9 9 9 2 9 2 9 8 2 10 2 2 10
left_child=13 -2 11 6 7 12 -4 -5 -9 10 -7 -3 -6 -1
right_child=1 2 3 4 5 9 -8 8 -10 -11 -12 -13 -14 -15
leaf_value=0.0039804625184765852 -0.0029471883288770717 0.0020170032190940388 0.001385585319803497 0.00038753216412734111 0.00073896836758362175 0.00012835330152823074 -0.00062751837959927202 -0.0029864334166313615 -0.00027263180459226089 0.00037899495967326171 -0.0016173305473465886 0.00035527509721440634 -0.0010073879614063807 0.0011565353537920796
leaf_weight=54.485692555088733 46.745855796411568 26.905376756960834 21.104211800396119 7.5183240627686381 27.07901863132648 8.6657585130073524 7.0384638340244896 31.320987460273443 4.2554816372919495 4.9259981443174174 47.631940028518734 10.89386407440294 2.2347431108635361 7.4131596568262657
leaf_count=162671 136266 74804 56707 23438 51096 83814 21692 319642 48464 3942 184460 30361 4282 19946
internal_value=0 -0.00095216 -0.000311509 -0.000774102 -0.0011132 -0.000661417 0.00066327 -0.00212636 -0.00219457 -0.00104439 -0.00136007 0.00132578 0.000370476 0.00326581
internal_weight=0 246.32 199.574 161.775 133.632 90.5375 28.1427 43.0948 35.5765 61.2237 56.2977 37.7992 29.3138 61.8989
internal_count=1221585 1038968 902702 797537 719138 327594 78399 391544 368106 272216 268274 105165 55378 182617
cat_boundaries=0 23 45 68 91 114 136
cat_threshold=2097280 2 320 4 1048592 0 0 134283264 268439552 0 16842880 2916352 67108864 100663296 16777233 131072 0 0 67108864 0 547389440 0 131072 64 134225952 8 16 0 16424 512 1081344 0 528416 524296 268435456 0 524304 0 262148 83886080 8912896 2112 0 128 524832 33554432 32768 2349077536 4096 17039616 0 2 4096 0 65600 2 20979712 0 0 536870912 0 33554432 0 16777216 655360 65536 268435520 294914 1024 33554496 268435456 2415919106 24584 4224 0 278528 131072 16384 134349828 16 0 134217736 0 0 1073741824 33589248 2097152 0 0 0 90176 262144 1032 536871425 71303168 131104 1024 0 8192 536870912 1073741824 270336 67108864 4096 1073745920 1280 0 4128 536870912 0 134217984 262146 1048576 32 0 1073741824 128 33554432 0 1342570496 524288 2097472 1048576 4 0 0 2147484160 416 4096 1048576 534560 1048896 536870928 1024 0 537133056
is_linear=0
shrinkage=0.02


Tree=24
num_leaves=15
num_cat=7
split_feature=23 27 20 43 43 43 25 43 25 43 43 20 34 43
split_gain=1.62059 0.679646 0.501315 0.410342 0.301092 0.156929 0.146293 0.138149 0.123787 0.131728 0.119236 0.0747389 0.0855407 0.0997933
threshold=0.36927750000000009 0.54554100000000016 0.497504 0 1 2 0.46190100000000006 3 0.51744400000000013 4 5 0.46339850000000005 5756.5000000000009 6
decision_type=8 10 10 9 9 9 10 9 8 9 9 8 2 9
left_child=1 3 5 -1 -4 -2 -3 -5 10 -10 -6 -9 -13 -14
right_child=2 6 4 7 8 -7 -8 11 9 -11 -12 12 13 -15
leaf_value=-0.0016055837940300865 0.00075971935857966722 -0.00012972008764208413 0.0013937267395075174 -0.0006826558740586705 0.00079537069367697881 -0.0028588633463107987 0.0031937903181536308 -0.00071895898747294056 0.0012218997723309187 -0.00072619245306041413 -0.001862176188502727 0.0021392636720051171 -0.00086663485069841581 0.00098639451028606018
leaf_weight=20.326244949122408 5.4049869727145463 5.3729093906234828 14.940822458974429 11.023887531440876 4.0819623239774545 54.065717005625665 57.337807847772503 3.1451281951274996 5.8043960431855668 27.470620197810142 36.317370816027641 40.292430372997089 5.6737579661406983 16.942031637310695
leaf_count=58393 15129 23184 56389 31464 13100 167521 268424 13751 19889 192683 138168 186131 7792 29567
internal_value=0 0.0013802 -0.00147645 0.000294352 -0.000470825 -0.00282217 0.00292049 0.000943359 -0.00096765 -0.000141632 -0.00177062 0.00129084 0.00162695 0.00049214
internal_weight=0 160.114 148.086 97.4035 88.6152 59.4707 62.7107 77.0772 73.6743 33.275 40.3993 66.0533 62.9082 22.6158
internal_count=1221585 618706 602879 327098 420229 182650 291608 268705 363840 212572 151268 237241 223490 37359
cat_boundaries=0 24 47 71 94 117 141 165
cat_threshold=0 9 131098 2891904 524416 128 8192 2097152 805306384 32 262144 2281701376 32768 4 8192 134217728 0 0 32896 2097152 0 1073741824 0 262144 2151677952 537919488 513 2625536 65568 16384 1073742088 33554436 64 32 134222084 0 4198400 4 65536 0 0 0 32 0 0 1048704 2064 0 1056 0 2147483780 65536 0 1073741825 268439552 167772160 0 20 128 1052672 4194848 0 17408 532480 134217728 0 262184 268435456 0 2048 33554432 34078752 536870912 134217728 1342242816 335544400 4194304 1073741825 0 524544 268435456 402653184 268435488 0 524288 0 16777216 1073741952 0 32 4096 0 1048640 524320 167772160 33554432 4 1073741952 8192 2105344 268435456 0 1074069520 536870912 67108872 0 16785408 1 0 2147484672 4096 131072 896 0 8389632 4194368 524288 256 1073905697 2 0 1073741824 0 640 4194560 134225920 262144 536870912 6304 1048592 136314944 0 150996992 33554432 0 0 8192 0 512 0 67108864 671092736 32768 4160 2155872256 2181038112 134234132 402653184 4352 0 536870912 0 0 4198400 2415919104 16 0 0 0 512 268435456 0 0 2147483656 134217728
is_linear=0
shrinkage=0.02


Tree=25
num_leaves=15
num_cat=14
split_feature=42 42 43 42 52 42 42 43 42 43 42 43 43 43
split_gain=2.52099 0.742543 0.670169 0.439778 0.265164 0.373091 0.347822 0.180652 0.156163 0.135445 0.100529 0.0919478 0.085943 0.0649905
threshold=0 1 2 3 4 5 6 7 8 9 10 11 12 13
decision_type=9 9 9 9 1 9 9 9 9 9 9 9 9 9
left_child=-1 13 8 9 5 12 11 -7 -3 -4 -9 -6 -5 -2
right_child=1 2 3 4 6 7 -8 10 -10 -11 -12 -13 -14 -15
leaf_value=0.0032132693044374478 0.00073641335907202862 -0.00093791337944928337 -0.00082956583892182599 -0.00071977734669669284 -0.00081038090823351192 0.00099209465725697238 -0.0027654855863396971 0.0005832487652815794 0.0022664306006059572 0.0018304731265938474 -0.0019110990366699274 0.0014850406607143382 0.002113608792041029 -0.0032679487368231551
leaf_weight=60.914841271919713 3.352529121859535 3.6116749977328748 4.7097173342570899 3.2023007275765711 2.5599501668565092 6.2267972638645919 56.927516972160689 6.2199674185099818 32.004578308707728 19.564240211623641 41.17291420295296 9.0353776131978059 15.117918735463746 43.565211358441395
leaf_count=176447 8005 11072 13008 8424 5942 18027 317192 25504 119304 72885 245579 23728 45466 131002
internal_value=0 -0.000925342 -0.00030098 -0.000856216 -0.0012917 -0.000268698 -0.00212458 -0.00107719 0.00175984 0.00119464 -0.00152222 0.000807031 0.00151727 -0.00287273
internal_weight=0 247.271 200.353 164.737 140.463 71.9399 68.5228 53.6197 35.6163 24.274 47.3929 11.5953 18.3202 46.9177
internal_count=1221585 1045138 906131 775755 689862 343000 346862 289110 130376 85893 271083 29670 53890 139007
cat_boundaries=0 23 45 68 90 91 114 137 160 182 206 226 250 274 298
cat_threshold=2097280 2 262464 0 1048592 0 0 134283264 268439552 0 16842880 2916352 67108864 100663296 16777217 131072 0 0 67108864 0 547389440 64 131072 64 134225952 8 16 0 16424 512 1081344 0 528416 524296 268435457 0 524304 0 4 83886080 8912896 2112 0 128 524832 0 1660977152 517 4224 65536 24576 264 256 262208 0 276 32 4198400 134218240 0 2147485696 0 0 256 268435456 0 4194304 2048 33555456 32768 2281706528 4198400 16908544 128 0 20480 0 1073807424 2 20979712 0 134217736 16 0 1107296288 33554432 16777216 0 0 268435456 6 0 328 335544832 2147483648 8 1073741824 138 2048 131072 0 0 0 0 2097152 2147620224 0 6144 536870976 34603008 524288 1310720 1048576 2 2048 0 2048 67108866 278560 268701696 8912896 262144 536870912 128 2282094592 16 0 0 0 0 8192 2048 270532624 131072 0 536870912 327777 2147483648 0 0 0 285245440 2097152 134414368 4194308 33562624 262144 2109504 128 8192 4194368 65536 4096 1048576 0 0 0 0 67108880 2164265536 33554432 256 0 4292608 1073873024 8389632 0 33558536 536870912 1073741832 32768 16777216 16 2149580800 394240 0 262144 83902464 0 32776 2 67108864 0 16385 2621504 0 1073872896 134217872 134217728 2097152 536871184 0 35655680 2097152 32768 2415923460 8192 134217728 2147483648 0 128 4096 0 0 1073741824 262144 0 33554432 128 1 1409294336 34734081 262208 2097152 0 2149597192 8392708 2147483648 4608 1073741824 536870912 0 0 1081600 32768 268566528 536871424 4096 33685522 2162688 67108864 6 134217728 6144 402653184 0 302256128 268500992 16 256 0 0 256 2048 160 0 0 0 16777216 262144 536870912 16388 4104 795648 536875120 134217856 1 2097152 536870912 805306368 268435520 2147483776 0 0 0 134217728 4096 0 32768 0 0 67108864 266240 262144 0 132128 0 536870916 131072 67108864 8448 134221824 33554432 268435456 67108880 69760 4144 4194304 0 2147483648 1082138880 0 1572896 0 0 1048576 0 67108864
is_linear=0
shrinkage=0.02


Tree=26
num_leaves=15
num_cat=6
split_feature=42 42 42 42 34 42 42 11 28 39 37 23 31 33
split_gain=2.43907 0.729116 0.405408 0.212952 0.145519 0.113454 0.0740485 0.0731161 0.0723792 0.0593935 0.0563603 0.0540651 0.0479414 0.0602201
threshold=0 1 2 3 1386.5000000000002 4 5 1.5000000000000002 0.20419150000000005 -0.0017729999999999688 0.1640945 0.35393950000000002 9665.5000000000018 0.1343965
decision_type=9 9 9 9 2 9 9 2 10 10 8 8 2 10
left_child=8 10 -3 7 6 -6 -5 -4 -1 -10 -2 -8 13 -7
right_child=1 2 3 4 5 12 11 -9 9 -11 -12 -13 -14 -15
leaf_value=0.0040066048071613876 -0.0040123905510448315 0.0012580116451517912 0.00135974851309461 0.00039198884599623819 0.00036824677363642914 0.00016916625367798942 7.0326161104358861e-05 -0.00062178769058376698 0.0019382339503676669 -0.00053184105967721263 -0.0016385570131915912 -0.0028352343548687276 0.00040336288679437886 -0.0015688156866480324
leaf_weight=49.383373976325046 29.75286039355046 38.666907588663761 21.103503178961923 7.5383685392788724 29.609969535493089 8.3130293759452112 2.4907384456814827 7.038305610389453 8.6730756899899593 2.9462602992647602 16.694501822903792 33.060131209586679 4.9645563875092185 47.930725392150727
leaf_count=141787 83680 113732 56707 23650 55616 82453 92309 21692 23697 8566 49801 275585 3973 188337
internal_value=0 -0.000909183 -0.000293742 -0.000739221 -0.00106702 -0.00062973 -0.00204927 0.000649229 0.00315999 0.00134033 -0.0028478 -0.00212425 -0.00100733 -0.0013191
internal_weight=0 247.164 200.716 162.049 133.908 90.8183 43.0892 28.1418 61.0027 11.6193 46.4474 35.5509 61.2083 56.2438
internal_count=1221585 1047535 914054 800322 721923 330379 391544 78399 174050 32263 133481 367894 274763 270790
cat_boundaries=0 23 45 68 91 114 136
cat_threshold=2097280 2 320 4 1048592 0 0 134283264 268439552 0 16842880 2916352 67108864 33554432 16777233 131072 0 0 67108864 0 547389440 64 131072 64 134225952 0 16 0 16424 512 1081344 0 528416 524296 268435457 0 524304 0 262148 83886080 8912896 2112 0 128 524832 33554432 32768 2349077536 4096 17039616 0 2 4096 0 65600 2 20979712 0 67108864 536870912 0 33554432 0 16777216 655360 65536 268435456 294914 1024 33554496 268435456 2415919106 24584 4224 0 278528 131072 16384 134349828 16 0 134217736 0 0 1073741824 33589248 2097152 0 0 0 90176 262144 1032 536871425 71303168 131106 1024 0 8192 536870912 1073741824 270336 67108864 4096 1073745920 1280 0 4128 536870912 0 134217984 262146 1048576 32 0 1073741824 128 0 0 1342570496 528384 2097472 1048576 4 0 0 2147484160 416 4096 1048576 534560 1048896 536870928 1024 0 537133056
is_linear=0
shrinkage=0.02


Tree=27
num_leaves=15
num_cat=8
split_feature=23 27 20 43 43 43 36 43 27 43 43 25 43 43
split_gain=1.47081 0.622397 0.463594 0.445855 0.289178 0.172678 0.152738 0.166771 0.134695 0.120804 0.108848 0.0871431 0.0811105 0.0808191
threshold=0.36927750000000009 0.5715690000000001 0.497504 0 1 2 0.36331100000000005 3 0.48896200000000006 4 5 0.62558400000000003 6 7
decision_type=8 10 10 9 9 9 8 9 10 9 9 8 9 9
left_child=1 3 5 -1 -4 -2 8 -8 10 -6 -5 12 -11 -10
right_child=2 -3 4 6 9 -7 7 -9 13 11 -12 -13 -14 -15
leaf_value=-0.0014261355501977474 0.0007686444572399864 0.003422424742265773 0.0013802960337574817 -0.0010503002890265285 0.00076954531351572386 -0.0027706758777244203 0.00132602011130115 -0.00090577872997808664 -0.00061806341388874182 0.00055699339511916708 0.00085893281226328351 8.8878178102625555e-05 -0.0017727506423885404 0.0021984499317278146
leaf_weight=23.279442499944665 5.8601371170497218 37.085987001434205 14.939862734201208 4.2944257891509112 7.1931130227367532 53.595005401894021 6.8640638272814165 19.675613781730348 4.3077292932429128 5.4889699148150362 18.982377732913577 12.510476845090208 48.475101440356603 45.593286545791827
leaf_count=62580 16121 192624 56389 11641 28953 166529 15862 73645 10950 19880 69922 97827 217180 181482
internal_value=0 0.00131588 -0.00140578 0.000571839 -0.000439628 -0.00269987 0.00111391 -7.66097e-05 0.00166545 -0.000930197 0.000315582 -0.00122194 -0.00171483 0.00220903
internal_weight=0 160.083 148.063 122.997 88.6075 59.4551 99.7175 26.5397 73.1778 73.6677 23.2768 66.4745 53.9641 49.901
internal_count=1221585 618706 602879 426082 420229 182650 363502 89507 273995 363840 81563 334887 237060 192432
cat_boundaries=0 24 47 71 95 117 139 162 186
cat_threshold=0 9 131082 11280384 67633152 144 1 0 268435472 32 262144 2281701408 32768 0 8192 134217728 0 0 32896 2101248 0 0 262144 134479872 2151677952 537919488 513 2625536 65568 16384 1073742088 33554436 64 32 134222084 0 4198400 4 65536 0 0 0 32 0 0 1048704 2064 0 1056 0 2147487876 65536 0 1073741825 268439552 167772160 0 20 128 1052672 4194848 0 17408 8192 134217728 0 262184 268435456 512 2048 33554432 2147483648 1091715072 516 0 50434560 24576 8 0 0 0 3145984 0 4096 512 0 2147484672 0 0 288 0 0 67108992 6144 67117056 167772160 1073741824 4 640 512 8192 640 4194560 1107558400 805306368 603979776 2147565600 17826304 1 0 2147485696 0 0 0 0 8388608 4194816 0 134235136 0 268435460 2164261024 134217732 16785408 2097408 0 33554432 68157440 0 4096 2148016196 0 16843776 33554432 0 768 0 0 1073741952 256 33792 134217728 1073741824 1073741840 201326618 16908289 0 524289 0 0 128 16 140509248 16 16777216 4224 262144 1048576 532480 0 0 512 32 16908288 4096 536870976 1342177280 0 0 0 256 268697600 0 269486080 5242880 269504512 268435456 4096 9344 0 131104 524288 0 1048640 16777216 8192
is_linear=0
shrinkage=0.02


Tree=28
num_leaves=15
num_cat=9
split_feature=42 42 52 42 42 42 42 1 42 42 40 31 35 30
split_gain=2.32123 0.692124 0.511535 0.569237 0.463974 0.2446 0.152583 0.0782409 0.0975397 0.0581375 0.055436 0.0519943 0.0467375 0.0500537
threshold=0 1 2 3 4 5 6 4.5000000000000009 7 8 0.066041500000000017 9055.5000000000018 0.43873050000000008 0.22790850000000004
decision_type=9 9 1 9 9 9 9 2 9 9 10 2 8 8
left_child=10 -2 4 -4 11 -5 -6 8 -8 -9 -1 -3 -7 -14
right_child=1 2 3 5 6 12 7 9 -10 -11 -12 -13 13 -15
leaf_value=0.0038514823469103271 -0.0027584166025650119 -0.0024785387336431152 0.0011830184135168244 0.00061410686639401079 -0.00073145314255305006 -0.0005367798849189204 -0.00094556989886450979 -0.00033541570165078227 0.0010085155601169699 0.0021434901574604688 0.0010926726026090365 0.00014727410432092557 -0.0031307512339242118 -0.00048207639689342552
leaf_weight=51.830302833082811 46.935649118489927 15.528520922157872 22.151393326108533 11.974688112007216 8.2060452098296022 5.9710620521184454 4.5558368886860281 7.4879632842816486 6.9672663226484142 54.81259081403249 8.2652755821055575 2.9040149712427583 55.431413336655169 5.1085575247921531
leaf_count=146807 138526 42373 55490 33456 32335 38045 8865 17263 43906 300597 23903 2386 314322 23311
internal_value=0 -0.000879024 -0.000279362 -0.00120586 0.000684829 -0.00196172 0.00132731 0.00164103 0.000221685 0.00211142 0.00310771 -0.00148707 -0.00245314 -0.00296108
internal_weight=0 248.035 201.099 100.637 100.462 78.4857 82.0297 73.8237 11.5231 62.3006 60.0956 18.4325 66.511 60.54
internal_count=1221585 1050875 912349 464624 447725 409134 402966 370631 52771 317860 170710 44759 375678 337633
cat_boundaries=0 23 45 46 69 92 115 138 161 184
cat_threshold=2097280 2 262464 0 1048592 0 0 134283264 268439552 0 16842880 2916352 67108864 33554432 16777233 131072 0 0 67108864 0 547389440 64 131072 64 134225952 8 16 0 16416 512 1081344 0 528416 524296 268435457 0 524304 0 262148 83886080 8912896 2112 0 128 524832 6 33556480 0 2281703457 4102 17056000 0 8388608 262144 0 65664 131074 4202496 0 134217728 0 0 0 0 16777216 655360 0 268435456 114784 2048 4 2049 32768 4211712 65544 9437184 258 0 131200 67141632 132096 0 0 0 1048576 0 268451840 268435456 134218056 2415919104 67108864 1 1024 0 536876032 335544320 32 268701696 1572866 8192 536870912 0 2281709568 131088 0 8 536870912 0 1073750016 268437504 270532608 134217728 65536 0 262145 134217728 0 16908288 8454144 65666 1024 131072 33554440 2097154 2 2147622912 256 1074790400 0 262144 10 270348 0 0 2097152 2 0 96 33554432 64 134222336 335544320 277088288 0 65544 1073741888 4 16384 4194304 4 16 1073741824 1280 8388608 0 536870912 0 4 1310720 8650752 256 0 1073741824 0 3 0 9699328 524288 262144 603979776 2097153 0 0 524304 17825792 65536 0 1048640 83888130 32 20971520 0 536903682 81920
is_linear=0
shrinkage=0.02


Tree=29
num_leaves=15
num_cat=1
split_feature=20 44 27 25 27 24 24 4 19 38 28 25 22 24
split_gain=1.25015 0.378591 0.323087 0.312308 0.214653 0.135738 0.100982 0.0896909 0.0818515 0.0610193 0.0598 0.052869 0.0624977 0.0485183
threshold=0.50763150000000012 0 0.45855050000000003 0.47849200000000008 0.53685400000000005 0.44746150000000007 0.43237650000000005 2.5000000000000004 3022.5000000000005 0.29080537385050004 0.10696950000000001 0.6113805000000001 0.14170050000000003 0.45556150000000006
decision_type=10 9 10 8 8 8 10 2 2 8 10 8 10 10
left_child=2 7 -1 8 -5 -4 -6 9 -3 11 -7 -2 -13 -12
right_child=1 3 5 4 6 10 -8 -9 -10 -11 13 12 -14 -15
leaf_value=-0.0027133552616106955 -0.00055496021624957604 -0.00088935148929312449 -0.0013209011043257668 0.00072356908889674128 0.00056263432813904036 0.0015523348898362622 0.0034163532618673525 -0.0017429797925881407 0.00094835402617582268 0.0008708177173114795 0.00096125899327519321 -0.00076267071621502285 0.0016667250571644522 -0.00071360975173731717
leaf_weight=51.290860371113169 44.010722524754989 14.983556105362808 35.921031366436495 25.901624099840571 7.9369753859468792 7.0679113529960658 46.640404651736134 6.9409526219655211 13.829644051952226 23.313719853118236 5.5100261033161582 3.2043902924498457 5.9060142698964846 15.652276356702778
leaf_count=146425 130089 77121 116406 92026 85639 21205 175887 35510 25523 232045 14485 16584 15075 37565
internal_value=0 0.000985031 -0.00159986 0.00165855 0.00241065 -0.000577777 0.0030834 -0.000116245 2.50681e-06 0.000115149 0.000424271 -0.000262881 0.000844772 -0.000177156
internal_weight=0 192.668 115.442 109.292 80.479 64.1512 54.5774 83.3758 28.8132 76.4348 28.2302 53.1211 9.1104 21.1623
internal_count=1221585 885499 336086 456196 353552 189661 261526 429303 102644 393793 73255 161748 31659 52050
cat_boundaries=0 1
cat_threshold=2980
is_linear=0
shrinkage=0.02


Tree=30
num_leaves=15
num_cat=14
split_feature=42 42 43 42 52 42 42 43 42 43 43 43 43 42
split_gain=2.195 0.662624 0.666868 0.394247 0.280303 0.335932 0.331661 0.225175 0.137814 0.115415 0.0991675 0.0837303 0.0780034 0.0749595
threshold=0 1 2 3 4 5 6 7 8 9 10 11 12 13
decision_type=9 9 9 9 1 9 9 9 9 9 9 9 9 9
left_child=-1 11 8 9 5 -5 10 -7 -3 -4 -6 -2 -8 -9
right_child=1 2 3 4 6 7 12 13 -10 -11 -12 -13 -14 -15
leaf_value=0.0030282261493852604 0.00072934948564977605 -0.00094885245574291219 -0.00080363817463809388 0.0014925271764726763 -0.00082781855686489374 0.0010400994839281366 0.00056851196899280663 0.00054957651201447658 0.0023724181463442625 0.0016565222008910871 0.0014713155215881658 -0.0030975895776656614 -0.0030377215994650355 -0.0018435524715548499
leaf_weight=59.863047598939936 3.7105357410653577 2.7536766411815914 4.1359001448790274 18.26130516994774 2.9680664687307834 9.0473401792656212 5.1512263145743011 5.0849044121273375 29.46398996479364 21.415345988102008 9.2147613897665295 43.216807295323591 52.897062357072244 40.911093027627551
leaf_count=174478 9120 9009 10403 50912 8429 28547 31026 23971 102149 73754 29681 129406 290957 249743
internal_value=0 -0.000852951 -0.000267394 -0.000795712 -0.00120745 -0.000196839 -0.00204201 -0.000956911 0.0018773 0.00110834 0.000763469 -0.00269163 -0.00266668 -0.0015089
internal_weight=0 248.232 201.305 169.087 143.536 73.3046 70.2311 55.0433 32.2177 25.5512 12.1828 46.9273 58.0483 45.996
internal_count=1221585 1047107 908581 797423 713266 353173 360093 302261 111158 84157 38110 138526 321983 273714
cat_boundaries=0 23 45 68 90 91 114 137 161 183 207 231 255 277 300
cat_threshold=2097280 2 262464 0 17825808 0 0 134283264 268439552 0 16842880 2392064 67108864 100663296 16777217 131072 0 0 67108864 0 547389440 64 131072 64 134225952 8 16 0 16416 512 1081344 0 528416 524296 268435457 0 524304 0 262148 83886080 8912896 2112 0 128 524832 0 1660977152 516 4096 65536 24576 264 256 33816640 0 260 65536 4198400 134218240 65536 2147485696 0 134217728 0 268435456 0 4194304 2064 33555456 32768 2147488800 4098 393472 128 0 4096 536870912 1073807424 2 21495808 0 134217736 16 0 1107300384 33554432 16777216 0 0 268435456 6 0 328 335544832 2147483648 8 1073741824 138 18432 131072 0 0 0 0 2097152 537007488 0 2048 536870912 34603008 4194304 1310720 1048576 8194 2048 0 2049 335544324 16416 268701696 9961472 262144 0 128 2281840640 131088 0 128 0 0 8192 2048 270532624 0 0 536870912 65601 2164261376 0 0 33554560 268435456 0 131104 4194308 1073750016 0 2101264 4128 8192 4194624 0 4096 0 0 0 0 1024 67109072 2147488256 270336 0 256 0 4227072 131200 8389632 0 33558536 536870912 1073741832 32768 16777216 4112 2097152 394240 0 264224 16793600 0 4194312 2 603979778 0 16384 2621504 0 131072 16 65536 2097152 16 2 2101248 271060992 32768 268439808 8192 134221824 33558528 2048 4227072 4096 1073741824 0 524288 262144 536870912 0 33689611 2162692 131072 6 134225920 4096 671154176 0 266240 32768 32770 320 0 0 0 2048 0 0 0 1088 16777216 262144 0 148512 0 536870916 131072 67108864 8448 134221824 0 268435456 67108880 128 4128 4194308 4096 2147483648 1082138880 0 524320 0 1073741824 1048576 0 67108864 2717909248 131076 134217729 2147484160 512 0 3288334848 33554432 1073741824 536870912 671092736 2147483648 16777216 4194304 16 0 50331648 67371008 0 64 0 256 0 33554432 128 4194305 1073750016 34734081 64 268435456 0 16384 8392708 2147483648 4608 1073745920 0 0 262144 1081664 134250496 268468224 0 8388608 4
is_linear=0
shrinkage=0.02


Tree=31
num_leaves=15
num_cat=8
split_feature=20 52 43 25 27 43 43 27 43 43 43 19 43 24
split_gain=1.17182 0.369376 0.352866 0.278913 0.268518 0.208237 0.194742 0.189312 0.224254 0.17511 0.146335 0.0900912 0.0841046 0.0744695
threshold=0.50763150000000012 0 1 0.47641300000000003 0.47406550000000008 2 3 0.53853800000000007 4 5 6 416.50000000000006 7 0.45178150000000006
decision_type=10 1 9 8 10 9 9 8 9 9 9 2 9 10
left_child=1 4 -2 6 5 -1 -4 8 -5 -9 -6 -11 -8 -3
right_child=2 13 3 7 10 -7 12 9 -10 11 -12 -13 -14 -15
leaf_value=0.0010586140377086021 -0.0010786589796011341 -0.003365675753138014 0.001537187586823336 -0.0012157940320883457 -0.0009890904965518608 -0.0016963855142484658 0.00073630729339453486 -0.00071126241703059381 0.0012487294178021324 0.00029356099008882993 0.0015409137280258309 0.0032100946174404483 -0.00092262115022948184 -0.0012148113315036848
leaf_weight=6.3905149340389045 21.351222579686731 39.363161349401821 10.166945976900971 8.2466090765311097 3.8433272349997023 26.964453101442686 5.9815391742068265 6.8884452459980894 41.086766496172416 5.7033435676869635 21.939462759548491 55.308428696935678 37.912774862888512 16.927097054530201
leaf_count=14149 69072 118265 30024 29447 8871 78858 17403 30900 168716 84173 67152 304280 151484 48791
internal_value=0 -0.00154624 0.000956506 0.00122526 -0.000138402 -0.00126564 9.00206e-05 0.00182391 0.000768848 0.00248517 0.00124364 0.00258825 -0.000566601 -0.00246807
internal_weight=0 115.428 192.646 171.295 59.1378 33.355 54.0613 117.234 49.3334 67.9002 25.7828 61.0118 43.8943 56.2903
internal_count=1221585 336086 885499 816427 169030 93007 198911 617516 198163 419353 76023 388453 168887 167056
cat_boundaries=0 1 25 48 71 92 115 139 161
cat_threshold=6 0 1 8 327684 285212672 0 32 0 805306640 0 262144 268435456 32768 2415984640 8192 536870912 8456 0 0 2359296 0 1073741824 1074266336 134217728 0 1090523169 0 1107296384 268500992 4 1073807648 2 8208 268697600 276 128 4194304 4194304 0 0 4096 0 256 0 0 1073741952 3072 553648640 1644167168 512 0 102960 0 131336 256 192 0 4 4096 4096 134217792 69632 2147486720 0 0 0 0 1024 128 2048 553648128 134238216 134217730 268967936 67142160 16 134225920 4096 532608 34 268435456 0 8192 68 0 134283264 128 0 0 0 4 4096 16777216 2097152 41943040 4128 3221225480 16777216 0 134217728 8192 17302528 2150105120 16 136314880 0 268440576 0 1073741824 131072 524288 1024 0 263168 4194304 536870912 2101258 2147491840 16 2147483648 8 138543106 17 8192 0 2281703424 0 0 8224 16777216 4096 2048 32768 4096 0 67108864 0 134479872 0 17956904 655360 4096 67117056 8216 16777344 37748736 270337 0 0 3164192 16777232 131072 2147483648 65536 0 2147483648 0 0 0 16
is_linear=0
shrinkage=0.02


Tree=32
num_leaves=15
num_cat=4
split_feature=23 27 20 52 52 44 24 45 11 1 21 23 27 7
split_gain=1.28871 0.543587 0.403855 0.212524 0.164071 0.126171 0.127707 0.070838 0.0769828 0.0701472 0.068721 0.0641654 0.0573017 0.0530177
threshold=0.36927750000000009 0.5715690000000001 0.497504 0 1 2 0.49996600000000008 3 3.5000000000000004 4.5000000000000009 0.2392465 0.38072150000000005 0.45855050000000003 1.0000000180025095e-35
decision_type=8 10 10 1 1 9 8 9 2 2 10 10 10 2
left_child=1 4 12 9 -1 -6 7 -7 -9 -4 -3 -5 -2 -11
right_child=2 10 3 11 5 6 -8 8 -10 13 -12 -13 -14 -15
leaf_value=-0.00090462031965047208 -0.0031004638253936431 0.003553735461162551 -0.00075619995868652788 -0.00014952338437291155 -0.00040637917950050084 -9.7016990957432534e-05 -0.0010109536882867867 0.002168737215360924 9.4457261981955295e-06 -0.00016132970113652529 0.00060681417709974514 -0.0018199534102276 -0.0013466099501956287 0.0014486703182795982
leaf_weight=16.107116562242833 34.351187827523049 31.029087024865248 7.2851388301625581 13.453847632581342 23.168174416980438 17.321943366074404 5.6349226204702765 53.242291372220947 7.498517576356277 9.9198732511427163 6.0312077058835447 32.492295418467435 25.079012641370412 25.445663658581729
leaf_count=44669 95901 180168 31490 64439 88339 58299 20413 185840 28522 51502 12456 151885 86749 120913
internal_value=0 0.00123384 -0.00131412 -0.000412245 0.000538334 0.000796223 0.00114028 0.00148435 0.00166925 0.000562156 0.0032033 -0.00116486 -0.00252229 0.00103303
internal_weight=0 160.033 148.027 88.5968 122.973 106.866 83.6977 78.0628 60.7408 42.6507 37.0603 45.9461 59.4302 35.3655
internal_count=1221585 618706 602879 420229 426082 381413 293074 272661 214362 203905 192624 216324 182650 172415
cat_boundaries=0 1 2 3 4
cat_threshold=6 1 516 2564
is_linear=0
shrinkage=0.02


Tree=33
num_leaves=15
num_cat=10
split_feature=23 44 43 43 20 43 43 43 52 43 43 38 43 39
split_gain=1.24222 0.475657 0.439528 0.362659 0.328631 0.171774 0.152644 0.132461 0.0898099 0.0809407 0.0751794 0.0724449 0.0607258 0.0521701
threshold=0.36927750000000009 0 1 2 0.49452500000000005 3 4 5 6 7 8 0.2543244230815 9 0.16532550000000004
decision_type=8 9 9 9 10 9 9 9 1 9 9 10 9 10
left_child=1 7 11 -3 -4 -6 -5 -1 10 -10 -7 -2 -8 -9
right_child=2 3 4 6 5 8 12 13 9 -11 -12 -13 -14 -15
leaf_value=-0.00068132267761977295 -2.4057270946813712e-05 -0.0017091171906716586 -0.0029904061114755238 -0.00072753733752762857 0.00088790321987469451 0.00057912758802734711 -0.00036068171248309662 0.0030516487886675038 -0.0010758815513149296 0.00043199384165168263 -0.0022327290000066675 0.0023031480001749626 0.0014740400597418632 0.00013493622016515165
leaf_weight=5.642319159375746 7.6977119331844657 18.409523173233854 49.037048859259372 13.63246516378727 10.96158358379763 4.5679062169887601 8.5462632761434314 62.397634359521504 7.3513214130777271 25.720070434322281 30.870660330173465 11.813747990665775 48.358098596622966 3.0381662780834651
leaf_count=15753 18005 65819 151546 42125 45801 15842 35086 219292 31434 137447 161649 41155 229166 11465
internal_value=0 0.00120989 -0.00129175 6.70316e-05 -0.00164507 -0.000881831 0.000749016 0.0022386 -0.00116802 -0.000134312 -0.00180585 0.00111323 0.00118073 0.00257048
internal_weight=0 160.024 148.02 88.9464 128.509 79.4715 70.5368 71.0781 68.51 33.0714 35.4386 19.5115 56.9044 65.4358
internal_count=1221585 618706 602879 372196 543719 392173 306377 246510 346372 168881 177491 59160 264252 230757
cat_boundaries=0 1 24 48 71 94 118 119 143 167 190
cat_threshold=75 0 536870912 1 2101376 65536 0 1073742089 301989892 1107296256 0 671088900 65696 5246976 0 65536 0 0 134217728 0 0 0 5243520 2048 4718624 9 136445970 11018368 67108992 0 1073741824 2097152 268435472 0 262144 2281701376 32768 0 8192 134217728 0 2048 512 4096 0 0 524288 262144 2285895680 1074790400 516 8913408 544 24576 2147484288 4194304 270400 536870912 67112960 16384 16777728 5 0 2048 0 0 32 0 0 0 16 0 687865856 8 263168 524304 134218256 16785408 33554432 134217984 48 402653184 0 1048576 528384 16 65536 0 0 32928 0 0 1073741824 262184 0 0 64 1074004032 16777280 134217864 1 4194304 16 8192 67895296 268437536 4194818 24576 32 0 0 3221225472 0 2097152 0 1048576 0 134217730 9 0 134299648 4104 268510208 536870912 2147483664 268435456 2230272 939524096 514 0 1207959552 16 0 0 0 8192 0 128 2101248 0 64 40 134217728 256 196608 134217728 0 1073741888 136314904 268435456 131072 0 2 0 2147487744 16 136314880 2147483696 151011328 0 0 32896 4096 8388608 320 0 134218752 570425856 65536 0 65536 2415919136 2097152 268500992 4096 1610678276 301989888 34080768 16416 0 269484036 0 0 1107304448 0 4194304 0 0 0 1074790400
is_linear=0
shrinkage=0.02


Tree=34
num_leaves=15
num_cat=8
split_feature=23 27 43 43 21 43 43 43 37 43 25 43 27 43
split_gain=1.19786 0.541825 0.403988 0.383118 0.256695 0.192708 0.188293 0.14436 0.11654 0.0865219 0.086047 0.0857562 0.0815204 0.127938
threshold=0.37508750000000007 0.54554100000000016 0 1 0.24356050000000004 2 3 4 0.16205050000000001 5 0.46190100000000006 6 0.48896200000000006 7
decision_type=8 10 9 9 8 9 9 9 10 9 10 9 10 9
left_child=1 3 -2 -1 6 -3 -4 -5 9 -8 -7 -10 13 -9
right_child=2 5 4 7 -6 10 8 12 11 -11 -12 -13 -14 -15
leaf_value=-0.0015640953195972208 0.0011162311807281441 -0.0007478688211917221 0.0010899701855191877 -0.00077608814944840772 -0.0028635006331596958 0.00026999986526017621 0.00063793993044150229 -0.00095908963201211137 -0.0010197278399639729 -0.0020021936631148076 0.0031819676237313348 0.00076813862219542455 0.001794649174655769 0.0009332263763538694
leaf_weight=23.323679001073685 15.534958885634511 7.1399243699060957 7.4399949724533228 11.606296545863248 54.47872262757717 5.41486899444262 4.3468608483661884 8.0591027462901454 3.2216019711683512 32.081480816786048 53.154504221210935 11.23936029738487 41.205272227306295 29.780650734591195
leaf_count=65176 48611 28138 26674 36979 164546 23861 17860 20248 15103 162820 267889 84662 161713 97305
internal_value=0 0.00104668 -0.00144083 0.000184966 -0.00176991 0.0024226 -0.000882542 0.000775647 -0.00121947 -0.00197749 0.00255348 8.09e-05 0.00109093 0.000459264
internal_weight=0 179.684 128.343 113.975 112.808 65.7093 58.3293 90.6513 50.8893 36.4283 58.5694 14.461 79.045 37.8398
internal_count=1221585 701309 520276 381421 471665 319888 307119 316245 280445 180680 291750 99765 279266 117553
cat_boundaries=0 23 47 71 93 117 141 165 189
cat_threshold=0 536870912 1 4224 65600 0 1073742089 301989892 1107304449 268435456 134217732 65664 4198400 4 65536 16384 0 134217728 0 0 0 1049216 2048 32 1 131098 598016 67108992 0 1073750016 2097152 805306384 32 262144 2281701376 32768 4 8192 134217728 0 0 32896 2101248 0 1073741888 0 262144 0 16777217 2097152 41943040 16777312 1207959560 65568 0 260 0 524352 134219808 1048592 301993984 0 536870912 2147483648 0 0 0 0 0 1074528256 134225920 2151677952 1073872932 131072 0 8192 24592 197120 0 2147745860 32 536871168 6144 512 0 0 2048 0 0 544 0 8389632 4194624 34078720 536870920 4096 270795776 524368 128 134217729 4096 524544 268435456 0 1342177312 0 2416443392 0 16777216 1090519168 2048 0 0 0 0 32 134217728 33555200 0 532 0 131584 134217730 128 4194304 524288 16 12288 2113536 0 140509185 2147487744 2164260864 0 262144 1048576 268435456 0 0 524288 201326592 17301504 114689 2097180 2155937792 163840 0 134217728 2101248 256 16 0 2097152 0 2147483648 8192 134221824 0 0 0 268959744 1073741824 1073741840 32 67108864 536870912 135282688 1 4224 2147483648 134217732 2164391936 33554688 1073741824 33554432 235935744 0 16 8192 0 65536 0 2147483648 512 0 4096 67108992 0 1024
is_linear=0
shrinkage=0.02


Tree=35
num_leaves=15
num_cat=9
split_feature=42 42 52 42 42 42 42 1 42 42 37 34 22 39
split_gain=1.95307 0.630038 0.398113 0.524886 0.447338 0.251866 0.158749 0.0977372 0.104659 0.0733484 0.07303 0.0598348 0.0487589 0.0599729
threshold=0 1 2 3 4 5 6 4.5000000000000009 7 8 0.1640945 98.500000000000014 0.15754650000000001 -0.23732549999999999
decision_type=9 9 1 9 9 9 9 2 9 9 8 2 10 8
left_child=12 10 3 -3 -4 -5 -6 8 -8 -9 -2 -11 13 -1
right_child=1 2 4 5 6 -7 7 9 -10 11 -12 -13 -14 -15
leaf_value=-0.00030832567069795499 -0.0038221227931858792 0.001228149247612222 -0.001481818313609826 0.00061733012822262623 -0.00074551013176268899 -0.0022885260082477037 -0.0010367899628028804 -0.00033627126178916242 0.00097345261349748413 -0.00036234639480361216 -0.0014350925606092947 0.0026170903365073011 0.00089105162899254741 0.0035707118888015994
leaf_weight=0.8580605700354943 28.365930428433408 21.291132026279953 19.341335164824294 13.316247493680571 8.9244065455852848 66.361015918666865 4.7316006038621676 8.5221114956524016 6.836143771675502 1.6413104198465891 16.684133827941629 51.277690335409183 7.4079360034221997 52.450678613838932
leaf_count=2279 81236 56068 48919 36240 31556 373013 8787 22477 43727 13721 49277 278746 19212 156327
internal_value=0 -0.000814928 -0.000253644 -0.00107051 0.000593792 -0.00178202 0.00123725 0.00156537 4.82218e-05 0.00206149 -0.00264192 0.00213309 0.00283147 0.00348719
internal_weight=0 247.293 202.243 100.968 101.275 79.6773 81.9333 73.0089 11.5677 61.4411 45.0501 52.919 60.7167 53.3087
internal_count=1221585 1043767 913254 465321 447933 409253 399014 367458 52514 314944 130513 292467 177818 158606
cat_boundaries=0 23 45 46 69 92 115 138 161 184
cat_threshold=2097280 2 320 4 17825808 0 0 134283264 268439552 0 16842880 2392064 67108864 100663296 16777217 131072 0 0 67108864 0 547389440 64 131072 64 134225952 0 16 0 16416 512 1081344 0 528416 524296 268435457 0 524304 262144 4 83886080 76021760 2112 0 128 524832 9 33556480 0 2281965609 4098 278784 0 8388608 0 0 65664 131074 532496 0 134217728 16 0 0 0 16777216 131072 0 268435456 114784 2048 4 264201 0 4211712 65536 9437184 258 0 131200 67141632 132096 0 0 0 1048576 0 268451840 268435456 134218056 2415919104 67108864 1 1024 0 536876032 335544320 32 268701696 1572864 270336 536870912 0 2281709568 4325376 0 0 536870912 0 1073750016 268437504 270532608 134742016 65536 0 262145 134217728 0 16908288 8486912 65666 1032 131072 33554440 2097152 2 2147622912 256 1074790400 0 0 262154 270340 0 0 2097152 2 0 96 33554432 64 134222336 335544320 277088288 0 65544 1073741888 0 16384 4194304 524292 0 1073741824 1296 8388608 0 536870912 0 4 1310720 8650752 256 0 1107296256 0 3 0 9699328 524288 270336 603979778 2097153 0 0 524288 17825792 65536 2097152 1048584 16779266 32 16777216 0 536903682 81920
is_linear=0
shrinkage=0.02


Tree=36
num_leaves=15
num_cat=10
split_feature=42 43 42 23 43 42 43 43 42 43 37 28 43 1
split_gain=1.9136 0.622415 0.502761 0.239534 0.242949 0.231601 0.164326 0.123565 0.101841 0.0731093 0.0620026 0.0549398 0.0687737 0.0502525
threshold=0 1 2 0.37402250000000009 3 4 5 6 7 8 0.1640945 0.20419150000000005 9 4.5000000000000009
decision_type=9 9 9 8 9 9 9 9 9 9 10 10 9 2
left_child=11 5 7 4 -4 -2 -5 -3 -8 -6 -10 -1 -13 -7
right_child=1 2 3 6 9 13 8 -9 10 -11 -12 12 -14 -15
leaf_value=0.0036114099443578769 -0.0011333346985050964 -0.00090024428405531651 0.0010105402119518104 0.00072308450760357596 0.00043194599827040605 0.00026482440961594434 0.00052262079019879367 0.0014667352187275968 -0.0033369289497908391 -0.0014848437924156396 -0.0015021284853599763 -0.00071476144721601136 0.001323043136940353 0.00288351850419648
leaf_weight=47.886109510364101 5.0305717121934093 3.7276440945851101 14.732516040068768 6.5465186804306015 8.1494342690302499 4.4431163481751694 6.4849208246113639 25.486986832917125 63.578413308727662 63.039375892603502 22.696826086537897 2.2237257769014671 8.911187526943996 25.049288262189773
leaf_count=137259 12203 10128 57543 24702 33303 12553 26143 79663 257031 352932 107228 4359 27123 79415
internal_value=0 -0.00079744 -0.00120703 -0.00159552 -0.00083403 0.00134174 -0.00233578 0.000961768 -0.0024055 -0.00122843 -0.0026704 0.00284133 0.00119769 0.00200368
internal_weight=0 248.966 214.443 185.228 85.9213 34.523 99.3067 29.2146 92.7602 71.1888 86.2752 59.021 11.1349 29.4924
internal_count=1221585 1052844 948673 858882 443778 104171 415104 89791 390402 386235 364259 168741 31482 91968
cat_boundaries=0 23 47 69 93 115 137 161 183 206 230
cat_threshold=2097280 2 262464 0 17825808 0 0 134283264 268439552 0 16842880 2392064 67108864 33554432 16777233 131072 0 0 67108864 0 547389440 64 131072 0 1073742880 513 4096 65536 8192 264 256 33562688 262144 276 65536 4096 4194816 69632 2147500032 0 0 0 0 0 4194832 2064 33554432 33554432 32832 5152 4098 262400 128 0 4096 0 65600 2 21504016 4096 134221824 536870912 0 33558560 33554432 16777216 655360 0 268435456 2164264960 34639872 68 1610613248 41472 4 32 2050 262144 0 2097152 524288 2 134348864 0 1024 1048576 0 256 0 0 0 16777216 201326592 64 320 0 0 0 9454624 1048576 100663304 0 524288 67633160 1 4112 2097152 262144 0 262176 125829120 64 4194312 0 512 2147483648 536870912 0 2147483648 64 2 1073872896 268435460 1074266113 268435456 738197504 2117792 1049088 4 0 2048 1107296256 134479872 1572864 0 0 1048576 2147487744 0 4096 1073807360 131136 4098 32 2097152 65536 2 2097152 2150105088 32768 4100 0 134221824 1107297408 2048 4325632 4096 0 0 0 134217728 1024 256 512 335544320 0 268701696 528392 2105344 131072 16384 134217728 0 2147484160 168 0 0 526336 32832 136347664 1024 65536 536870912 0 131076 524288 33554432 16912384 4194312 67108864 131072 32768 536870912 1572928 0 16777248 2097408 0 16777216 1024 134217728 131104 268435464 0 67108864 2147488384 17301504 16875528 4160 2155876352 128 0 512 0 268435456 537133056 1048576 2147483648 512 4 8192 134217728 0 2048 33152 0 0 67108880 2147483648 134225920
is_linear=0
shrinkage=0.02


Tree=37
num_leaves=15
num_cat=13
split_feature=42 42 43 42 52 43 43 42 43 43 42 24 43 43
split_gain=1.83507 0.601184 0.61324 0.352564 0.246034 0.151562 0.139026 0.119905 0.116863 0.104816 0.0747295 0.083934 0.150194 0.057959
threshold=0 1 2 3 4 5 6 7 8 9 10 0.42867950000000005 11 12
decision_type=9 9 9 9 1 9 9 9 9 9 9 10 9 9
left_child=-1 9 7 8 6 -6 -5 -3 -4 -2 13 -12 -13 -7
right_child=1 2 3 4 5 10 -8 -9 -10 -11 11 12 -14 -15
leaf_value=0.0027653545298559675 0.00075345248848246546 -0.00086429356084981388 -0.00080185600502724835 -0.00099641739021866758 0.0007542693972556507 -0.0007289519540105853 0.0011826188995691623 0.002294835730167066 0.0016581897084346408 -0.0029978027295820783 -0.0029090535956589011 0.00064184494690011976 -0.001681121703307269 0.0010817879071579829
leaf_weight=59.803829437346479 3.9657165237425951 2.9984079320204029 4.283286531149324 5.6978204299438318 7.192182515090745 1.1168909804982605 20.639127971662006 29.183338921949638 20.200301827070316 41.360234848505634 34.939552495004534 9.8193820340170053 61.54283931502367 5.220377969115539
leaf_count=174478 8384 8691 10379 17587 29412 3722 85061 106207 69716 124914 185837 37252 330778 29167
internal_value=0 -0.000784576 -0.000237803 -0.000741383 -0.00112023 -0.00149868 0.000520692 0.0018193 0.00108669 -0.00256386 -0.00171427 -0.00188731 -0.00147648 0.000474556
internal_weight=0 248.159 202.834 170.652 146.168 119.831 26.3369 32.1817 24.4836 45.326 112.639 106.302 71.3622 6.33727
internal_count=1221585 1047107 913809 798911 718816 616168 102648 114898 80095 133298 586756 553867 368030 32889
cat_boundaries=0 23 45 68 90 91 115 139 161 185 207 230 253 276
cat_threshold=2097280 2 262464 0 17825808 0 0 134283264 268439552 0 16842880 2392064 67108864 100663296 16777217 131072 0 0 67108864 0 547389440 64 131072 64 134225952 8 16 0 16416 512 1081344 0 528416 524296 268435456 0 524304 262144 4 83886080 76021760 2112 0 128 524832 0 1660977152 516 4096 65536 24576 264 0 1107566656 0 276 65536 4198400 134218240 0 2147485696 0 134217728 0 268435456 0 4194304 2048 33555456 32768 2147488800 4098 131328 128 0 4096 537001984 1073807424 2 21495808 0 134217736 16 0 1107300384 33554432 16777216 0 0 268435456 2 0 131076 1 2147484160 512 0 2147614720 37879808 0 536870912 538976256 2147487776 16777216 4194304 20496 0 50331648 262144 0 0 1073741824 68157440 16 8192 536870912 147460 4096 0 536875584 134218240 1 33689600 0 8192 167772160 2415921152 0 33562624 24608 0 0 1073741824 32768 0 4100 0 128 262144 0 256 0 4227072 1073872896 8389632 1048584 4104 536870912 1073741832 32768 16777217 16 8 132096 8 262176 16793600 0 6291464 2 603979776 0 16385 2621504 0 0 16 65536 2097152 536870928 0 2101248 270536704 32770 268439552 8192 134217728 33558528 2048 4227328 4096 1073741824 128 524288 262144 0 132128 0 536870912 131072 67108864 1073815808 135424 0 268435456 67108872 4224 4144 4194308 0 2147488768 1073750272 0 524320 0 0 1048576 0 0 128 272629760 270336 268832768 528384 16384 1048576 4 134479872 16 2147488256 4256 0 0 524288 34880 2097168 1024 0 536870912 2 2164260864 1049632 0 33554432 0 4194308 0 262 1 270656 4096 526336 2 131072 32 16778240 8917248 0 0 0 0 144 2148532224 671088640 32 8 1074077696 163872 4 8224 2 268501264 0 33554432 0 16 0 8224 0 2147483904 0 0 0 4 1073741824 17039456
is_linear=0
shrinkage=0.02


Tree=38
num_leaves=15
num_cat=12
split_feature=42 42 43 42 43 43 42 42 43 43 43 42 23 33
split_gain=1.77458 0.583904 0.589621 0.326505 0.19921 0.138481 0.127994 0.112383 0.105395 0.09299 0.0894197 0.0750348 0.0639357 0.0547722
threshold=0 1 2 3 4 5 6 7 8 9 10 11 0.37363150000000006 0.16313300000000003
decision_type=9 9 9 9 9 9 9 9 9 9 9 9 8 10
left_child=-1 8 7 5 11 -4 9 -3 -2 -6 -8 -5 -12 -14
right_child=1 2 3 4 6 -7 10 -9 -10 -11 12 -13 13 -15
leaf_value=0.0027177262011158455 0.00074892259738813794 -0.00082443907001801152 -0.00090307951280348272 -0.00075514580262860511 -0.00087006758911873489 0.0016258339491796543 0.00042767564323651345 0.0022562264565277631 -0.002956123630830961 0.0011791967756441949 -0.0012187396244593125 0.001311132827977228 -0.0026057218587089677 -0.0002567987016903312
leaf_weight=59.953968743383044 4.0034438897943589 3.1469914852943877 4.3488849412706427 2.1877047037157795 2.8245574674095391 20.91999330557471 8.7455075234508648 28.935246584300405 41.316769162420229 9.328823783128696 53.194556388376796 11.893731683053018 51.618133369090764 5.5222672694923238
leaf_count=172618 8967 8781 10395 3962 7935 75652 49832 107082 124331 41955 299323 30932 257807 22013
internal_value=0 -0.000770739 -0.000231762 -0.00072535 -0.00109497 0.00101633 -0.00135278 0.00178765 -0.00252398 0.000485387 -0.0015737 0.000766194 -0.00176453 -0.00241764
internal_weight=0 247.987 202.666 170.584 145.315 25.2689 131.234 32.0822 45.3202 12.1534 119.08 14.0814 110.335 57.1404
internal_count=1221585 1048967 915669 799806 713759 86047 678865 115863 133298 49890 628975 34894 579143 279820
cat_boundaries=0 23 45 69 91 115 139 161 183 205 229 251 274
cat_threshold=2097280 2 262464 4 17825808 0 0 134283264 268439552 0 16842880 2392064 67108864 33554432 16777217 131072 0 0 67108864 0 547389440 64 131072 64 134225952 8 16 0 16416 512 1081344 0 528416 524296 268435456 0 524304 262144 4 83886080 76021760 2112 0 128 524832 0 1660977152 516 4096 65536 24576 264 33554432 33824832 0 276 65536 4198400 134218240 0 2147485696 0 134217728 0 268435456 0 0 2048 33554432 33555456 32768 2281706528 4098 131328 128 0 20480 536870912 1073807424 2 20971520 0 134217736 536870928 0 33556512 33554432 16777216 0 0 268435456 2147483648 0 1 512 8192 16 128 272629760 1073741824 262144 538968064 32 2 4341760 69632 16384 1048576 262144 256 0 1073741824 4195216 1048592 8192 0 16384 2621504 0 1342177280 134217872 134217728 2097152 536871184 0 2101248 270536704 32770 2415935488 0 4096 2147483648 0 0 4096 0 4194496 16 262144 0 320 640 4194304 8192 268832768 528392 262144 131072 0 134217728 524304 4608 2097312 0 0 524288 32832 2097168 656384 0 536870912 0 256 0 4227072 1073872896 8389632 1048584 4104 536870912 3221225480 32768 16777217 16 0 132096 0 264224 16777216 16777216 6291464 2 67108864 0 131104 0 536870912 131072 67108864 1073815808 135424 0 268435456 335544328 4224 4144 4194308 0 2147488768 1073750272 0 524320 0 0 1048576 536875008 4096 4104 1084760064 557056 134217856 8224 0 268500992 32 0 2147483648 32768 2148007940 0 0 33554688 0 0 4096 0 1073741824 266304 134217728 33554688 1052672 0 3355443204 1073741824 2 131072 0 32769 0 4096 4224 16777760 0 2147483664 16777216 58720256 67125248 0 8200 8388608 68157440 2048 1073741824 16777216 67698688 71311488 1048576 0 33554692 2097152 0 2214626304 524288 1073745920 2097152 0 0 0 16793600 2147483648 4227072 2 603979776 1
is_linear=0
shrinkage=0.02


Tree=39
num_leaves=15
num_cat=8
split_feature=42 42 52 42 42 42 42 1 42 37 19 28 39 25
split_gain=1.71922 0.601556 0.395819 0.496821 0.424828 0.247722 0.144716 0.0971024 0.107309 0.0557344 0.0542381 0.0530808 0.0605238 0.0529254
threshold=0 1 2 3 4 5 6 4.5000000000000009 7 0.1640945 182.50000000000003 0.20419150000000005 -0.0017729999999999688 0.4108365000000001
decision_type=9 9 1 9 9 9 9 2 9 8 2 10 8 8
left_child=11 9 4 -4 -3 -5 -6 8 -8 -2 -9 13 -13 -1
right_child=1 2 3 5 6 -7 7 10 -10 -11 -12 12 -14 -15
leaf_value=-3.6170324193171231e-05 -0.0036777776450368704 -0.0014218467693071528 0.0011795235638764083 0.00061363102063311794 -0.00069258662095418621 -0.0022245268890935515 -0.0010439531719407973 -0.00023698563432622568 0.00098307933910162914 -0.0013550881826963738 0.0021544388954155879 0.0017443986764420598 -0.00067589922687027971 0.0035252231416441145
leaf_weight=1.6204438201974098 28.459339880104054 19.33708880686471 21.897942338673388 13.607609879327731 9.0227957556584677 67.076441234550771 4.9151887971373407 3.036714605556603 6.9985271149885309 14.440689145601722 59.404454634131753 8.593134508615508 2.807812821782842 46.699478968181921
leaf_count=6150 76741 49232 57253 37234 31728 376837 9234 25799 43959 46272 293355 23720 8542 135529
internal_value=0 -0.000754864 -0.000223689 -0.00103336 0.000613574 -0.0017247 0.00123045 0.0015409 4.94139e-05 -0.00258031 0.00202919 0.00268261 0.00112399 0.0034136
internal_weight=0 248.197 205.297 102.582 102.715 80.6841 83.3777 74.3549 11.9137 42.9 62.4412 59.7209 11.4009 48.3199
internal_count=1221585 1047644 924631 471324 453307 414071 404075 372347 53193 123013 319154 173941 32262 141679
cat_boundaries=0 23 45 46 69 92 115 138 161
cat_threshold=2097280 2 320 0 17825808 0 0 134283264 268439552 0 16842880 2392064 67108864 100663296 16777233 131072 0 0 67108864 0 547389440 64 131072 64 134225952 0 16 0 16416 512 1081344 0 528416 557064 268435457 0 16 262144 4 83886080 76021760 2112 0 128 524832 6 33556480 0 2281965609 4102 278784 0 8388608 0 0 65664 131074 532480 0 134217728 0 0 0 0 285212672 131072 0 268435456 114784 2048 4 264201 32768 4211712 65536 9437184 258 0 131200 67108864 132096 0 0 0 1048576 0 268451840 268435456 134218056 2415919104 67108864 1 1024 0 536876032 335544320 32 268701696 1572864 270336 536870912 0 2147491840 4325392 0 0 536870912 0 1073750016 268437504 2097152 134742016 2147549184 0 262145 134217728 0 16908288 8454144 65666 8 131072 33816584 2097152 2 2147622912 256 1074790400 0 0 262154 270348 0 0 2097152 2 0 96 33554432 64 134222368 335544320 277088288 0 65544 1073741824 0 16384 4194304 524292 0 1074266112 1280 8388608 0 536870912 0 4 1310720 8650752 256
is_linear=0
shrinkage=0.02


Tree=40
num_leaves=15
num_cat=12
split_feature=42 42 43 42 43 43 42 42 42 23 43 43 43 22
split_gain=1.67199 0.58768 0.599382 0.306162 0.210421 0.110575 0.108757 0.0992276 0.0980558 0.0947701 0.180731 0.0897431 0.0875304 0.0572266
threshold=0 1 2 3 4 5 6 7 8 0.37295450000000002 9 10 11 0.15754650000000001
decision_type=9 9 9 9 9 9 9 9 9 8 9 9 9 10
left_child=13 12 6 5 8 -4 -3 -6 -5 10 -9 -11 -2 -1
right_child=1 2 3 4 7 -7 -8 9 -10 11 -12 -13 -14 -15
leaf_value=0.0033141051748674798 0.00070755027068165899 -0.00084105903000010972 -0.00083383588326358922 -0.00084003978824423345 0.00055233307167553173 0.0015929869057969121 0.0022395038122888446 0.0008182510041071109 0.0013158029618574147 0.00058234929383597044 -0.0013232502575956867 -0.0021976397273411573 -0.0029930199496990273 0.0007520865716166569
leaf_weight=51.573989229454185 3.9448679613615374 2.8002691027472597 3.4282751761086989 3.1193924686684555 7.955148845037356 19.381627658122078 30.101411833682928 12.350117060072652 14.164093466776482 5.2718913560411043 52.053821112425545 55.79752317587073 38.546891883095931 7.404631266692717
leaf_count=149557 7864 9458 9644 6219 43863 66491 105447 46727 37690 25681 301648 281491 110621 19184
internal_value=0 -0.000741621 -0.000220675 -0.000715548 -0.00105182 0.00104214 0.00179605 -0.00133029 0.000717184 -0.00149588 -0.000955994 -0.00217623 -0.0025545 0.00266052
internal_weight=0 248.915 206.424 173.522 150.712 22.8099 32.9017 133.429 17.2835 125.473 64.4039 61.0694 42.4918 58.9786
internal_count=1221585 1052844 934359 819454 743319 76135 114905 699410 43909 655547 348375 307172 118485 168741
cat_boundaries=0 23 45 68 90 114 136 158 180 203 227 249 273
cat_threshold=2097280 2 262464 0 17825808 0 0 134283264 268439552 0 16842880 2392064 67108864 33554432 16777233 131072 0 0 67108864 0 547389440 64 131072 64 134225952 0 16 0 16416 512 1081344 0 528416 557064 268435456 0 16 262144 4 83886080 76021760 2112 2097152 128 524832 0 1644199936 516 4096 65536 24576 264 33554688 1074012224 0 276 65536 4198400 134218240 0 2147485696 1048576 0 0 268435456 0 4194304 2048 33555456 32768 2147484704 4098 131328 128 0 20480 537001984 1073807424 2 21504016 0 134217736 0 0 33554464 33554432 18874368 0 0 268435456 2147483648 5120 1 512 8192 16 2147483648 4194304 33554432 262144 2097152 4128 2 4325376 69632 0 0 134479872 768 0 1073741824 67109520 1048592 33562624 2147483648 16384 2621504 4 268435456 4114 65536 2097152 65792 0 2101248 270536704 32770 268697860 0 0 2147483648 2048 4194560 4096 1073741824 128 0 256 0 4292608 1073873024 8389632 8388616 4104 536870912 1073741832 0 1 16 0 132096 0 262176 16793600 16777216 4227144 0 67108864 0 256 268436096 339738624 8232 268832768 524296 0 0 16384 134217728 0 2147488256 2097312 536870912 0 524288 34816 16 132096 0 536870912 2048 1073741904 8704 67633152 71312544 1048576 0 33554432 2097152 2147483648 2214593536 0 4096 2621440 0 0 64 16777217 134217728 4325376 2 0 1 150994944 16842752 524288 1107296256 33591808 4194308 32 2050 33024 0 528384 524288 0 320 16 0 0 2147483648 0 8 4 64 2164260928 67108864 256 131073 16 2147483780 1073741888 134217730 1073873536 4 1 268435456 536879104 2147483776 17826336 16384 0 16384 33554432 0 0 8192 8388608 1048576 0 131104 0 536870912 67108880 67108864 1073815808 135168 2181038080 301989888 67108864 4224 4112 4194308 0 2147487744 1073750272 0 524320 0 0 1048576 0 67108864
is_linear=0
shrinkage=0.02


Tree=41
num_leaves=15
num_cat=13
split_feature=42 42 43 52 42 42 43 42 42 43 43 35 43 43
split_gain=1.59388 0.571279 0.52264 0.321626 0.421758 0.378542 0.246006 0.155273 0.153279 0.150747 0.0841123 0.0833334 0.0800443 0.070286
threshold=0 1 2 3 4 5 6 7 8 9 10 0.4802030000000001 11 12
decision_type=9 9 9 1 9 9 9 9 9 9 9 10 9 9
left_child=-1 11 7 4 10 13 -7 -3 -8 -6 -4 12 -2 -5
right_child=1 2 3 5 9 6 8 -9 -10 -11 -12 -13 -14 -15
leaf_value=0.0025607432360151916 0.00081781272024992926 -0.00088389498822291884 -0.0007130579066011736 0.00070086484999039376 0.00074537252860888096 -0.0011619825718992794 -0.00086608965585347559 0.0022676860758476716 0.0017179733365761869 -0.0024063284563369102 0.0016914551692257585 -0.0036753642823790177 -0.001244218667530001 -0.0022024281582485069
leaf_weight=60.651662703092462 1.8162166563500024 4.239503194509032 3.2099074216334191 2.7820979267859345 5.6764133382774364 9.3081302393868128 5.4562942668676842 27.198842224620709 55.159940935975783 66.660428796710079 11.604454841948735 29.089286884606715 9.4742692676516018 15.541975534300132
leaf_count=177818 3798 11536 6921 5623 25974 44161 24630 99163 290419 345784 34971 85293 29973 35521
internal_value=0 -0.00073454 -0.000228185 -0.00067914 -0.00145935 0.000191447 0.000878079 0.00169446 0.00135971 -0.00207347 0.00107383 -0.00256392 -0.00102507 -0.00164457
internal_weight=0 247.218 206.838 175.4 87.1512 88.2484 69.9244 31.4383 60.6162 72.3368 14.8144 40.3798 11.2905 18.3241
internal_count=1221585 1043767 924703 814004 413650 400354 359210 110699 315049 371758 41892 119064 33771 41144
cat_boundaries=0 23 45 68 69 92 115 138 160 183 206 230 254 278
cat_threshold=2097280 2 320 4 17825808 0 0 134283264 268439552 0 16842880 2392064 67108864 100663296 16777217 131072 0 0 67108864 0 547389440 64 131072 64 134225952 8 16 0 16416 512 1081344 0 528416 32776 268435456 0 16 262144 4 83886080 76021760 2112 0 128 524832 2147483648 1107329024 516 4096 65536 16384 1073742088 256 1107566657 0 276 65536 4198400 134218240 0 2147485696 0 134217728 0 268435456 0 0 2048 9 33556480 0 264225 4098 278784 0 9961472 0 536870912 65664 131074 4849664 0 134217728 0 0 1073741824 2048 287309824 0 0 805306368 65600 2048 4 264193 32768 4211712 65536 8388608 262402 67108864 131200 2214592512 1024 0 0 0 1048576 0 268451840 268435456 134217984 2415919104 0 353 536870912 147456 134221824 269295616 603983936 2281701504 0 2232320 0 8192 167772160 2415919104 0 33554432 0 0 2147483648 0 32768 2101248 0 0 40 33554432 256 0 0 1073873026 8389632 1048584 4104 0 1073741825 524288 131077 16 0 1024 0 266272 50331648 0 4227144 2 67108864 134217728 16 131072 75563010 128 8 655360 33554432 539492354 2 131072 131072 1074790400 1048576 0 262146 262148 0 32 8 65536 603979776 32768 570425344 131072 134217729 2147484160 536871424 67108864 67109376 33554432 134217728 536870912 671090688 2147483648 0 0 2147500048 0 50331904 67108864 0 72 8388608 256 16 570425376 0 2097154 1028 131200 0 0 4096 134217728 0 266240 268435456 32770 268718336 16 0 33554688 2048 163840 0 268435456 4194368 0 262144 0 147457 0 1611399168 83886128 8192 2164326656 135424 0 0 270532608 128 4112 64 0 2147484672 0 0 256 268435456 0 4194304 16 67108864 16777216 135267328 2097152 33554560 168000 2097152 197120 2 0 256 0 1073746048 16777216 4194304 0 1024 0 0 256 262144 1024 80 2147483648 67117056
is_linear=0
shrinkage=0.02


Tree=42
num_leaves=15
num_cat=1
split_feature=23 27 21 45 4 21 37 24 26 25 26 22 36 35
split_gain=0.935841 0.435136 0.235277 0.158465 0.121769 0.109937 0.099895 0.0899394 0.0887596 0.0734423 0.060281 0.056644 0.0560988 0.0559964
threshold=0.37508750000000007 0.5715690000000001 0.24356050000000004 0 2.5000000000000004 0.25941850000000005 0.11058650000000002 0.44293250000000006 0.43950300000000003 0.62805600000000006 0.48575900000000005 0.15754650000000001 0.46237400000000006 0.49600300000000003
decision_type=8 10 8 9 2 8 10 8 10 8 10 8 10 8
left_child=1 3 6 13 5 -5 9 -3 -4 12 -7 -9 -2 -1
right_child=2 7 8 4 -6 10 -8 11 -10 -11 -12 -13 -14 -15
leaf_value=-0.0014099461849679962 -0.0018482423105837045 0.00034640693733899527 -0.0029403266677363021 0.0014563608009495307 -0.0011304327578172857 -0.00081591616616779358 0.00030803495592864559 0.0032848006886559999 -0.0011668843989428473 0.00054955520022858032 0.00084648381621648229 7.467148822350911e-05 0.00058089448097770784 -3.295821611878314e-05
leaf_weight=17.089523014827371 22.292449396170273 7.1826276814387251 27.480338798153724 64.910076154336068 7.3957834350826763 14.216624036345365 36.081382887950454 29.251845436511342 34.76655144936079 5.5911269732264222 11.006972689508288 2.6016406529641349 2.058145850487068 25.921422763645175
leaf_count=50571 84236 58917 70613 258547 25379 33166 191784 140309 113522 47593 23962 13342 12528 97116
internal_value=0 0.000925396 -0.00127391 0.000367651 0.000761331 0.00104784 -0.000392381 0.00266368 -0.00211022 -0.00115972 -7.04586e-05 0.00306832 -0.00157895 -0.00055445
internal_weight=0 179.577 128.27 140.54 97.5295 90.1337 66.0231 39.0361 62.2469 29.9417 25.2236 31.8535 24.3506 43.0109
internal_count=1221585 701309 520276 488741 341054 315675 336141 212568 184135 144357 57128 153651 96764 147687
cat_boundaries=0 1
cat_threshold=2596
is_linear=0
shrinkage=0.02


Tree=43
num_leaves=15
num_cat=13
split_feature=42 42 43 42 42 43 43 42 43 23 42 42 43 43
split_gain=1.55927 0.568554 0.506068 0.305573 0.179426 0.176587 0.124428 0.0952801 0.086299 0.0842193 0.0816155 0.0767693 0.0764509 0.0651289
threshold=0 1 2 3 4 5 6 7 8 0.37363150000000006 9 10 11 12
decision_type=9 9 9 9 9 9 9 9 9 8 9 9 9 9
left_child=-1 12 4 6 -3 11 -4 13 10 -10 -9 -5 -2 -7
right_child=1 2 3 5 -6 7 -8 8 9 -11 -12 -13 -14 -15
leaf_value=0.0026112022550059777 0.00071913026168075628 -0.00097666405135775716 -0.00088411177818366175 -0.00078641737249832751 0.0021374923736849393 -0.00075604507847358809 0.0016299011284782981 -0.00082409249399498284 -0.0010524482930643251 -0.0022656882275659154 0.0011352029486728734 0.0013227428931004478 -0.0029436775924286409 0.0011244443552870743
leaf_weight=57.089238706819224 3.4828548096359597 4.2900009903257539 3.5800261442729395 1.8057161896232607 31.403888201825477 1.476709239697565 19.978417286645218 2.5517137205138436 62.284727592812551 57.261471929501418 6.8059360371503814 11.295590811026662 37.348485610311272 7.1756701688503357
leaf_count=167960 6924 11988 9809 4201 107193 6633 68616 5130 320983 281213 33535 46426 110106 40868
internal_value=0 -0.000705263 -0.000207248 -0.00067098 0.00158497 -0.00101139 0.00105255 -0.00123961 -0.00140086 -0.00157477 0.000422452 0.000767438 -0.00252198 0.000527565
internal_weight=0 250.741 209.91 174.216 35.6939 150.658 23.5584 137.556 128.904 119.546 9.35765 13.1013 40.8313 8.65238
internal_count=1221585 1053625 936595 817414 119181 738989 78425 688362 640861 602196 38665 50627 117030 47501
cat_boundaries=0 23 45 69 89 111 135 159 182 204 227 250 274 297
cat_threshold=2097280 2 2147746112 0 17825808 0 0 134283264 268435456 0 16842880 2400256 67108864 33554432 16777217 131072 0 0 67108864 0 547389440 64 131072 64 134225952 0 16 0 16416 512 1081344 0 528416 32776 268435457 0 16 262144 4 83886080 76021760 2112 2097152 128 524832 2147483648 1644199936 516 4096 65536 16384 264 256 270400 0 276 65536 4198400 134217728 0 2147485696 1048576 134217728 0 268435456 0 4194320 2048 33554432 33554432 32768 5152 4096 131328 128 8 20480 4096 65600 2 21495824 0 134217736 536870928 0 33560608 33554432 18874368 131072 0 33024 0 4227072 1073873024 8389632 8 4104 0 1073741824 524288 16908288 16 524288 132224 0 264224 16777216 0 4227144 2 603979776 134217728 1024 1 2181038592 8192 8192 2147483648 4194304 1107296257 0 538972160 0 2 4325888 69648 16384 0 262144 256 0 0 67109632 1048592 8192 0 147456 2621440 1024 8192 4226 32 2097152 65808 0 36179968 2621440 32768 268435456 8192 4096 2147484672 2048 256 0 1073741824 128 0 134479872 1024 256 640 272629762 270376 268701696 524288 2097152 131072 1073741824 134217728 0 4608 2101280 0 0 786432 34816 16 32768 0 536870912 2 256 16908320 0 1207959552 131072 2 128 6 32768 64 134217728 1073758240 16777248 16384 2147483648 16777216 41943040 67125248 0 8200 1082130432 1048704 2048 1107296320 0 67108864 12584962 1114112 0 258 0 131072 2147483652 0 0 524288 2147483648 1048576 0 0 268435456 4194304 1048576 68190208 90145 0 16 8704 67633152 3072 33554432 131072 35913988 0 2149580800 9216 0 0 2149056512 1024 0 262144 16793600 134217728 4227072 2 0 65536 0 131104 0 536870912 67108880 67108864 67109120 134352896 2181038080 301989888 67108864 128 4128 4194308 4096 4096 1082138880 0 524320 0 0 1048704 0 67108864 17301536 131104 2097160 1342447620 131200 132 8192 1073872898 2415919104 18 33554432 1073741856 0 0 0 16777216 256 0 32 0 0 1073741824 262144
is_linear=0
shrinkage=0.02


Tree=44
num_leaves=15
num_cat=13
split_feature=42 42 43 52 42 42 43 43 42 42 43 43 21 42
split_gain=1.50895 0.567163 0.483651 0.291015 0.392705 0.38881 0.235566 0.172722 0.164336 0.134592 0.0807823 0.0704168 0.0610725 0.0580472
threshold=0 1 2 3 4 5 6 7 8 9 10 11 0.32732500000000003 12
decision_type=9 9 9 1 9 9 9 9 9 9 9 9 8 9
left_child=10 -2 8 4 11 -5 -7 -6 -3 -8 -1 -4 -11 -9
right_child=1 2 3 5 7 6 9 13 -10 12 -12 -13 -14 -15
leaf_value=-0.00060760836096738341 -0.0025256079528631049 -0.00096567082118223795 -0.00067405016260984663 -0.0017102391309273804 0.0007062631866766643 -0.0010929010861437125 -0.00076256581722767257 0.00037943105102588144 0.002058383336442403 0.0020826696400818722 0.0029327020968518132 0.0016894315346212396 -0.00062892553849800499 -0.00267749582548055
leaf_weight=4.7480631443676229 39.833757204223119 3.8531251740695929 2.816192854998639 17.704260605238044 7.2916614541412992 10.256951003703955 6.0611034241659691 6.664521114388446 32.14909488682715 53.30840868661938 52.259112905246511 10.760352849984576 1.380085053369952 58.720245383418145
leaf_count=12175 116778 11138 7525 41805 31692 45975 20248 26337 109282 287961 153866 31382 5983 319438
internal_value=0 -0.000691217 -0.000200193 -0.000653186 -0.00140154 0.000171907 0.000857618 -0.00197797 0.00154591 0.00133815 0.00257269 0.0011027 0.00168499 -0.00235325
internal_weight=0 250.8 210.966 174.964 86.253 88.7108 71.0065 72.6764 36.0022 60.7496 57.0072 13.5765 54.6885 65.3848
internal_count=1221585 1055544 938766 818346 416374 401972 360167 377467 120420 314192 166041 38907 293944 345775
cat_boundaries=0 23 45 69 70 93 116 139 162 182 204 228 252 275
cat_threshold=2097280 2 262464 0 17825808 0 0 134283264 268435456 0 16842880 2400256 67108864 33554432 16777233 131072 0 0 67108864 0 547389440 64 131072 64 134225952 8192 16 0 16416 512 1081344 0 528416 67141640 268435456 0 16 262144 4 83886080 76021760 2112 0 128 524832 0 1610645504 516 4224 65536 16384 264 33554688 33824832 0 276 65536 4198400 134218240 0 2147485696 0 0 0 268435456 0 4194320 2048 33554432 9 33556480 0 2081 67112962 16640 262144 8912896 262144 536870912 65664 131074 4718608 0 134217736 0 0 0 2048 287309824 0 0 805306368 65 2048 4 2057 32768 4211712 65536 9437184 262146 67108864 131200 2147483648 1024 0 0 0 0 0 268451840 268435456 134218056 2415919104 67108864 97 536870912 134365184 134221824 794624 4672 2147483776 0 2232322 134217728 8192 167772160 2415919104 0 33554432 0 0 2147483648 0 32768 2101248 0 64 262176 536871168 33686528 134217729 512 512 8192 512 131072 134217729 536870912 671092736 2147483648 0 0 4112 0 59768832 0 0 72 8388612 256 24 0 256 0 98306 1073873024 8389760 8388616 8 536870912 1073741832 524288 16777217 0 524296 132096 8 264224 16777216 16777216 4227072 0 1073741840 131072 75563010 256 8 655360 33554688 538968066 2 131072 131076 1074790416 0 65536 1048578 1073741892 0 32 0 65536 536870912 0 16777216 0 578813952 0 134218248 0 256 272 8192 786432 2147483680 514 134234112 0 671088640 9437440 0 524288 0 0 1049616 3221225472 134225920 570429472 8 33554435 2098180 131072 2 0 4096 134283264 0 266240 2415919104 32770 268697856 0 536870912 33554688 2048 0 0 0 64 16777216 262144 134218752 0 2281706632 33554432 32 268439680 0 0 1048576 1073741828 2281971712 0 512 160 0 0 1073750048 0 16 0 2147483648 0 98336
is_linear=0
shrinkage=0.02


Tree=45
num_leaves=15
num_cat=7
split_feature=42 42 52 42 42 42 42 28 4 21 39 28 39 39
split_gain=1.44574 0.585735 0.378784 0.451847 0.379022 0.256227 0.146068 0.0591331 0.0613231 0.0469935 0.0430069 0.0390174 0.0370543 0.0319448
threshold=0 1 2 3 4 5 6 0.20419150000000005 2.5000000000000004 0.32732500000000003 -0.0017729999999999688 0.19069250000000001 -0.17456399999999997 -0.05721749999999997
decision_type=9 9 1 9 9 9 9 10 2 8 10 8 8 8
left_child=7 -2 4 13 -3 -5 11 8 12 -8 -9 -6 -1 -4
right_child=1 2 3 5 6 -7 9 10 -10 -11 -12 -13 -14 -15
leaf_value=-9.8446215906184138e-05 -0.0026124663853737107 -0.00136688411055677 0.00013847487541798827 0.00058437068907896323 -0.00146145832420251 -0.0021372588696153588 0.0017555269335070792 0.0014223614522277926 0.00025222913114861099 -0.00054587491182756073 -0.00065481133675892558 0.00034075615565180915 0.0034336940692027158 0.0019858505060104058
leaf_weight=0.93652455843174154 37.064892607489057 18.558526221749389 5.5609041928247249 15.603482158661892 8.1339979601775152 68.552917574239387 73.658644099208345 8.2016667984807281 3.5792008872510328 1.5518851938454776 2.3013913629794791 5.0942509257304893 43.662993199850845 15.322436432027574
leaf_count=2674 109189 47698 14517 38748 28065 380950 365557 22809 11169 7685 7874 13074 130592 40984
internal_value=0 -0.000689141 -0.000202547 -0.000990261 0.000597432 -0.00162058 0.00114808 0.00247917 0.00317182 0.00149108 0.000902822 -0.000558133 0.00335708 0.00116544
internal_weight=0 249.102 212.037 105.04 106.997 84.1564 88.4388 58.6818 48.1787 75.2105 10.5031 13.2282 44.5995 20.8833
internal_count=1221585 1046467 937278 475199 462079 419698 414381 175118 144435 373242 30683 41139 133266 55501
cat_boundaries=0 23 45 46 69 92 115 138
cat_threshold=2097280 2 320 4 17825808 0 0 134283264 268435456 0 16842880 2400256 67108864 100663296 16777217 131072 0 0 67108864 0 547389440 64 131072 64 134225920 8192 16 0 16416 512 1081344 0 528416 67141640 268435456 0 16 262144 4 83886080 76021760 2112 2097152 128 524832 6 33556480 0 2281965609 268439554 278784 0 8388608 0 0 65664 131074 524288 0 134217728 16 0 0 0 285212672 134348800 0 0 114784 2048 4 264201 32768 4211712 65536 9437184 258 0 131200 0 132096 1074790400 0 0 0 0 268451840 268435456 134218056 2415919104 67108864 1 0 0 536876032 67108864 32 266240 1572866 270336 536875008 2 2147491840 4325392 0 0 536870912 0 1073750016 268437504 2097152 524288 2147549184 268435456 262145 134217728 32 16908288 8454144 65666 8 131072 33554440 2097154 2 2147622912 256 0 0 0 9699338 270340 0 0 0 2 0 16480
is_linear=0
shrinkage=0.02


Tree=46
num_leaves=15
num_cat=14
split_feature=42 42 43 42 52 42 42 42 43 43 43 43 43 42
split_gain=1.42044 0.56154 0.444618 0.280793 0.21232 0.31165 0.302859 0.191578 0.180264 0.144069 0.121622 0.0878141 0.083867 0.0830457
threshold=0 1 2 3 4 5 6 7 8 9 10 11 12 13
decision_type=9 9 9 9 1 9 9 9 9 9 9 9 9 9
left_child=-1 -2 7 10 5 11 12 -3 -7 -8 -4 -5 -6 -10
right_child=1 2 3 4 6 8 9 -9 13 -11 -12 -13 -14 -15
leaf_value=0.0024921531205262448 -0.0025452721494602336 -0.0009723598895652136 -0.00085888809622109959 -0.00073004331138808024 -0.00071349402784933488 0.000924662736475602 0.00070064289816945734 0.0020807569439643854 0.00058738007309023566 -0.002610342263707648 0.001560152229203658 0.0020582129329755382 0.0015131829645231439 -0.0016216880340411868
leaf_weight=56.937722214084459 37.747331643722426 5.0573385747955246 3.9881703637754424 3.1445805841638048 3.4329784504560092 9.5902424490341911 5.8139095324424623 30.505717776260635 5.3521025353923903 55.909520633903149 20.770334152165347 15.846093463595876 8.718902709529246 44.945361186314329
leaf_count=171604 116502 13239 9383 7990 9944 33179 32328 103340 27174 299623 72983 49742 26712 247842
internal_value=0 -0.000675749 -0.000198939 -0.000626227 -0.000954106 -0.000130798 -0.00166273 0.00148692 -0.000834858 -0.00222246 0.000993459 0.0014781 0.000837482 -0.00130569
internal_weight=0 250.823 213.075 177.512 152.754 78.8784 73.8753 35.5631 59.8877 61.7234 24.7585 18.9907 12.1519 50.2975
internal_count=1221585 1049981 933479 816900 734534 365927 368607 116579 308195 331951 82366 57732 36656 275016
cat_boundaries=0 23 45 69 91 92 115 138 160 184 207 231 255 279 302
cat_threshold=2097280 2 2147746112 0 17825808 0 0 134287360 268435456 0 16842880 2400256 67108864 33554432 16777217 131072 0 0 67108864 0 547389440 0 131072 64 134225920 8200 16 0 16416 512 1081344 0 528416 67141640 268435456 0 16 262144 4 83886080 76021760 2112 0 128 524832 2147483648 1610645504 516 4096 65536 24576 264 256 33824832 0 276 65536 4198400 134218240 0 2147483648 0 134217728 0 268435456 0 4194320 2048 33554432 33555456 32768 5152 4102 131328 128 0 16384 4096 1073807424 2 21495808 0 134221832 536870928 0 33556512 33554432 16777216 0 0 64 6 0 328 335544832 2147483648 8 1073741824 138 2048 131072 0 524288 1 0 2621440 136576 0 4096 536870913 34603008 0 1310720 1048576 2 134219776 0 2049 67108864 278560 268701696 9961472 262144 536870912 128 134356992 131088 0 0 0 0 1073750020 2048 270532608 0 0 805306368 65 0 33056 0 4194306 1073873024 8389632 8 8 536870912 1073741832 524288 16908289 16 524288 132096 0 264224 50331648 0 32768 2 603979776 4608 0 0 33554560 285343744 2097152 196640 4194304 1073741824 0 2101248 1073741856 8192 4194624 65536 6144 0 0 256 0 0 67108928 2147488320 8192 570425344 33685508 1 2147484160 512 0 2231370240 33685504 1073741824 536870912 671092736 2147483648 16777216 16384 4112 0 50331648 67108864 0 0 4096 67109120 16 134217728 16384 2621440 3221291008 8256 144 0 2 272 0 34078720 2097152 32768 268435460 0 4096 3221226624 2048 4194304 0 0 1073741952 16 134479872 541065728 1064964 4096 532480 536875088 2281701504 131073 2228224 0 301989888 64 2147483648 0 0 0 0 0 1073743872 32768 0 0 67108928 266240 262144 553648160 8 33685515 2097156 0 2 2147483648 33558528 134283264 0 33820672 268435456 32770 268439808 32 536870912 256 2048 0 0 0 0 16777216 262144 0 262144 128 272629761 1342185472 34734081 262208 2097152 0 8 8392704 2147483648 512 1140850688 0 0 262144 1081664 32768 268468224 0 8388608 4
is_linear=0
shrinkage=0.02


Tree=47
num_leaves=15
num_cat=14
split_feature=42 42 43 42 43 42 43 42 42 43 52 43 43 43
split_gain=1.36822 0.567961 0.478668 0.25115 0.190569 0.178884 0.142854 0.117769 0.116255 0.0966485 0.0840341 0.0886084 0.0722628 0.0714014
threshold=0 1 2 3 4 5 6 7 8 9 10 11 12 13
decision_type=9 9 9 9 9 9 9 9 9 9 1 9 9 9
left_child=9 -2 5 6 7 -3 -4 -5 12 -1 11 -10 -6 -12
right_child=1 2 3 4 8 -7 -8 -9 10 -11 13 -13 -14 -15
leaf_value=-0.00066152571534680083 -0.002578014664022093 -0.0008998506946194157 -0.0009524189359330933 -0.00095536028660405585 -0.00076185904845680848 0.0021846871379813137 0.0015050572465310358 0.0013737880018490863 0.00098854545907821334 0.0027904792824376607 0.00055728888738702808 -0.000682848824982691 0.0011656829857166521 -0.0018177848006309327
leaf_weight=4.5867710480440786 36.230203938269014 5.2229827697031466 4.3752550405300283 2.8046387682421496 2.2016987345270094 29.04761245093157 21.418959535044209 14.275286584271401 6.9922677043963199 52.922326370055721 4.710466778559776 15.041199134180463 8.3583326034661312 99.548115405119788
leaf_count=11935 109367 13774 10905 6213 6970 101821 68354 54903 20118 160120 30668 68613 37136 520688
internal_value=0 -0.000664946 -0.000193406 -0.000628175 -0.000939321 0.00158376 0.000891285 0.000723449 -0.00119781 0.00243526 -0.00138729 3.31257e-05 0.000552548 -0.00165388
internal_weight=0 250.227 213.997 179.726 153.932 34.2706 25.7942 17.0799 136.852 57.5091 126.292 22.0335 10.56 104.259
internal_count=1221585 1049530 940163 824568 745309 115595 79259 61116 684193 172055 640087 88731 44106 551356
cat_boundaries=0 23 45 69 91 115 138 160 183 206 230 231 254 278 299
cat_threshold=2097280 2 320 0 17825808 0 0 134287360 268435456 0 16842880 2400256 67108864 100663296 16777217 131072 0 0 67108864 0 547389440 64 131072 64 134225920 0 16 0 16416 512 1081344 0 528416 67141640 268435457 0 16 262144 4 16777216 76021760 2112 2097152 128 67633696 2147483648 1644199936 516 4096 65536 24576 264 256 1074012225 0 260 65536 4198400 134217728 65536 2147485696 0 134217728 0 0 0 4194304 2048 33554432 33554432 32768 2147488800 4098 131328 128 8 16384 4096 1073807424 2 21495824 0 134217736 536870928 0 33556480 33554432 18874368 0 0 268435456 134217728 32 0 33554944 8192 2 1073742336 4194306 33554432 0 538972176 0 34 4325888 4096 0 1048576 262144 256 268435456 0 68158096 16 8192 0 33056 4096 4227072 131200 8389632 1048584 8 0 3221225472 524288 131072 16 524288 132224 0 264192 50331648 0 4227136 2 536870912 1 0 16385 2621440 1024 64 4240 8192 2097152 65808 0 36179968 2621440 32770 268435460 0 0 2147483776 2048 256 4096 0 208 2048 1073741840 8704 268435456 1073742848 1048576 131072 69468416 2097154 0 8192 2147483648 4096 2148007936 0 1048576 0 16793600 1048576 4358152 2 32768 65536 1024 256 640 272629760 8200 268701696 524288 2097152 131074 16384 134217728 0 4608 4128 0 0 4128 34816 0 164864 2 536870912 65538 16777216 16842752 0 8388672 16777216 134218248 0 256 524560 8192 67633152 2147483648 514 2281717760 0 0 9437440 134217728 524288 0 0 1049600 2147483648 134225920 2 16781312 16846848 2621504 134217728 1124106240 0 65568 0 0 0 1048576 0 25088 321 0 0 1073741824 0 1049088 524288 8388608 0 2164262464 20975648 131072 2097226 268705920 32768 512 8192 1073872896 2415919120 0 33816576 134217728 16 0 8192 0 1073741824 0 4194848 0 0 0 262144 67108864 256 132100 1 0 576 0 131200 33685508 0 64 134742016 2149599360 16777216 16384 2147483664 0 58720256 16384 0 0 1073746436
is_linear=0
shrinkage=0.02


Tree=48
num_leaves=15
num_cat=9
split_feature=23 27 43 43 20 43 43 26 52 43 43 43 24 43
split_gain=0.80368 0.367561 0.379131 0.360963 0.248223 0.166018 0.132096 0.0852443 0.0755274 0.0838554 0.07716 0.0706747 0.0616839 0.0608935
threshold=0.36927750000000009 0.5715690000000001 0 1 0.49452500000000005 2 3 0.40037450000000008 4 5 6 7 0.49996600000000008 8
decision_type=8 10 9 9 10 9 9 8 1 9 9 9 10 9
left_child=1 2 -1 7 13 -6 -4 -2 9 -7 -10 -3 -8 -5
right_child=3 11 6 4 5 8 12 -9 10 -11 -12 -13 -14 -15
leaf_value=-0.0013470891663005446 -0.00067678303043080949 -0.00062642085572076891 -0.00067630512986303361 0.00065938187933314483 0.00091486416754667265 0.00063951882333433674 0.0014668829219240532 0.002172834827480534 -0.0010361657523583606 -0.002006977902957066 0.00043383041237517948 0.0025094947008049225 -0.00054010543422204431 -0.0024171247656706776
leaf_weight=25.323552471932263 2.816609617751165 3.9129186285632835 11.076056169325067 3.051527430309902 12.079868491548329 4.167603263049469 82.347290099247573 14.748550302553147 7.0461437308702548 30.65691913839278 26.472246698592087 33.052553372125907 4.1234894148675769 46.837104555132242
leaf_count=67628 6332 15058 37225 8203 47235 15088 297472 46186 30056 162336 141757 177566 23757 145686
internal_value=0 0.000970578 0.000400764 -0.00104265 -0.00135582 -0.000695968 0.000937967 0.00115523 -0.00101059 -0.00159308 -9.99938e-05 0.00259118 0.00121415 -0.00250626
internal_weight=0 159.836 122.87 147.877 130.311 80.4228 97.5468 17.5652 68.3429 34.8245 33.5184 36.9655 86.4708 49.8886
internal_count=1221585 618706 426082 602879 550361 396472 358454 52518 349237 177424 171813 192624 321229 153889
cat_boundaries=0 24 47 70 93 94 118 142 166 190
cat_threshold=0 536870921 131082 11280384 67633152 144 1073741824 0 268435472 32 262144 2281701408 32768 0 8192 134217728 0 0 32896 4096 0 0 262144 134479872 0 536870912 1 2101376 65536 0 1073742081 301989892 1107296256 268435456 671088644 65664 5246976 4 65536 16384 0 0 32 0 0 5243520 2048 2285895680 1048576 516 8913408 544 24576 2147484296 0 262208 536870912 67113216 16416 16777728 1 0 2048 0 0 32768 0 1024 0 16 34078752 0 0 2147483776 268435648 0 2281709569 2097152 536871172 268435456 67108864 268435456 1048576 268972032 16 0 128 2048 0 2097152 0 1048576 524328 9 256 196608 134217728 0 1073741888 136314904 268435456 131072 0 2 0 2147487744 16 203423744 2147483696 150994944 0 134217728 128 4096 8388608 320 0 134218752 0 134299648 4104 268510208 536870912 2147483664 0 2230272 939524096 514 0 1207959552 16 0 0 0 2147491840 0 128 2101248 0 64 40 134217728 0 16777216 2097152 4 285216864 134217736 65576 33554432 134217728 8192 134742016 2147485696 514 33570816 0 536870912 0 1073741824 0 0 0 71304192 1074266112 8192 0 1056 0 2147483652 268435456 4194304 0 4096 134250496 0 80 0 16416 4211232 0 1024 1082662912 1207959552 0 268697640 268435456 0 1024 33562624
is_linear=0
shrinkage=0.02


Tree=49
num_leaves=15
num_cat=4
split_feature=23 27 52 52 38 38 24 1 35 5 45 25 2 45
split_gain=0.777419 0.358767 0.196362 0.165134 0.164461 0.135646 0.105647 0.103862 0.087921 0.0577154 0.0557718 0.0544309 0.0618901 0.0511242
threshold=0.37709050000000005 0.5715690000000001 0 1 0.27103404912000001 0.24396690493600001 0.44293250000000006 4.5000000000000009 0.45476100000000003 1.5000000000000002 2 0.62558400000000003 1.5000000000000002 3
decision_type=8 10 1 1 8 10 10 2 8 2 9 8 2 9
left_child=1 3 8 4 -1 -4 -3 13 -2 -6 -7 12 -10 -5
right_child=2 6 5 7 9 10 -8 -9 11 -11 -12 -13 -14 -15
leaf_value=-0.001450369725337826 0.0003495592804244676 0.00016755901832143482 -0.0015502252443638576 0.00063103463249805051 0.00085507902429531448 -0.00053622904188607799 0.0028072067674711461 0.001293462396808221 -0.00053564266045916448 -0.000604054242256202 0.00069144299375424167 -0.00051783940951058579 -0.0028562947712110045 -0.00082923396680956239
leaf_weight=29.587243470749897 4.0733419010509362 8.0304514796524753 14.918959970018262 3.7625071194902073 27.818248994655967 10.306927251854516 32.362060194863822 62.982914462951442 8.0475381974801206 11.9520292736182 33.638621129299764 9.018920994162924 41.189821046987447 10.006937024775651
leaf_count=72586 22917 64280 35397 10138 125662 56261 155768 224058 28558 52926 147801 54808 145402 25023
internal_value=0 0.000802919 -0.00121897 0.00030901 -0.000383392 -0.000146462 0.00235868 0.000861411 -0.00184934 0.000398082 0.000409854 -0.00231092 -0.00256134 -0.000474005
internal_weight=0 186.502 121.194 146.11 69.3575 58.8645 40.3925 76.7524 62.3296 39.7703 43.9455 58.2563 49.2374 13.7694
internal_count=1221585 730441 491144 510393 251174 239459 220048 259219 251685 178588 204062 228768 173960 35161
cat_boundaries=0 1 2 3 4
cat_threshold=9 9 388 88
is_linear=0
shrinkage=0.02


Tree=50
num_leaves=15
num_cat=8
split_feature=23 43 27 43 38 43 43 4 27 43 26 43 43 43
split_gain=0.751364 0.355292 0.339876 0.352517 0.152022 0.172477 0.138813 0.129615 0.107908 0.127116 0.0974144 0.0921323 0.0888821 0.0773734
threshold=0.37402250000000009 0 0.5715690000000001 1 0.26097487084800003 2 3 2.5000000000000004 0.48988350000000008 4 0.40037450000000008 5 6 7
decision_type=8 9 10 9 8 9 9 2 10 9 8 9 9 9
left_child=2 10 3 -1 13 -6 -5 8 9 -8 -2 -4 -10 -3
right_child=1 4 11 6 5 -7 7 -9 12 -11 -12 -13 -14 -15
leaf_value=-0.0012915541287355213 -0.00077481853416831866 0.00058705891059866939 -0.00073066210842666303 -0.0007537348302388482 0.00099441156817688483 -0.0011442074543306915 -0.00095064989343065555 -0.00091116320031992698 -0.00055303263314447257 0.0009489026985728949 0.0022392259716645592 0.0023423139976221762 0.0019762953501213762 -0.0023318361195651329
leaf_weight=27.689833213744407 2.8447543639295247 4.5902487184308205 3.4362572089008605 11.2342661149947 8.8282317980136149 54.985493585748436 8.1020010907391438 7.3706945370419978 5.8485584149091139 27.536221690382824 13.59126051940981 35.142158912662033 49.834358471371964 46.646819794126088
leaf_count=78339 6262 13331 15249 29032 39392 314895 21203 27415 17114 91825 43184 193928 212167 118249
internal_value=0 -0.00112158 0.000843288 0.000342326 -0.00145045 -0.000819355 0.000832151 0.0010883 0.00140159 0.000452796 0.00113092 0.002386 0.00192149 -0.00235165
internal_weight=0 131.487 176.194 137.616 115.051 63.8137 109.926 98.6918 91.3211 35.6382 16.436 38.5784 55.6829 51.2371
internal_count=1221585 535313 686272 477095 485867 354287 398756 369724 342309 113028 49446 209177 229281 131580
cat_boundaries=0 23 47 70 93 115 139 159 183
cat_threshold=0 536870912 1 4224 65536 0 1073873161 301989892 1107304449 268435456 134217732 65664 4198400 4 65536 16384 0 0 0 0 0 5243520 2048 32 536870921 131098 524288 67633280 128 1073741824 2097152 268435472 268435488 262144 2281701376 32768 268435456 8192 134217728 0 0 32896 4096 0 0 262144 134479872 2151677952 1114112 528 10486272 1073741856 16386 0 0 68 32 536875264 6144 512 0 0 2164326400 0 134219776 512 4096 8388608 64 524288 0 0 4096 10756096 1342177280 16 2281709569 4096 8452 8194 0 270532640 0 2148012032 0 0 16777344 2048 0 2097152 0 1048576 524328 537395200 135266304 0 2415988864 2147483728 134217732 131072 33554688 536870912 33554432 234885120 1073741824 0 8196 0 65536 0 2147483648 512 0 0 1140850816 0 16777216 2097152 33554432 285212768 1207959560 65568 33554432 0 8192 134742080 3221227520 530 33554432 0 0 2147483648 1073741824 0 0 0 1024 1074266176 8192 0 16973824 0 536870976 512 512 0 0 0 537133056 73728 526336 5242898 1065216 16 0 2147496960 0 655392 262176 33554464 1073742881 0 2181038084 268435456 0 0 4096 134217744 0 16 1073758208 16384 32 4112 1024 1107304448 1073741824 524288 262144 0 0 64 33562626
is_linear=0
shrinkage=0.02


Tree=51
num_leaves=15
num_cat=8
split_feature=42 42 52 42 42 42 42 40 39 19 39 22 9 42
split_gain=1.27187 0.541953 0.331872 0.381557 0.348315 0.237222 0.133401 0.0902979 0.0480064 0.0428217 0.0405198 0.036534 0.0336625 0.0719994
threshold=0 1 2 3 4 5 6 0.054167000000000007 -0.12961749999999997 144.50000000000003 -0.05721749999999997 0.16276150000000003 1.5000000000000002 7
decision_type=9 9 1 9 9 9 9 10 8 2 8 10 2 9
left_child=7 -2 4 10 -3 -5 -6 8 -1 -8 -4 -10 13 -7
right_child=1 2 3 5 6 12 9 -9 11 -11 -12 -13 -14 -15
leaf_value=-4.1542011974434407e-05 -0.0025117786876740706 -0.0013337160934532644 -1.1073526203082503e-05 0.00056051330182918752 -0.00049273838087779225 0.00063199800271460538 -0.00024206752828889901 0.00054168199173448904 0.0032807419183026971 0.0016927936090357367 0.0019439221241617536 5.1525211284822929e-05 -0.002515557750340609 -0.0012434326849573313
leaf_weight=1.7826446346923519 36.045974542117008 18.215329395036221 5.3196596188286707 16.497143768869744 14.721981200187097 4.6059775830816454 3.626706848519901 9.0487649865309745 44.309957558899846 72.028925615397227 14.869206985185663 1.6081081683297203 53.140070722087479 11.844996893653816
leaf_count=6059 111693 47555 13493 42727 39785 14784 33363 28782 123986 344534 39229 8028 288717 78850
internal_value=0 -0.000639054 -0.000181487 -0.000915913 0.000561204 -0.00147979 0.0010786 0.00236158 0.00307077 0.00141531 0.00109438 0.00318382 -0.00197709 -0.000978464
internal_weight=0 250.916 214.87 106.277 108.593 86.0882 90.3776 56.7495 47.7007 75.6556 20.1889 45.9181 69.591 16.451
internal_count=1221585 1054730 943037 477800 465237 425078 417682 166855 138073 377897 52722 132014 382351 93634
cat_boundaries=0 23 45 46 69 92 115 138 161
cat_threshold=2097280 2 262464 0 17825808 0 0 134287360 268435456 0 16842880 2400256 67108864 33554432 16777217 131072 0 0 67108864 0 547389440 64 131072 64 134225920 8192 16 0 16416 512 1081344 0 528416 67141640 268435457 0 16 262144 4 16777216 76021760 2112 0 128 67633696 6 33556480 0 2281703433 268439554 278784 0 8388608 0 0 65664 131074 524304 0 134217728 16 0 0 0 287309824 134348800 0 0 114784 2048 4 2057 98304 4211712 65536 9437184 258 0 131200 0 132096 1074790400 0 0 1048576 0 268451840 268435456 328 2415919106 0 1 0 0 536871968 67108868 32 266240 1572866 270336 536875010 2 2147491840 4325376 0 0 536870912 0 1073750016 268437504 0 524288 2147549184 268435456 262145 134217728 32 16908288 8388608 65666 8 131072 33562632 2097152 2 2147622912 256 0 0 0 8650762 67379204 0 0 136314880 0 0 16480 134218752 1107329024 67108864 2147483648 12585984 1048584 0 320 0 0 262144 16777216 0 70258688 135168 0 6148 33587200 536870912 256 268435456 0 8192
is_linear=0
shrinkage=0.02


Tree=52
num_leaves=15
num_cat=8
split_feature=23 43 27 43 20 43 43 4 26 43 43 25 43 43
split_gain=0.707395 0.339603 0.330109 0.356489 0.220362 0.156079 0.128725 0.105216 0.0781906 0.0773205 0.0706626 0.067973 0.0976125 0.0731064
threshold=0.36927750000000009 0 0.5715690000000001 1 0.49452500000000005 2 3 2.5000000000000004 0.40037450000000008 4 5 0.62558400000000003 6 7
decision_type=8 9 10 9 10 9 9 2 8 9 9 8 9 9
left_child=2 8 3 -1 10 -6 -5 -8 -2 -4 -3 12 -7 -13
right_child=1 4 9 6 5 11 7 -9 -10 -11 -12 13 -14 -15
leaf_value=-0.0013235506709804283 -0.00062652759918097544 0.00066528968812452015 -0.00064183912759383042 -0.00066038156813455679 0.0008781912238083724 0.00061646116052925103 0.0014937435687863239 -0.00074558317405123086 0.0020790629935878747 0.0023841348857670096 -0.0023210161285506289 -0.00092953778468944875 -0.0015256221450138943 0.000762907336330821
leaf_weight=25.32183112361032 2.956940273518053 3.29478792797625 3.9117078080399033 11.731960185578648 12.377342623190049 6.4062036530221329 79.48166214212506 6.3196720161284636 15.17593549366808 33.029477616225861 46.375634964304332 2.502761890641874 48.705931768716411 10.048932664515123
leaf_count=67628 6684 9207 15058 40385 47129 22393 294972 23097 48670 177566 143896 9193 225376 90331
internal_value=0 -0.000984221 0.000904774 0.000365514 -0.00129495 -0.000671581 0.000889522 0.00116818 0.00111556 0.00244081 -0.00238305 -0.000981742 -0.00139731 0.000161838
internal_weight=0 147.844 159.796 122.855 129.712 80.0412 97.5333 85.8013 18.1329 36.9412 49.6704 67.6638 55.1121 12.5517
internal_count=1221585 602879 618706 426082 547525 394422 358454 318069 55354 192624 153103 347293 247769 99524
cat_boundaries=0 23 47 70 93 117 141 161 185
cat_threshold=4194304 536870912 1 2101376 65536 0 1073742081 33554436 1107296256 268435456 671088644 65664 5246976 4 65536 16384 0 0 32 0 0 5243520 2048 0 536870921 131082 11280384 67633152 144 1073741824 0 268435472 32 262144 2281701408 32768 0 8192 134217728 0 0 32896 4096 0 0 262144 134479872 2281701376 1048576 516 8913408 544 24576 2147484296 0 262208 536870944 67113216 16416 16777728 1 0 2048 0 0 32768 0 1024 0 16 34078752 0 0 2147483776 192 134217728 2281709569 2097152 536871172 268435456 67108864 268435456 1048576 268972032 16 0 128 2048 0 2097152 0 1048576 524328 0 16777216 2097152 4 285216864 134217736 65576 33554432 134217728 8192 134742016 2147485696 514 33570816 0 536870912 0 1073741824 0 0 0 71304192 1074266112 8192 0 1056 0 2147483652 268435472 4194304 0 268439552 134250496 0 80 0 16384 4211232 0 1024 8921088 1207959552 0 268697640 268435456 0 1024 33562624 256 1073775616 134217728 1073741824 1073741824 201326746 16973824 4194560 134217729 0 0 2147483648 16 136314944 0 16777216 4224 262144 1048576 532480 0 37888 2097154 1073751040 2415919232 0 16777216 4098 134217728 33554432 0 0 32784 524352 8192 16777216 0 0 0 271323136 0 0 1048800 262144
is_linear=0
shrinkage=0.02


Tree=53
num_leaves=15
num_cat=7
split_feature=23 43 43 27 43 5 43 21 43 39 43 26 27 43
split_gain=0.683967 0.335829 0.318313 0.264551 0.156564 0.152236 0.165096 0.140223 0.162137 0.134168 0.10002 0.0874271 0.0736937 0.0653898
threshold=0.37709050000000005 0 1 0.48599050000000005 2 1.5000000000000002 3 0.24297750000000004 4 -0.10407749999999998 5 0.40037450000000008 0.56627850000000013 6
decision_type=8 9 9 10 9 2 9 8 9 10 9 8 10 9
left_child=1 12 11 4 -3 9 -7 8 -4 -5 -9 -2 -1 -10
right_child=2 3 7 5 -6 6 -8 10 13 -11 -12 -13 -14 -15
leaf_value=-0.001722578654908608 -0.00074360514120125224 -0.0013823181940085011 0.0010236983764528389 -0.0001333089484812856 0.00055307890104508461 -0.0011726784982836799 0.0010228335630765358 0.00065442034376162817 0.00052721032959505846 0.0023957791324701427 -0.0023279956368942004 0.0021204022108240505 0.00035419613698597636 -0.0014160594461567972
leaf_weight=22.214659798067615 2.8246615161568442 9.9853066806493835 7.4391302520303837 8.8861589676979502 36.150758889939354 6.8825292707005081 26.126046473723072 4.731122263648289 5.2847327824932062 69.084595863382745 46.988642112810176 12.890162182730604 7.1298982317843551 41.00631873855319
leaf_count=62386 6517 24254 29456 40020 117165 24325 121968 12788 21014 312983 145485 42291 27340 233593
internal_value=0 0.000748004 -0.00114869 0.00107948 -0.000122169 0.00165584 0.000431585 -0.00146982 -0.000777165 0.00211688 -0.0023166 0.00104562 -0.000960276 -0.00111948
internal_weight=0 186.46 121.165 157.115 46.1361 110.979 33.0086 105.45 53.7302 77.9708 51.7198 15.7148 29.3446 46.2911
internal_count=1221585 730441 491144 640715 141419 499296 146293 442336 284063 353003 158273 48808 89726 254607
cat_boundaries=0 24 47 70 89 113 137 161
cat_threshold=32 16777217 2228232 8388608 64 134217728 0 2097152 268435732 268435456 262144 2281701408 32768 268439552 8192 134217728 2164260864 2048 32768 0 0 0 786432 134479872 33554432 536870912 1 2101248 65536 0 1073742089 301989892 33562625 268435456 134217988 65696 4198400 4 65536 16384 0 0 0 0 0 1049216 2048 33554432 134217728 2 1342779520 2148007936 132 3238002688 0 0 33554464 34607104 1073741824 0 524292 0 65536 0 0 512 2101248 0 1073741952 32 2168459264 536936448 0 2149908480 33554576 656 134217728 131072 0 262144 34607360 6144 4194304 256 0 1024 12416 0 131072 2151678464 1073742852 16 1073741824 0 16402 196736 0 2147745860 32 536875072 0 512 0 0 2147485696 0 0 32 0 1024 4194624 4096 67108864 32 1 0 2181039232 1342177344 0 0 4096 1207992320 537133056 2097168 0 1064960 544 0 4096 1107820800 1073741824 0 262240 0 0 0 33562624 134217984 131104 131584 512 8704 134225928 512 0 524288 0 9216 1067008 0 2097152 4096 16777216 8192 134479872 1606144 0 8388608 0 524288 134217728
is_linear=0
shrinkage=0.02


Tree=54
num_leaves=15
num_cat=13
split_feature=42 42 43 42 43 42 42 52 42 42 43 43 40 43
split_gain=1.19239 0.517211 0.447277 0.219142 0.198947 0.152458 0.113412 0.113328 0.280946 0.229572 0.144506 0.106828 0.102498 0.0741863
threshold=0 1 2 3 4 5 6 7 8 9 10 11 0.055428500000000012 12
decision_type=9 9 9 9 9 9 9 1 9 9 9 9 10 9
left_child=12 -2 5 11 6 -3 -5 8 -6 13 -10 -4 -1 -9
right_child=1 2 3 4 7 -7 -8 9 10 -11 -12 -13 -14 -15
leaf_value=0.0029749254098480776 -0.0024595279063700328 -0.00086078197481568447 -0.00083972382802620425 -0.00086806412741678273 0.001276245284399591 0.0020405881514399577 0.00144681061580468 -0.00071357928456438735 0.00083021362191952933 -0.0022436450971220741 -0.0014128849061509491 0.0015187344789934474 0.0004008675363532968 0.0013084473281003725
leaf_weight=48.273696984180816 35.87594454395267 4.7241886327156921 3.2283375955611575 3.6370992438648866 16.358718422508876 30.730139210254819 13.73059505200259 2.9116645230795757 7.0378067275807705 56.092637260523048 50.687652452584743 17.075592208847489 8.9361187326951477 8.3086809952572231
leaf_count=137769 112187 11479 8679 8358 45489 107786 65031 7123 23696 302770 269271 66682 27985 27280
internal_value=0 -0.000626517 -0.000179268 -0.000605375 -0.000868368 0.00151301 0.00078441 -0.00112714 -0.00038718 -0.00172257 -0.00102458 0.000946284 0.00227215 0.000675689
internal_weight=0 250.399 214.523 179.069 158.765 35.4543 17.3677 141.397 74.0842 67.313 57.7255 20.3039 57.2098 11.2203
internal_count=1221585 1055831 943644 824379 749018 119265 73389 675629 338456 337173 292967 75361 165754 34403
cat_boundaries=0 23 45 69 91 114 137 160 161 184 207 231 255 279
cat_threshold=2097280 2 320 0 17825808 0 0 134287360 268435456 0 16842880 19177472 67108864 33554432 16777217 131072 0 0 67108864 0 547389440 64 131072 64 134225920 8192 16 0 16416 512 1081344 0 528416 67141640 268435457 0 16 262144 4 16777216 92798976 2112 0 128 524832 2147483648 1644200960 516 4096 65536 24576 264 256 1074004032 0 2097428 65536 4198400 134217728 65536 2147483648 0 134217728 0 0 0 4194304 2048 33554432 33554432 32768 267808 4098 131328 4224 0 16384 131072 1073807424 2 4718608 0 134221824 536870928 0 33554464 33554432 18874368 0 0 536870912 167772160 16777248 1 2181038720 8192 0 0 37748740 33595393 0 536870912 0 2 4325888 4096 18432 0 262144 256 268435456 0 67109136 16 0 33056 0 32768 1073873024 41944064 1048584 8 0 0 524288 131072 16 2097152 132224 0 262144 268435456 134217728 2129928 2 603979776 5 0 1107296272 8 65536 8389632 0 131072 35913984 2 2097152 4194304 0 0 2149056512 1024 1048576 67371008 16384 268435456 138412032 1048578 32768 90112 6 0 328 335544320 2147483648 8 1107296256 136 2048 0 0 4718592 0 0 2621440 136576 0 6144 536870976 33554432 4194304 1048576 9437184 8194 2048 0 2048 335544320 262176 268697600 9961472 270400 536875010 16514 2281840640 0 0 136 0 0 0 2048 268435472 0 2 0 65 16781824 0 2097152 0 285212672 2097152 196640 0 524288 268435456 4096 1073746080 8224 321 0 4096 0 0 0 0 1024 1048576 2164266560 8192 0 1 2097152 2147550336 139264 134221844 8192 0 65792 0 0 2621440 32770 268435716 16 0 128 2048 4195072 0 1073741824 144 0 134217728 20971520 0 131074 65536 163840 4 2147491840 4096 671088896 8192 34344960 402653184 32768 2147483904 8192 536870912 0 4196352 131072 0 0 64 0 262144
is_linear=0
shrinkage=0.02


Tree=55
num_leaves=15
num_cat=10
split_feature=42 42 52 42 42 42 42 1 42 28 42 34 42 35
split_gain=1.15487 0.514567 0.306485 0.388791 0.340219 0.221016 0.132253 0.0846004 0.114388 0.0617378 0.0463929 0.0456791 0.0427527 0.0512228
threshold=0 1 2 3 4 5 6 4.5000000000000009 7 0.20419150000000005 8 98.500000000000014 9 0.43873050000000008
decision_type=9 9 1 9 9 9 9 2 9 10 9 2 9 8
left_child=9 -2 4 -4 -3 -5 -6 8 -8 -1 -9 -12 -7 -14
right_child=1 2 3 5 6 12 7 10 -10 -11 11 -13 13 -15
leaf_value=0.0029100394966385334 -0.00245857632064542 -0.0013341452956768785 0.0011683594150922016 0.00053170883899630709 -0.00048889320915828966 0.00037148582224068148 -0.0010916056988132371 -0.00037214667377491754 0.00098784477881186166 0.00071555829830799282 -0.00033329089459854582 0.0022351653730206598 -0.00046234981613686921 -0.0026470428763244423
leaf_weight=46.647635007231663 35.128309916975709 18.090952809376873 19.327047968020739 16.717322563786396 15.127723981551975 5.8680439629045393 4.921198938705972 6.088402632859955 7.5805732651335056 10.075924927935757 1.6405931995188314 55.515169123619131 7.1673510563790535 57.687601551079219
leaf_count=137083 107235 48528 49467 44673 44703 24202 8938 17144 45137 31154 13731 288450 39381 321759
internal_value=0 -0.00061386 -0.000173173 -0.000877406 0.000539531 -0.00143445 0.00104871 0.00138585 3.19972e-05 0.00224591 0.00183459 0.0018439 -0.00191092 -0.00214842
internal_weight=0 250.86 215.732 106.767 108.965 87.4403 90.8737 75.7459 12.5018 56.7236 63.2442 57.1558 70.723 64.855
internal_count=1221585 1053348 946113 479482 466631 430015 418103 373400 54075 168237 319325 302181 385342 361140
cat_boundaries=0 23 45 46 69 92 115 138 161 184 207
cat_threshold=2097280 2 2147483968 0 17825808 0 0 134287360 268435456 0 16842880 2400256 67108864 33554432 16777217 131072 0 0 67108864 0 547389440 64 131072 64 134225920 8192 16 0 16416 512 1081344 0 528416 67141640 268435456 0 16 262144 4 16777216 92798976 2112 0 128 67633696 6 33554432 0 134481929 268439554 278784 0 8388608 0 0 65664 131074 524304 0 134217728 16 0 8192 0 287309824 134348800 0 0 114784 2048 4 264201 98304 4211712 65536 9437184 258 0 131200 0 132096 1074790400 0 0 0 0 268451840 268435456 328 2415919106 0 1 3072 0 536871968 67108868 32 266240 1572866 270336 536875008 2 2147491840 4325376 0 0 536870912 0 1073741824 268437504 0 524288 2147549184 268435456 1 134217728 32 151126016 8388608 65664 8 131072 33824776 2097154 2 2147614720 256 0 0 0 9699338 270340 0 0 136314880 0 0 16416 33554432 64 4608 335544320 277088288 0 8 0 0 16384 4202496 524292 0 1074266112 1296 0 67108864 536870912 0 4 1310720 8650752 320 0 1107296256 536870912 67 2 8651776 524288 0 603983872 2097153 262144 0 524288 17825792 65536 2097152 1048584 2050 32 16777216 0 536903682 65536 134479872 0 16781312 33554432 4194304 268435584 0 0 1048578 16388 134480900 0 2147483648 16781736 65536 0 36 32768 536870928 0 0 536870912 262144
is_linear=0
shrinkage=0.02


Tree=56
num_leaves=15
num_cat=6
split_feature=23 43 43 21 27 43 43 43 4 27 43 28 26 25
split_gain=0.628376 0.316391 0.304361 0.197279 0.187873 0.203697 0.18002 0.111905 0.10594 0.0938498 0.0897402 0.076204 0.0707197 0.0447344
threshold=0.36927750000000009 0 1 0.24297750000000004 0.5715690000000001 2 3 4 2.5000000000000004 0.57544550000000017 5 0.022599600000000001 0.40037450000000008 0.62558400000000003
decision_type=8 9 9 8 10 9 9 9 2 8 9 8 8 8
left_child=2 12 9 6 5 -4 -3 -5 -7 -1 -8 -9 -2 -12
right_child=1 3 4 7 -6 8 10 11 -10 -11 13 -13 -14 -15
leaf_value=-0.0017393742740324947 -0.00057525222336501729 0.0010310211734843636 -0.00075999262459481491 0.00074022209898204187 0.0025388520363584023 0.0014749272190807039 0.00067117505781545683 4.9086937247537566e-05 -0.00079444098646383552 0.00066240788619717386 -0.0017169963951841523 -0.0026816533774480871 0.0020243503785075303 -0.00014486910338237137
leaf_weight=19.971303468762084 2.9251316791027131 12.398868926148197 20.334059606740674 4.2017080098642765 30.925595288632024 76.681454455332727 5.6984510482915933 4.2099755555578051 6.0305783758400926 5.8083124333728433 41.245207408075558 52.329904494450474 15.055495058204929 9.7424858544776836
leaf_count=59600 6658 48287 57822 11820 169262 286926 25637 13747 22357 22739 199948 162530 48844 85408
internal_value=0 -0.000932092 0.000848505 -0.00123231 0.00118188 0.000785382 -0.000531788 -0.00211545 0.00114327 -0.000889536 -0.000943645 -0.00214268 0.00109277 -0.00123566
internal_weight=0 147.807 159.751 129.827 133.972 103.046 69.085 60.7416 82.712 25.7796 56.6861 56.5399 17.9806 50.9877
internal_count=1221585 602879 618706 547377 536367 367105 359280 188097 309283 82339 310993 176277 55502 285356
cat_boundaries=0 23 47 71 94 118 142
cat_threshold=4194304 536870912 1 2101376 65536 0 1073742081 301989892 1107296256 268435456 671088644 65664 5246976 4 65536 0 0 0 32 0 0 5243520 2048 0 16777217 2097152 11280384 0 134217856 8193 2097152 268435728 8192 786432 2550136864 32768 4096 8192 134217728 0 0 128 0 0 0 786464 262144 34078752 536870920 131098 128 67633280 16 3355443200 0 536870916 268435488 0 0 1048576 268959744 0 0 128 2048 32768 2101248 0 1048576 8 134217728 2281701888 1074921472 4 8912896 8224 134242320 197128 0 2147745856 32 4352 4128 0 0 32 3072 0 0 0 0 1024 0 16 0 1 0 2181038084 1342177344 0 0 4096 134258688 537133056 16 0 16384 4194848 0 16384 1082654976 1073741824 0 268697704 268435456 0 0 33562624 33554688 1056 512 512 528 138 2147483776 0 524288 0 67108864 2147502080 16777728 2097153 16 16777216 0 134217728 1048576 0 8388608 67109184 512 67108864
is_linear=0
shrinkage=0.02


Tree=57
num_leaves=15
num_cat=14
split_feature=42 42 43 52 42 42 43 43 42 43 42 43 43 43
split_gain=1.08551 0.497355 0.392715 0.213754 0.328209 0.327798 0.2446 0.191029 0.170892 0.140056 0.122794 0.0846241 0.0574939 0.0521266
threshold=0 1 2 3 4 5 6 7 8 9 10 11 12 13
decision_type=9 9 9 1 9 9 9 9 9 9 9 9 9 9
left_child=9 -2 8 5 11 13 -7 -6 -3 -1 -8 -5 -12 -4
right_child=1 2 3 4 7 6 10 -9 -10 -11 12 -13 -14 -15
leaf_value=-0.00075269658154925457 -0.0024207947795314975 -0.00090506757265294054 0.00064360530573682952 -0.00067278815549396396 0.00082111942966214043 -0.0011183025753069157 -0.00070635125650051259 -0.0021198192466440626 0.0019904420535638368 0.0025306857836609456 -0.00048725323397812772 0.0016269986020868157 0.0018543118419057667 -0.0021001628137891559
leaf_weight=5.0580653935559878 34.890705243093294 5.1915117526132413 2.529739406572463 3.9985802373487149 7.0294603753965648 11.703260237692332 6.5831437094414706 65.948694287879462 30.062082696058166 53.113356139276462 4.8725721303014549 10.96771201694976 50.296958000026926 15.294169820529509
leaf_count=12289 107770 13556 5683 10178 35637 50586 22988 335890 106264 158388 27468 32941 264250 37697
internal_value=0 -0.000603123 -0.00016852 -0.000566821 -0.00120493 0.000131256 0.000749417 -0.00174484 0.00142117 0.00214942 0.00125276 0.000983352 0.00158755 -0.00159458
internal_weight=0 249.369 214.478 179.224 87.9444 91.2798 73.4559 72.9782 35.2536 58.1714 61.7527 14.9663 55.1695 17.8239
internal_count=1221585 1050908 943138 823318 414646 408672 365292 371527 119820 170677 314706 43119 291718 43380
cat_boundaries=0 23 45 69 70 93 116 140 162 185 209 232 256 278 302
cat_threshold=2097280 2 320 0 17825808 0 0 134283264 268435456 0 16842880 19177472 67108864 100663296 16777217 131072 0 0 67108864 0 547389440 64 131072 64 134225920 8192 16 0 16416 512 34635776 0 528416 67141640 268435456 0 16 262144 4 16777216 92798976 2112 0 128 524832 2147483648 1644199936 516 4096 65536 24576 1073742088 256 262209 0 276 65536 4198400 134217728 65536 2147485696 0 134217728 0 0 0 0 2064 33554432 6 33556480 0 134486017 67112962 16640 0 9961472 0 0 65664 131074 4325392 0 134217728 0 0 32 0 287309824 0 0 805306368 65601 2048 4 264201 67141632 4211712 65536 8388608 262402 67108864 131200 2147614720 1024 0 0 0 0 0 268451840 268435456 134217728 2415919104 0 353 536870912 134365184 134221824 269230080 4160 2281701504 0 35782656 0 8192 167772160 2415919104 0 33554432 0 134217728 2147483648 0 128 2101248 0 0 40 67108864 570425600 132100 1 512 576 0 16777728 33685504 167772160 536870912 671092736 2147483648 0 131584 2147483664 16384 33554432 131072 0 8 8388608 67109120 0 288 131072 4194304 1073873024 8389632 1048576 4104 0 1073741825 524288 131077 4112 0 1024 0 264224 301989888 0 4227080 2 67108864 4 16777216 16842752 0 8388608 16777216 134218248 0 256 272 8192 134743040 3221225504 514 2281701376 0 2147483648 1048832 67108864 524288 0 0 1048576 3221225472 134225920 134479872 48 131072 8454146 128 262144 655360 0 538968064 2097154 0 131072 1074790400 17825792 0 2 262156 0 32 131072 65538 603979776 32768 587202592 0 67 1028 131072 4098 0 4096 134283264 0 34869248 0 32770 268439808 0 0 33554432 2048 32768 0 0 4194368 1090519040 262144 0 1048580 8 2147549184 537001984 2101248 0 4096 536870916 268436034 16842752 0 0 67182593 32 0 50331912 1140850688 32768 0 4 1024 16777216 135267328 2097152 33554560 135232 2097152 196608 2 8192 268697856 0 4224 16777216 4194304 0 1024 0 0 256 0 1024 67108880 2147483648 67117056
is_linear=0
shrinkage=0.02


Tree=58
num_leaves=15
num_cat=13
split_feature=42 42 43 42 43 42 43 42 43 43 43 42 42 40
split_gain=1.06024 0.484104 0.399172 0.214257 0.162124 0.15831 0.129821 0.117842 0.10821 0.102521 0.0971228 0.0931689 0.0821957 0.0592543
threshold=0 1 2 3 4 5 6 7 8 9 10 11 12 0.055428500000000012
decision_type=9 9 9 9 9 9 9 9 9 9 9 9 9 10
left_child=8 -2 5 6 12 -3 -4 10 -1 11 -6 -9 -5 -10
right_child=1 2 3 4 7 -7 -8 9 13 -11 -12 -13 -14 -15
leaf_value=-0.00065074856356832486 -0.0023872157586620189 -0.00090021562689128476 -0.0009153234920004031 -0.00070786618832905225 -0.00089718126328163276 0.0019807446621239381 0.0015756447464952725 -0.00086834316288848541 0.0032128030338799446 -0.0014528064996985246 0.001162566116273082 0.0011615350632193299 0.001319626501720732 0.00072821091983355109
leaf_weight=5.1015814746086283 34.884907187413852 4.5918010190245475 3.688303986492889 3.9233044515410089 2.8592482729780855 30.275139363868188 17.409966401484908 3.0908042549013031 44.279009965364978 117.63434022122598 11.183674431925249 8.5646241118044237 12.098813170580678 7.930459526500278
leaf_count=12436 107770 12533 10109 11278 7739 99193 66675 6901 130211 586586 47057 41108 55515 26474
internal_value=0 -0.000593244 -0.000166052 -0.000564262 -0.000827322 0.00144468 0.000940786 -0.00105229 0.0021388 -0.00125463 0.000496412 0.000437514 0.000720942 0.00249578
internal_weight=0 250.205 215.32 180.453 159.355 34.8669 21.0983 143.333 57.3111 129.29 14.0429 11.6554 16.0221 52.2095
internal_count=1221585 1052464 944694 832968 756184 111726 76784 689391 169121 634595 54796 48009 66793 156685
cat_boundaries=0 23 45 69 92 114 137 159 182 206 230 254 277 300
cat_threshold=2097280 2 262464 0 17825808 0 0 134287360 268435456 0 16842880 19177472 67108864 33554432 16777217 131072 0 0 67108864 0 547389440 0 131072 64 134225920 8192 16 0 16416 512 34635776 0 528416 67141640 268435456 0 16 262144 4 16777216 92798976 2112 0 128 524832 2147483648 1610646528 512 4096 65536 24576 264 256 262208 0 2097428 65536 4198400 134217728 65536 2147485696 0 134217728 0 268435456 0 16 2064 33554432 33554432 32768 67113984 4098 393216 128 0 16384 0 1073807424 2 4718608 4096 134217736 536870928 0 33556512 33587200 18874368 0 0 64 2 167772160 32 1 3221226112 8192 2 512 37748738 1107337217 0 536870912 0 32 4342272 4096 16384 0 262144 256 0 0 71303680 0 33088 131072 32768 1073873024 8389632 1048576 8 0 1073741832 524288 131073 4112 2621440 1152 0 264224 33554432 0 6324224 0 0 4 675282944 16384 2621440 3498312704 139264 134221844 0 2 65808 0 0 524288 32784 0 8192 4096 0 2048 256 0 0 67108992 1024 256 672 272629760 8456 268701696 524288 2097152 537006082 16384 134873092 0 512 4256 0 0 0 64 16 0 0 536870912 65536 16777216 16777216 0 545259584 0 134218248 0 256 256 8192 67634176 2148007968 514 134217728 0 2281701376 1048576 67108864 655360 0 0 1048592 3221225472 134225920 256 16908288 4 134217732 131072 0 131200 4 0 0 528384 4256 16777730 2097408 2147483648 16777216 0 16384 1048576 8200 1082130432 1048704 0 67117056 4096 151126016 70 65536 0 2147483776 0 0 402653440 262144 34340864 402659328 0 0 8192 16777216 0 2147483648 4194976 0 0 64 32 67109888 0 68 2281703424 524288 12599298 65536 8 258 2097152 2147483648 2147483648 0 0 524288 0 1048576 64 16384 269484032 2097160 1048578 67108864 24577 0 33554432 552 339804160 8397952 1048576 0 260 4096 130 4718592 1 0 2147483648 2147483648 1048576 0 16385 0 4194304 2 32768 65568
is_linear=0
shrinkage=0.02


Tree=59
num_leaves=15
num_cat=6
split_feature=23 43 43 4 26 43 20 43 2 43 39 43 26 21
split_gain=0.577477 0.303882 0.276408 0.182656 0.170245 0.21439 0.157955 0.154358 0.125551 0.137658 0.104613 0.0814404 0.079738 0.0612534
threshold=0.37402250000000009 0 1 2.5000000000000004 0.54038850000000005 2 0.46952250000000006 3 2.5000000000000004 4 0.12530500000000003 5 0.40037450000000008 0.24818900000000002
decision_type=8 9 9 2 10 9 10 9 2 9 8 9 8 10
left_child=2 12 -1 4 5 -4 -3 -8 9 -9 -10 -6 -2 -7
right_child=1 6 3 -5 11 13 7 8 10 -11 -12 -13 -14 -15
leaf_value=-0.00091931847090963249 -0.00065152202267041511 -0.0027628480344935981 -0.00093924428120754802 -0.0010277720039123912 -0.00054658505431746138 0.0017065065749132852 0.00073206553374892283 0.00127204340157109 -0.0021492913490585102 -0.00081008145001601321 0.00027526392979108254 0.0021416009290018134 0.0021476574998920699 0.00041739003233305514
leaf_weight=25.311985342378243 2.7497221858937122 23.062506039895339 16.989464289774709 11.325018860422913 5.3786756055576994 39.333350188936294 12.977629036916685 4.730937650287049 46.680327879899117 21.109230784857331 7.0309441461564495 49.428254695932651 13.066466371699358 28.316675151170386
leaf_count=79303 6296 69620 42766 44497 17651 175148 42758 16049 215881 107052 33830 255716 43827 71191
internal_value=0 -0.000991269 0.000731808 0.00102296 0.00129014 0.00066394 -0.00129387 -0.000937523 -0.00118366 -0.000134656 -0.0018355 0.00212084 0.00109525 0.00108362
internal_weight=0 131.408 176.083 150.771 139.446 84.6395 115.592 92.5291 79.5514 25.8402 53.7113 54.8069 15.8162 67.65
internal_count=1221585 535313 686272 606969 562472 289105 485190 415570 372812 123101 249711 273367 50123 246339
cat_boundaries=0 23 47 70 93 117 141
cat_threshold=0 536870912 1 4224 65600 0 1073873161 301989892 1107304449 268435456 134217732 65664 4198400 4 65536 16384 0 0 0 0 0 1049216 2048 0 16777217 2097160 8650752 64 134217728 8192 2097152 268435732 268443648 262144 2550138912 32768 268439552 8192 134217728 0 0 0 2097152 0 0 786432 134479872 0 8 131090 536576 1141375104 128 1207959552 33554432 536879104 32 134217728 1073741824 16 524292 0 65536 16777344 0 33408 0 0 1073741888 32 2151677952 1073873952 16 33554432 1073741824 16402 512 0 64 0 536875264 2147487744 8704 134217728 0 2048 1073741824 134217728 1049088 0 8388608 4194624 524288 50332160 5 66 1073741824 512 4 2147549184 2050 0 32 0 1073743872 1048592 768 0 2281766912 0 2147483648 33184 0 1073741824 0 16 67108864 0 0 64 570425344 285212704 1073742336 33 0 134217728 536870912 525312 524288 512 2181054464 0 0 2147491844 1207959552 0 32 1024 4195328 1073741832 8192
is_linear=0
shrinkage=0.02


Tree=60
num_leaves=15
num_cat=9
split_feature=42 42 52 42 42 42 42 1 42 40 40 42 35 30
split_gain=1.01343 0.467163 0.277444 0.36525 0.322934 0.209831 0.128318 0.0823899 0.112724 0.062736 0.046144 0.0460586 0.0490525 0.0513657
threshold=0 1 2 3 4 5 6 4.5000000000000009 7 0.066041500000000017 0.14508500000000005 8 0.43873050000000008 0.22790850000000004
decision_type=9 9 1 9 9 9 9 2 9 10 8 9 8 8
left_child=9 -2 4 -4 -3 -5 -6 8 -8 -1 -9 -7 -13 -14
right_child=1 2 3 5 6 11 7 10 -10 -11 -12 12 13 -15
leaf_value=0.0026921033286364795 -0.0023392800070355306 -0.0013122223233031618 0.0011561510854249185 0.00052300403323981821 -0.00049237978172506178 0.0003728654077560042 -0.0010878373779436867 0.0018971198257851946 0.00096955105923832911 0.00042843158492423248 -0.00027283608347282987 -0.00043340768974688783 -0.0027175076679131875 -0.00025501471172107939
leaf_weight=48.967518403313058 34.875532045544681 17.887177996919853 19.074117130918818 16.965787799686961 15.071121744486883 6.0379228131446832 4.9500070602939799 60.365825978590316 7.8643097984082457 7.7108621705575251 2.9266880653811063 7.1776340787295956 52.834656649168899 4.7657896153322588
leaf_count=144609 107770 47525 48988 45152 41350 24884 8943 305319 45929 23628 17333 39390 298661 22104
internal_value=0 -0.000576763 -0.000158621 -0.000828659 0.000518664 -0.00136573 0.00101248 0.00134249 2.61448e-05 0.00210289 0.00178415 -0.00183055 -0.00206742 -0.00255041
internal_weight=0 250.797 215.921 106.856 109.065 87.7818 91.178 76.1068 12.8143 56.6784 63.2925 70.816 64.7781 57.6004
internal_count=1221585 1053348 945578 479179 466399 430191 418874 377524 54872 168237 322652 385039 360155 320765
cat_boundaries=0 23 45 46 69 92 115 138 161 184
cat_threshold=2097280 2 2147483968 0 17825808 0 0 134287360 268435456 0 16842880 2400256 67108864 33554432 16777217 131072 0 0 67108864 0 547389440 64 131072 64 134225920 8192 16 0 16416 512 34635776 0 528416 67141640 268435456 0 16 262144 4 16777216 92798976 2112 0 128 524832 6 33554432 0 134481929 268439554 278784 0 0 0 0 65664 131074 4718608 0 134217728 16 0 8192 0 287309824 134348800 0 0 114784 2048 4 264201 98304 4211712 65536 9437184 258 0 131200 0 131072 1074790400 0 0 0 0 268451840 268435456 328 2415919106 67108864 1 3072 0 536871968 67108868 32 266240 9961474 270336 536875008 2 2147491840 131072 0 0 536870912 0 1073741824 268437504 0 524288 2147549184 268435456 1 134217728 32 151126016 8388608 65536 8 131072 270344 2097154 2 139264 1280 0 0 0 9699338 270340 0 0 136314880 0 0 81952 33554432 64 4608 335544320 277088288 0 65544 1073741824 0 16384 4194304 524292 0 1074266112 1296 0 67108864 536870912 0 4 1310720 8650752 320 134479872 0 16781312 41943040 4194304 268435584 0 0 1048578 16388 134480900 0 2147483648 16781736 65536 0 36 32768 536870928 0 0 536870912 262144
is_linear=0
shrinkage=0.02


Tree=61
num_leaves=15
num_cat=8
split_feature=23 43 43 4 21 43 43 20 43 25 43 26 43 43
split_gain=0.541315 0.298063 0.281056 0.187754 0.172568 0.155969 0.143741 0.14035 0.148752 0.0811174 0.0813269 0.0788209 0.0779465 0.0686799
threshold=0.37709050000000005 0 1 2.5000000000000004 0.24818900000000002 2 3 0.46952250000000006 4 0.62233550000000015 5 0.40037450000000008 6 7
decision_type=8 9 9 2 10 9 9 10 9 8 9 8 9 9
left_child=1 -1 11 4 5 -3 -6 -4 -9 12 -11 -2 -10 -8
right_child=2 3 7 -5 6 -7 13 8 9 10 -12 -13 -14 -15
leaf_value=-0.00096279339289986486 -0.00069249089304102896 -0.0006605041054804639 -0.0027462961053688856 -0.001065747503625779 -0.0011237272522069707 0.0018164806459335778 -0.00059169335091508758 0.0007255140655420127 0.0005801163187322333 -0.0010163605123897179 0.00075377861019160024 0.0020377479461324236 -0.0017185823127491688 0.0010887104854477409
leaf_weight=28.108420575195321 2.8231656871387885 8.9116857720069174 22.48804378239997 11.938062292270699 9.845900966692879 90.32769460318751 5.7037994896471318 12.031634706768056 4.8975179857315059 2.7284812976726749 10.103307635895044 12.886654621143014 53.136362248774439 31.519013858127074
leaf_count=87072 6517 31365 67448 47627 22136 449127 11124 40257 17260 9795 80733 42291 226843 81990
internal_value=0 0.000660821 -0.00102699 0.000969463 0.00122933 0.00168393 0.000201185 -0.00133347 -0.000967486 -0.00121878 5.06852e-05 0.00101046 -0.00167458 0.000735223
internal_weight=0 186.355 121.095 158.246 146.308 99.2394 47.0687 105.385 82.8973 70.8657 12.8318 15.7098 58.0339 37.2228
internal_count=1221585 730441 491144 643369 595742 480492 115250 442336 374888 334631 90528 48808 244103 93114
cat_boundaries=0 24 47 71 94 118 141 165 188
cat_threshold=32 16777217 2228232 0 268435520 134217728 0 2097152 268435732 268435456 262144 2281701408 32768 268439552 8192 134217728 2164260864 2048 32768 0 0 0 786432 134479872 33554432 536870912 1 2101248 65536 0 1073742089 301989892 33562625 268435456 134217988 65696 4198400 4 65536 16384 0 0 0 0 0 1049216 2048 536870912 0 0 262148 536870912 512 8192 4096 0 536870912 134218752 268468224 530 2147508480 0 536870912 8448 0 524800 266240 0 1073742848 3221225472 8192 33554944 8 134217746 2629632 84410416 2097168 3221225472 33554432 2684354560 32 1576960 4096 0 34078724 0 0 0 2147483648 128 0 0 0 8 4194336 1073741861 16 33554432 64 16400 640 0 1073741888 0 536875072 2147483648 8192 134217728 0 2048 0 134217728 1081856 0 8388608 4194624 524288 134217728 17301504 119816 2097154 532480 2147516416 0 0 2 134217728 33554432 33554432 0 16 2147483712 48 16777216 0 0 0 271060992 0 16 224 256 197632 2 0 1073741824 2097158 65536 4194306 524288 33554432 67117056 16384 1048624 6307872 0 0 16777344 262144 32 794624 0 0 0 8192 0 671088640 0 2147483648 2147557376 128 196617 131076 1073741953 8448 67108872 1073743872 0 0 32 16777216 33555456 1073741824 0 2097152 1073742848 67108864 32
is_linear=0
shrinkage=0.02


Tree=62
num_leaves=15
num_cat=13
split_feature=42 42 43 42 43 42 43 42 42 43 43 43 43 23
split_gain=0.968001 0.446823 0.370801 0.215444 0.171316 0.168821 0.135349 0.125185 0.105225 0.101444 0.0955913 0.0703588 0.0699691 0.0562162
threshold=0 1 2 3 4 5 6 7 8 9 10 11 12 0.37363150000000006
decision_type=9 9 9 9 9 9 9 9 9 9 9 9 9 8
left_child=10 12 5 6 8 -3 -4 9 -5 -6 -1 -9 -2 -13
right_child=1 2 3 4 7 -7 -8 11 -10 -11 -12 13 -14 -15
leaf_value=-0.00066053005514939579 0.00066780500728971142 -0.00095338103830154141 -0.00094778381886643863 -0.00086183184204196369 -0.00089250417119765351 0.0018718017231499459 0.0015442711642769094 0.00049607597252485309 0.0014645806399759896 0.0011633694659907313 0.0023794290006257392 -0.00099401628963301648 -0.0027355407622132416 -0.0020172051388153206
leaf_weight=4.4539203807676149 3.6220954128314267 4.6606952910745392 3.6902923882896843 2.9305892539869545 3.5599553066694551 32.747712717861752 18.763824323543968 6.4801691082903794 11.635750533291517 11.852389898028916 52.214011447957283 64.338714450408673 31.359407164830664 55.125124761472776
leaf_count=12101 7658 12776 11472 8060 10394 111094 73560 37035 54664 40454 156627 320208 102396 263086
internal_value=0 -0.00056684 -0.000157137 -0.000552781 -0.000826814 0.00134769 0.000919155 -0.0010545 0.000796752 0.000482515 0.00205226 -0.00127393 -0.00228849 -0.00141457
internal_weight=0 250.767 215.785 178.377 155.923 37.4084 22.4541 141.356 14.5663 15.4123 56.6679 125.944 34.9815 119.464
internal_count=1221585 1052857 942803 818933 733901 123870 85032 671177 62724 50848 168728 620329 110054 583294
cat_boundaries=0 23 45 69 88 112 135 159 182 205 228 252 274 298
cat_threshold=2097280 2 2147746048 0 17825808 0 0 134287360 268435456 0 16842880 2400256 67108864 33554432 16777217 131072 0 0 67108864 0 547389440 64 131072 64 134217728 8192 16 0 16416 512 34635776 0 528416 67141640 268435457 0 16 262144 4 16777216 92798976 2112 0 128 524832 2147483648 1610645504 532 4096 65536 24576 264 256 1074004032 0 2097428 0 4198400 138412032 0 2147485696 0 134217728 0 0 0 16 2064 33554432 33554432 32832 5696 2147487746 131080 128 0 16384 0 1073807360 2 20971520 4096 134221832 536871168 0 33560608 33554432 18874368 150994944 16778276 1 33554944 0 0 0 4325382 33595393 0 536870912 0 0 131584 69632 16793600 1048576 262144 256 268435456 8388608 67109120 0 8192 0 33088 4096 32768 1073873024 8389632 1048584 8 0 1073741824 524288 131072 4112 2097152 1152 0 264224 0 0 6324232 2 67108864 1 150999072 147456 2097154 1024 128 134217732 0 1073872898 268435728 0 0 136839168 0 268435456 0 16781312 2147487744 2048 4194592 0 0 1073741824 0 134217728 0 256 160 272629761 262144 268701696 524288 2097152 131074 16384 134750212 0 512 2097152 1024 0 262144 1081344 16 163840 2 0 73730 2048 0 0 272629760 8651776 34668544 131072 262400 2101250 2113536 4 256 0 2164785152 1024 0 262208 0 0 4358152 1048578 0 8192 541594144 134217728 2621514 2954895360 67112960 2147483648 0 0 16 0 34607104 134217728 0 256 8192 0 256 0 0 0 0 0 3221487648 16777216 16777216 0 578814016 16777248 520 0 256 524544 8192 67633152 32 514 134234112 0 2147483648 1048576 134217728 655360 0 0 1049616 3221225472 8192 536871168 131072 0 2147483648 1342177344 2 131200 0 0 64 12288 2183168 16777760 16384 2415919104 0 8388612 16384 1048608 96 0 1049088 0 16384 0 2686713856 16 0 67109120 134221824 2147483648 268435456 201326592 128 4096 0 0 5120 1073750272 1073741824 524448 0 1073741824 5243520 0 67108864
is_linear=0
shrinkage=0.02


Tree=63
num_leaves=15
num_cat=9
split_feature=20 52 43 43 43 43 26 43 27 43 43 43 35 3
split_gain=0.475483 0.310597 0.265958 0.210586 0.136921 0.111217 0.107418 0.0985261 0.0909192 0.190379 0.17116 0.0835842 0.0656383 0.0541738
threshold=0.50763150000000012 0 1 2 3 4 0.48575900000000005 5 0.5715690000000001 6 7 8 0.43873050000000008 2.5000000000000004
decision_type=10 1 9 9 9 9 10 9 8 9 9 9 8 2
left_child=1 3 -2 -1 -4 -3 7 -5 9 -6 -10 -11 -7 -9
right_child=2 5 4 6 8 12 -8 13 10 11 -12 -13 -14 -15
leaf_value=-0.0014217955562266702 -0.001045516511287147 0.00064938375705759957 -0.00059021478625989067 0.0011279684832719379 -0.00076241668073888326 -6.2985281009560071e-05 0.0019108493564526968 0.00055599446114475994 -0.0007366482508793002 -0.00040196561824015433 0.0021231291015907892 0.0013228096685904427 -0.0027887714269331947 -0.0012325175620376764
leaf_weight=10.336883481716264 23.214144701634741 5.4010525757332912 16.988758051500724 6.8394230211067466 19.513350804009793 4.0444009357429787 18.050181470078126 6.2794110310634386 7.4757439276454996 11.508096042218659 34.695910447054622 78.843676094254931 46.696026337392276 17.523812955750049
leaf_count=27841 80195 11187 80216 16447 62879 11643 53774 17740 30041 32557 248718 350893 144226 53228
internal_value=0 -0.00100127 0.000594651 0.000150832 0.000854459 -0.00184829 0.000740898 8.82223e-05 0.00105439 0.000758876 0.00188575 0.00107717 -0.00220166 -0.000553812
internal_weight=0 115.171 192.24 59.0297 169.026 56.1415 48.6928 30.6426 152.037 109.865 42.1717 90.3518 50.7404 23.8032
internal_count=1221585 336086 885499 169030 805304 167056 141189 87415 725088 446329 278759 383450 155869 70968
cat_boundaries=0 1 25 46 69 93 116 139 163 187
cat_threshold=6 0 1 72 327684 285245440 0 0 0 805306640 268435456 264192 268435456 32768 2415919104 8192 536870912 8456 0 0 2359296 0 1073741824 1074266144 134217728 536871424 570425344 136839178 532480 524848 134217856 8 147456 262144 8224 33554432 2281701376 0 167772160 0 134217728 0 2048 0 2097152 1073741824 524288 16781312 0 2952798208 128 134222336 8192 4096 134217728 8706 524288 134217728 2 73728 0 402653184 2164260864 1073741824 512 0 268435456 0 2147483840 4194304 131072 4 2147483648 512 4194304 67108865 134352896 167772164 570425344 134219776 0 20512 512 0 0 34611200 0 0 262144 1024 4194560 64 33554432 0 1073745952 0 33554564 268632064 2147483652 1073807648 2 33554432 268697600 2097172 128 4096 4194308 8192 0 256 0 256 0 0 192 524288 32 8 135186 2621440 604111360 144 402653184 0 8196 32 301989888 0 8192 4096 0 4096 0 2048 131200 528384 4 1024 8 4198400 0 2097152 1073741824 4192 3221225480 67174440 33571072 32768 16 1048576 3221225472 16 256 0 0 1073741824 2147483648 32768 0 1024 4194304 16 67117056 16777216 134283264 0 8389632 524288 4194304 1 1073741824 590848 536870912 0 557056 16384 67125248 268435472 65536 525440 0 32 268435456 2101248 64 262144 262146
is_linear=0
shrinkage=0.02


Tree=64
num_leaves=15
num_cat=13
split_feature=42 42 43 42 43 42 43 42 42 43 43 43 35 43
split_gain=0.919716 0.427011 0.348782 0.215784 0.187703 0.163035 0.123261 0.121529 0.109927 0.102189 0.0872563 0.0841949 0.0818188 0.0805128
threshold=0 1 2 3 4 5 6 7 8 9 10 11 0.48611200000000004 12
decision_type=9 9 9 9 9 9 9 9 9 9 9 9 8 9
left_child=6 12 5 9 7 -3 -1 -5 11 -4 -10 -6 13 -2
right_child=1 2 3 4 8 -7 -8 -9 10 -11 -12 -13 -14 -15
leaf_value=-0.00071059508789624124 0.00082308961761058317 -0.00097781235669983611 -0.00080175941235839827 -0.00089828809981746247 -0.00082716264940581655 0.001806676450776343 0.0023430004081124254 0.0015079422941744189 0.00046145150647782326 0.0014786507097611734 -0.0014517117648427896 0.0010461449732882262 -0.0034077076179667353 -0.0011696046566957859
leaf_weight=5.0172381590822468 2.0647646589070017 4.1362550664821143 3.5772582553352779 3.6200907810684573 3.3497952762256791 33.248076230197071 52.583552437440659 12.861862737589751 9.138494524940187 18.623196585457364 114.10977313466141 11.788753753162554 23.610960927250265 9.6678203518981736
leaf_count=13481 4116 13448 9863 7313 7515 116364 163650 46689 41611 68273 584065 43867 74381 26949
internal_value=0 -0.000555826 -0.000152002 -0.000538006 -0.000813315 0.00130682 0.00198516 0.00080325 -0.00106557 0.000936077 -0.00127518 0.000426253 -0.00223074 -0.000884846
internal_weight=0 249.797 214.454 177.069 154.869 37.3843 57.6008 16.482 138.387 22.2005 123.248 15.1385 35.3435 11.7326
internal_count=1221585 1044454 939008 809196 731060 129812 177131 54002 677058 78136 625676 51382 105446 31065
cat_boundaries=0 23 45 68 87 111 134 158 181 204 228 250 274 298
cat_threshold=2097280 2 67109120 0 17825808 0 0 134287360 268435456 0 16842880 2400256 67108864 100663296 16777217 131072 0 0 67108864 0 547389440 64 131072 0 32 8192 16 4194304 16416 512 34635776 0 528416 67141640 268435456 0 16 262144 4 16777216 92798976 2112 0 128 67633696 2147483648 1610649600 516 4736 65536 16384 264 256 262209 0 2097428 65536 4198400 4194304 0 2147485696 0 134217728 0 0 0 4194304 2064 33554432 32768 1632 4098 131328 128 0 16384 0 1073807424 524290 21495824 4096 134221832 16 0 33558560 33554432 18874368 33554432 16908320 1 0 8192 8192 512 4194308 1107337216 0 536870912 0 512 134349568 69632 16793600 0 262144 256 268435456 0 67108992 2147483648 33562624 64 8448 131584 1 1073873024 8389633 1048584 8 0 1073741824 524288 131073 4112 0 1152 0 268320 16384 0 4227072 0 536870912 4 16777216 16842752 0 8388672 16777248 134218248 0 256 272 268443648 67635200 1073741824 514 2281701376 0 0 9437440 134217728 524288 0 0 1048576 2147483648 8192 0 8272 0 268435456 8389634 1114112 0 264 538972162 0 2151677952 0 0 2150105088 0 1048576 0 536870912 269516800 4325376 2 0 65601 1024 320 128 272629761 8200 268832768 524296 0 537006082 16384 134217728 0 512 2097184 0 0 2048 64 16 131072 0 536870912 65601 167772160 16793608 2097216 1073741824 8192 4242 0 1073741824 65552 0 33558528 2621440 2 268435716 0 4096 4096 2048 4194560 0 0 67108992 0 134217728 16777472 33554432 0 1073741828 4096 2 131104 0 0 262144 67112960 2101408 16777250 2113536 268435456 0 9441280 147456 0 8 1082130432 1049088 4128 134217728 4112 537460736 34209808 128 32 134217728 134217728 262400 262144 2550140960 32768 0 8192 0 0 2048 672 0 0 64 0 262144 570425344 147457 64 1879310336 16777232 8192 16843008 135168 0 0 270532608 128 4096 64 0 134218752 0 0 288 268435456 1024 4194304 16 67108864
is_linear=0
shrinkage=0.02


Tree=65
num_leaves=15
num_cat=14
split_feature=42 42 43 42 43 43 42 43 52 42 42 43 43 42
split_gain=0.922433 0.417281 0.338316 0.205772 0.16797 0.160214 0.148148 0.11112 0.0954514 0.248996 0.234196 0.178072 0.106413 0.0813397
threshold=0 1 2 3 4 5 6 7 8 9 10 11 12 13
decision_type=9 9 9 9 9 9 9 9 1 9 9 9 9 9
left_child=7 -2 6 4 -4 13 -3 -1 10 12 -7 -12 -10 -5
right_child=1 2 3 5 -6 8 -8 -9 9 -11 11 -13 -14 -15
leaf_value=-0.00061063068330485532 -0.0023069356603606195 -0.00089891428522064669 -0.0010600977018406918 -0.0007338358475283992 0.0015172478129517489 0.0011619559191528594 0.0017285959686192335 0.002456579079075713 -0.0008667483886704967 -0.002114048675131494 0.00085583623019051163 -0.0014040430772154857 0.001436317549882846 0.0013780244914446203
leaf_weight=5.7708358594091029 30.158748333238325 4.6352328794029791 4.5386572724239524 3.1071436908308092 21.035470307271357 16.53541372616527 34.28312394985263 47.725048206928513 3.1077772839612292 56.47310104890942 9.9851762977745278 49.394669771917137 9.5197781138403599 11.103998773407016
leaf_count=16057 91954 12081 10663 5831 65845 54019 113920 156760 5931 317876 31240 271430 29653 38325
internal_value=0 -0.000535384 -0.000166618 -0.000537109 0.000837032 -0.000810878 0.00125264 0.00206444 -0.00102466 -0.00156449 -0.000356232 -0.00092807 0.00070666 0.000776563
internal_weight=0 253.878 223.72 184.801 25.5741 159.227 38.9184 53.4959 145.016 69.1007 75.9153 59.3798 12.6276 14.2111
internal_count=1221585 1048768 956814 830813 76508 754305 126001 172817 710149 353460 356689 302670 35584 44156
cat_boundaries=0 23 45 68 90 114 138 160 184 185 208 231 254 278 301
cat_threshold=2097280 2 2147746048 0 17825808 0 0 134287360 268435456 0 16842880 6594560 67108864 33554432 16777233 131072 0 0 67108864 0 10518528 0 131072 0 0 8192 16 0 16416 512 34635776 0 528416 67141640 268435456 0 16 262144 4 16777216 92798976 2112 0 128 524832 2147483648 1610645504 516 4608 65536 24576 1073742088 256 262208 0 2097428 0 4198400 4194816 0 2147485696 0 134217728 0 0 0 4194320 2064 33554432 32768 1632 4098 131336 128 0 16384 4096 1073807424 2 17301504 4096 134217736 256 0 33558560 33554432 18874368 0 536870912 64 134217760 151011328 2097152 1024 12368 20 16785408 1073741824 272 0 34082816 134217728 0 402653184 0 4096 2147487744 2048 256 0 0 67108992 0 134217728 0 33686560 1 0 8768 16 512 4194308 1107337217 0 536870912 0 0 134348800 2147553280 16793600 0 262144 256 268435456 8388608 67108992 0 8192 33554432 41216 0 32768 1073873024 8389632 0 8 0 1073741824 524288 16908289 4112 0 1024 0 268320 268451840 0 4227136 2 67108864 16777216 0 0 578814016 16777248 134218248 0 131328 256 8192 67895296 2097184 514 16640 0 2281701376 1048576 0 524288 0 0 1048592 2148007936 8192 6 2048 134217728 134219776 335544320 16416 268701696 8912896 8192 2 130 2281840640 0 0 0 0 0 0 18432 268435472 0 0 805306368 327777 0 328 335544320 2147483648 8192 1048576 136 2048 131072 0 524288 1 0 69730304 136320 0 2048 537919553 34603008 4194304 1048576 1048576 2 150999552 134217728 2097152 128 285212672 0 196640 0 0 268697600 1052744 4128 8224 320 0 5120 1073741824 0 0 0 0 0 2164265536 0 0 18 65664 33685536 4 134225920 6144 402653184 8192 302256128 134217728 16 33558784 0 536870912 0 4194304 164000 0 0 64 0 262144 64 1207959552 0 268435457 8391680 34603008 0 264 2 2147500032 2151677952 4 1073741824 2621440 0 262144 0 536870912 32768 4325376 1048576 67108864 73793
is_linear=0
shrinkage=0.02


Tree=66
num_leaves=15
num_cat=13
split_feature=42 42 43 42 42 43 43 43 43 42 42 42 43 23
split_gain=0.890886 0.406911 0.323409 0.200767 0.163014 0.144304 0.130589 0.109777 0.0823492 0.107699 0.0967327 0.0820163 0.0756672 0.0652225
threshold=0 1 2 3 4 5 6 7 8 9 10 11 12 0.40088300000000004
decision_type=9 9 9 9 9 9 9 9 9 9 9 9 9 8
left_child=7 -2 4 6 -3 11 -4 -1 10 12 -7 -5 -10 -11
right_child=1 2 3 5 -6 8 -8 -9 9 13 -12 -13 -14 -15
leaf_value=-0.00059753824950671607 -0.0023163141257004465 -0.00084791934638719804 -0.0009157151939846879 -0.00079340252433477765 0.0018042166587578035 -0.00092920014155784664 0.0014183685655352132 0.0024135991119392129 -0.00077236687312985674 -0.0011288890171040394 0.0010002620820914092 0.0014071581287869162 0.0010871302731523553 -0.0024128670826615061
leaf_weight=5.9184770473290458 28.48367967534308 6.2682602418765132 4.3937036501913909 2.06606687552202 31.137735338057379 3.6402197439276782 21.375500649483861 47.855358073557774 2.9277894656083676 98.440324032389569 12.474211768034525 9.88628761955726 9.4993409437712852 22.982658514842925
leaf_count=15820 90007 14742 11267 5507 109479 8259 66935 162119 9198 482457 47024 43772 44314 110685
internal_value=0 -0.000527012 -0.000170022 -0.000523122 0.0012443 -0.000790565 0.00082991 0.00202414 -0.000978047 -0.00115219 0.000326566 0.000796913 0.000466222 -0.00135088
internal_weight=0 253.576 225.092 187.686 37.406 161.917 25.7692 53.7738 149.965 133.85 16.1144 11.9524 12.4271 121.423
internal_count=1221585 1043646 953639 829418 124221 751216 78202 177939 701937 646654 55283 49279 53512 593142
cat_boundaries=0 23 45 68 90 112 136 160 184 208 231 254 277 301
cat_threshold=2097280 2 2214854912 0 17825808 0 0 134287360 268435456 0 16842880 6594560 67108864 33554432 16777217 131072 0 0 67108864 0 10518528 0 131072 0 0 8192 16 0 16416 512 34635776 0 528416 67141640 268435456 0 16 262144 4 16777216 92274688 2112 0 128 524832 2147483648 1610646528 516 4608 65536 24576 264 256 262208 0 2097428 65536 4198400 4194816 0 2147485696 0 134217728 0 0 0 4194320 2048 33554432 32768 5664 4098 131328 128 0 16384 0 65600 6 17301520 0 134221832 272 0 33558560 33554432 16777216 0 536870912 536870976 33554496 41248 0 0 1073873024 8389632 8 8 0 0 524288 16777217 16 2621440 132096 0 266240 268976128 0 2129984 2 603979776 570425344 32 1 33554432 8256 0 65536 272629764 1107304449 0 536870912 128 512 134348800 69632 16384 0 262144 0 268435456 1073741824 68157696 16 33562624 134217728 16793601 2097153 1024 64 4118 16785408 1075838976 65808 0 33558528 0 32768 4 0 4096 2147487744 0 4194304 4096 0 67108992 0 134479872 16777216 16777216 0 8388672 16777248 134218248 0 131328 524544 8192 67633152 2097184 4194818 16640 0 0 1048576 0 524288 0 0 1049616 2148007944 8192 256 131076 0 3229614208 268435456 2 0 0 32768 64 67117056 2113536 32 16704 2415919104 16777216 34603008 147456 256 64 8388608 640 0 67108864 0 320 192 272629760 8224 268701696 524288 2097152 131074 1073741824 134742016 0 4608 2097312 1024 0 788480 34816 2097168 0 0 0 1 0 1073741892 134217728 0 12591234 1048576 0 258 0 0 131072 0 1048576 1143472128 0 9437184 67108864 540672 301989920 8 1048576 2 81921 0 134226176 1 4784128 2048 65536 131072 262148 2097154 2149580800 4194304 131073 0 1048640 2147484672 262144 0 536870912 2148532224 138412032 0 67108864 65 544 150999040 0 537403396 524288 2281701508 67239936 2097152 0 33554432 34865152 2281701408 0 0 32 0 0 2048 160 0 0 1073741888 2147483648 134217728
is_linear=0
shrinkage=0.02


Tree=67
num_leaves=15
num_cat=4
split_feature=52 20 1 26 24 45 21 45 44 36 22 19 28 38
split_gain=0.430346 0.428908 0.217545 0.217992 0.133348 0.101351 0.116741 0.0748583 0.0652064 0.063403 0.0642704 0.0449414 0.0436256 0.0425223
threshold=0 0.50589050000000013 4.5000000000000009 0.49022800000000005 0.43079150000000005 1 0.23096850000000005 2 3 0.42615400000000003 0.17535900000000001 232.50000000000003 0.16489150000000005 0.34257373014100007
decision_type=1 10 2 10 10 9 10 9 9 10 8 2 10 10
left_child=2 -2 7 5 -3 -4 -7 -1 -6 10 11 -5 -11 -9
right_child=1 4 3 9 8 6 -8 13 -10 12 -12 -13 -14 -15
leaf_value=0.00060641647176449902 -0.002109102999067866 -0.0010555778236411705 0.00089755648135941021 -0.00029649289584391905 -0.00032560925686657785 0.00082413831831550978 -0.0013391948577243756 -0.0017907161304177716 0.00080854750787573264 -0.0010097387586846557 -0.00013216603760016752 0.0021723940328975976 0.0010673795744099487 0.00053627540365477856
leaf_weight=6.6037218609551713 54.683011821255391 26.379347955146415 20.127992284421349 1.9137835104076675 23.777231077841272 11.151035406990621 23.889063717574849 18.256088876569248 47.002914703051921 3.919899942885209 5.0662638344504662 60.773019718057128 2.4246624733058431 1.358153531044535
leaf_count=22488 160063 143616 61470 16900 117841 40878 69882 54473 194156 21366 17196 281344 9069 10843
internal_value=0 -0.000728201 0.000700596 0.00107678 4.29009e-05 0.000102246 -0.000507141 -0.000805129 0.000494933 0.00175002 0.00191751 0.00208069 -9.53616e-05 -0.00110461
internal_weight=0 151.843 155.484 129.266 97.1595 55.1681 35.0401 26.218 70.7801 74.0976 67.7531 62.6868 6.34456 19.6142
internal_count=1221585 615676 605909 518105 455613 172230 110760 87804 311997 345875 315440 298244 30435 65316
cat_boundaries=0 1 2 3 4
cat_threshold=6 2146 88 688
is_linear=0
shrinkage=0.02


Tree=68
num_leaves=15
num_cat=13
split_feature=42 42 43 42 42 43 43 42 43 28 52 43 43 42
split_gain=0.874435 0.395384 0.321186 0.190938 0.160177 0.155572 0.153575 0.10483 0.0817549 0.0793769 0.0781606 0.098282 0.0860488 0.0732579
threshold=0 1 2 3 4 5 6 7 8 0.20419150000000005 9 10 11 12
decision_type=9 9 9 9 9 9 9 9 9 10 1 9 9 9
left_child=9 -2 4 5 -3 -4 13 8 -8 -1 11 -9 -12 -5
right_child=1 2 3 6 -6 -7 7 10 -10 -11 12 -13 -14 -15
leaf_value=0.0027565323039152618 -0.0022289596701928617 -0.000861802902941896 -0.0010075746837915312 -0.00073059170053140128 0.0018611160581655296 0.0013685099131746528 -0.0008150989264821848 0.001049192058201468 0.0011589136597034968 0.00039572486324324264 0.00050031795642547551 -0.00070087156063610822 -0.0015704476698830559 0.0012887842913618238
leaf_weight=42.339428111052925 30.291408105918332 5.6348051474914342 5.3213556927462662 2.4863567110747335 29.445648652760291 24.540921209664486 2.4598519496584244 8.0709279789071022 9.7113431457411341 8.587251922619954 7.5139716631320788 14.322421003489699 104.15317857183088 12.432003889592989
leaf_count=126839 102490 14264 12069 6735 106802 78418 9041 21635 47849 27888 27841 65803 528927 44984
internal_value=0 -0.000507031 -0.000152006 -0.000493091 0.00129662 0.00074978 -0.00076764 -0.000978705 0.000530224 0.00206092 -0.00115527 9.77335e-05 -0.00138836 0.000754672
internal_weight=0 256.384 226.093 191.012 35.0805 29.8623 161.15 146.232 12.1712 50.9267 134.06 22.3933 111.667 14.9184
internal_count=1221585 1066858 964368 843302 121066 90487 752815 701096 56890 154727 644206 87438 556768 51719
cat_boundaries=0 23 45 69 90 113 137 160 180 204 205 229 253 276
cat_threshold=2097280 2 256 0 17825808 0 0 134287360 268435456 64 16842880 6594560 67108864 33554432 1 131072 0 0 67108864 0 10518528 64 163904 0 0 8200 16 0 16416 640 34635776 0 528416 67141632 268435456 0 16 262144 4 16777216 92274688 2112 0 128 524832 2181038080 1107296256 517 4096 65536 24576 1073742088 256 262209 0 2097428 0 4198400 4194816 4096 2147483648 0 134217728 0 0 0 67108864 2048 33554432 33555456 32832 134219360 268439558 256 128 0 16384 4096 1073807360 2 17301504 0 134217728 536870912 0 1107300384 33554432 18874368 0 536870912 33554496 320 134218240 0 1073741954 8389633 1048576 2056 0 1073741824 4718600 131073 16 2097152 1024 0 262144 33554432 0 32832 2 67108864 5 4128 16793600 2097152 1073742852 131600 20 8192 1073741824 8448 0 33558528 2147483648 32770 2415919104 0 4096 4096 2048 256 268435456 0 1073741952 0 134217728 4194304 132132 0 516 139264 4 512 4 1107304448 0 536870912 65664 0 134348800 2147549184 16793600 33554432 262144 256 268435520 0 4194320 16 0 256 335544448 4194304 401416 268701696 524288 2097152 131074 16384 2281701380 16 4608 4264 16 0 0 32832 16 131072 536870912 8 2228234 9241728 2214592512 134218240 134217728 134217730 65536 268435458 34603008 0 0 0 8192 134217728 256 0 4194816 0 1073741824 0 64 262144 2 150999072 16814080 64 142606336 50364416 0 134283296 0 32768 0 1052672 0 8704 320 0 0 1073741824 0 0 0 0 640 2164262464 67108864 0 0 0 1073741824 4608 138412032 134217728 37879810 32768 262208 134742016 2149597184 16777216 67108864 16 0 17825792 16384 0 0 1073746436 1048832 0 8192 0 1073750032 67239936 67108864 4341762 1114112 0 268 69206018 136 2147484672 0 4096 3221225472 2147483648 8650752 64 0 0 4194304 0 0 262144
is_linear=0
shrinkage=0.02


Tree=69
num_leaves=15
num_cat=9
split_feature=42 42 52 42 42 42 42 23 1 42 42 40 30 25
split_gain=0.837569 0.395121 0.295516 0.33985 0.338515 0.199231 0.114884 0.0778736 0.073993 0.115221 0.0499371 0.0484054 0.0417001 0.0415344
threshold=0 1 2 3 4 5 6 0.36015250000000004 4.5000000000000009 7 8 0.12974650000000001 0.21633300000000003 0.48015750000000007
decision_type=9 9 1 9 9 9 9 8 2 9 9 8 10 8
left_child=13 7 3 -3 -4 -5 -6 -2 9 -8 -7 -10 -12 -1
right_child=1 2 4 5 6 10 8 -9 11 -11 12 -13 -14 -15
leaf_value=0.00061733378199480427 -0.00068753804924535315 0.0010978587571213198 -0.0013324714884347664 0.00052475226936667921 -0.00047393911683937389 0.00033723563501125464 -0.0010501457054489787 -0.0031987980219977336 0.0019024951910414404 0.0010073081538224673 -0.0024369801519810541 -0.00019021167025286571 -0.00040154777003112527 0.0025993527666259815
leaf_weight=8.7334983023801236 9.8728052475503301 19.525002810724196 17.549811751015888 16.782503423696216 13.49012433548339 6.9682799971318321 5.3050015799399306 24.842118806907521 61.93202744700352 8.6876251918516445 59.954529227192431 3.8107015421774681 6.6399111626759071 43.193035649360567
leaf_count=36140 32082 52714 48917 43817 36369 23904 9279 73036 303619 46663 339132 21059 22766 132088
internal_value=0 -0.000500577 -0.000125832 -0.000808655 0.000567084 -0.00131834 0.0010598 -0.00212581 0.00135324 0.000133606 -0.00175648 0.00177632 -0.00199728 0.00199844
internal_weight=0 255.36 220.646 109.87 110.775 90.3452 93.2255 34.7149 79.7354 13.9926 73.5627 65.7427 66.5944 51.9265
internal_count=1221585 1053357 948239 482333 465906 429619 416989 105118 380620 55942 385802 324678 361898 168228
cat_boundaries=0 23 45 46 69 92 115 138 161 184
cat_threshold=2097280 2 2147746048 0 17825808 0 0 134287360 268435456 0 16842880 6594560 67108864 100663296 1 131072 0 0 67108864 0 10518528 0 131136 0 32 8192 16 4194304 16416 512 34635776 0 528416 67141640 268435456 0 16 262144 4 16777216 92274688 1050688 0 128 67633696 9 33554432 134217728 134219849 268439554 278784 0 8388608 0 0 65664 131074 524304 0 134217728 16 0 8192 0 287309824 134348800 0 0 114720 2048 134217732 2057 98304 17408 65536 9568256 258 0 131200 0 131072 1074790400 0 0 2 0 268451840 268435456 328 2415919106 0 1 3072 0 536871968 67108868 32 268701696 1572866 270336 536875008 2 2147492864 131072 0 0 536870912 0 1073741824 268437504 0 524288 2147549184 268435456 1 134217728 0 151126016 8388610 65536 8 0 270344 2097154 2 2147622912 1280 0 0 0 9699336 270348 0 0 136314880 0 0 81952 33554496 64 4608 335544320 277088288 0 8 0 0 16384 4194304 524292 0 1074266112 1296 0 67108864 537395200 0 4 1310720 8650816 256 134479872 0 16781312 41943040 0 128 0 0 1048578 16388 134479876 1024 2147483648 17830312 65536 0 36 32768 536870928 0 0 536870912 270336
is_linear=0
shrinkage=0.02


Tree=70
num_leaves=15
num_cat=8
split_feature=23 43 43 21 43 4 43 27 43 43 27 36 43 43
split_gain=0.434579 0.266624 0.26111 0.150254 0.160081 0.13963 0.109715 0.103783 0.187634 0.0850279 0.0716134 0.0634454 0.160091 0.0785614
threshold=0.36927750000000009 0 1 0.25853850000000006 2 2.5000000000000004 3 0.56963350000000013 4 5 0.56528800000000012 0.32276600000000005 6 7
decision_type=8 9 9 8 9 2 9 10 9 9 8 10 9 9
left_child=2 -2 10 4 -3 7 -5 8 -4 -6 -1 13 -13 -10
right_child=1 3 5 6 9 -7 -8 -9 11 -11 -12 12 -14 -15
leaf_value=-0.0017461239682077818 0.0010188896864354077 0.00089438908646199912 -0.00081890389426888079 0.00069844715672347246 0.00055333469820566554 -0.00086932751723065764 -0.0020804564622509962 0.0022563013280023896 -0.00055081167755611311 -0.0011863711786363378 0.00035761869821145873 -0.0011083924017264532 0.0010948182631749339 0.0017577904335498108
leaf_weight=17.930365158171433 19.066884888542667 13.931954661206266 14.891173231348914 4.7152898462245929 8.4042114669335568 9.9591650496340929 40.247714404564505 29.557410439029184 5.4235309859076306 61.302538771463503 6.9557255162682443 7.3090393336598307 20.892131681613034 46.673880629221017
leaf_count=53213 59386 54482 41315 11277 32250 38892 118298 163424 16790 327186 26508 20161 86046 172357
internal_value=0 -0.00077394 0.000707531 -0.00106452 -0.000583225 0.00101678 -0.00202491 0.00127342 0.000870852 -0.00091578 -0.000896645 0.0011724 0.000438785 0.00170166
internal_weight=0 147.669 159.592 128.602 83.6387 134.706 44.963 124.747 95.1898 69.7068 24.8861 80.2986 28.2012 52.0974
internal_count=1221585 602879 618706 543493 413918 538985 129575 500093 336669 359436 79721 295354 106207 189147
cat_boundaries=0 23 47 69 93 117 141 164 188
cat_threshold=4194304 536870912 1 2101376 65552 0 1073807617 33554436 1107296256 268435456 134217732 65664 5246976 0 65536 0 1073741824 0 32 0 0 5243520 2048 0 16777217 0 11280384 64 134217872 8193 2097152 268435728 0 786432 2550138912 32768 4096 8192 134217728 0 0 0 0 0 0 786464 262144 2315255808 1073741856 4 524800 8224 134234136 131720 0 262208 32 536875264 2147487776 8192 4 32 0 0 0 256 0 0 64 524288 16778241 0 2181103616 268435456 0 8192 268439552 134250496 536870928 80 0 16384 4194848 16 16384 8192 0 32768 262184 0 0 787456 33554432 0 536870920 131082 2415919104 1141375104 0 3355443200 0 536870916 268443680 0 0 1048592 268967936 16 0 128 0 32896 2101248 0 1048576 0 134217728 256 1179648 528 0 1073741888 8192 0 4194560 2282225664 0 335544328 18432 16777728 136314881 0 150995968 0 134479872 1048576 0 8388608 67108864 0 8192 34079232 134316032 134742032 1073811584 131104 0 0 0 1073741952 537133072 6144 0 0 4 0 0 1073745920 0 4194816 0 0 4194368 16777352 134217760 131072 4096 516 16777728 4210692 0 0 65536 0 0 1075314688 4194816 2147500032 0 6144 33563648 134217728 131104 0 0 1152 1073741824 8192
is_linear=0
shrinkage=0.02


Tree=71
num_leaves=15
num_cat=3
split_feature=23 52 52 5 45 1 38 38 2 35 24 40 23 19
split_gain=0.418416 0.175395 0.157144 0.114564 0.104328 0.0887583 0.0921143 0.0693195 0.0668185 0.0787186 0.0590406 0.0610105 0.0590514 0.0522478
threshold=0.37402250000000009 0 1 1.5000000000000002 2 4.5000000000000009 0.28569200469300005 0.24396690493600001 1.5000000000000002 0.43161850000000007 0.49996600000000008 0.13460350000000001 0.33887400000000006 2985.5000000000005
decision_type=8 1 1 2 9 2 10 10 2 8 8 8 8 2
left_child=2 4 -1 5 7 6 -4 -2 -3 -10 11 12 -7 -5
right_child=1 8 3 13 -6 10 -8 -9 9 -11 -12 -13 -14 -15
leaf_value=-0.00074939088700609743 -0.0019289850078266805 -0.00015010330589869159 -0.0010599342449041614 -0.00079354074906584421 0.00071144853026607665 0.0026876671423595347 0.0012290615922779171 -0.00012593508009860733 0.0007050366161489947 -0.0020397043738528573 -0.0005774574598184603 -0.00051019821632389208 0.0012221926198349232 0.00047712055810751971
leaf_weight=20.127550180587757 8.6652514385299764 11.461326326517876 10.790641837844666 15.111081818131792 30.620017871970411 17.316673906302409 7.6847958060179833 24.756592462322651 2.1329021974375046 53.662791936481156 3.0747145883536851 3.3430594450154976 67.160336643689178 31.337195271488071
leaf_count=66408 17781 45671 23662 113671 123050 79960 37033 120685 12797 215329 17111 16026 263592 68809
internal_value=0 -0.000841884 0.000625388 0.000816573 2.97163e-05 0.00120755 -4.88445e-05 -0.000621774 -0.00142355 -0.00188543 0.00145216 0.00155049 0.001656 2.67892e-05
internal_weight=0 131.299 175.946 155.818 64.0419 109.37 18.4754 33.4218 67.257 55.7957 90.8948 87.8201 84.477 46.4483
internal_count=1221585 535313 686272 619864 261516 437384 60695 138466 273797 228126 376689 359578 343552 182480
cat_boundaries=0 1 2 3
cat_threshold=6 1 413
is_linear=0
shrinkage=0.02


Tree=72
num_leaves=15
num_cat=7
split_feature=23 43 43 4 27 43 43 20 43 43 43 39 26 39
split_gain=0.403262 0.26464 0.255857 0.166369 0.146825 0.135997 0.128588 0.116973 0.13437 0.0707775 0.0674162 0.0650248 0.0590765 0.0590436
threshold=0.37770350000000003 0 1 2.5000000000000004 0.48599050000000005 2 3 0.46952250000000006 4 5 6 -0.10407749999999998 0.40037450000000008 0.12852950000000005
decision_type=8 9 9 2 10 9 9 10 9 9 9 10 8 8
left_child=1 -1 12 4 5 -3 -6 -4 -9 -10 -7 -8 -2 -11
right_child=2 3 7 -5 6 10 11 8 9 13 -12 -13 -14 -15
leaf_value=-0.00093816252451601979 -0.00048528474274560921 -0.0011453733862742178 -0.0025310620715549462 -0.0010430928272388469 -0.00060550300368687206 -0.00062900313014112156 0.00019842677839759329 0.00078741510920487981 0.00045626698594723486 -0.0017826490624736852 0.0010295272323083803 0.0019463742116684066 0.0018594732830756828 2.8614421396321836e-05
leaf_weight=28.83202671365526 3.2971753655720581 9.5758509758609858 21.725922137146526 12.151953750795284 9.0027898720917765 4.923962771247032 10.747174189862831 9.7300519923677911 7.8410950988342165 53.399050734407155 29.893246908532774 84.415494296372032 13.663518164499971 8.0327082921604624
leaf_count=89459 7446 23294 65625 48294 27474 13701 49587 34794 24992 261061 97298 391301 47248 40011
internal_value=0 0.000561072 -0.000903132 0.000855236 0.00109512 0.000112122 0.00148973 -0.00122254 -0.000878989 -0.00110724 0.000676204 0.00160817 0.000959861 -0.00135719
internal_weight=0 189.542 117.69 160.71 148.559 44.3931 104.165 100.729 79.0029 69.2729 34.8172 95.1627 16.9607 61.4318
internal_count=1221585 740408 481177 650949 602655 134293 468362 426483 360858 326064 110999 440888 54694 301072
cat_boundaries=0 24 48 71 95 119 143 167
cat_threshold=32 16777217 2228232 0 64 134217728 0 2097152 268435732 268435456 262144 3623878688 32768 268451840 8192 134217728 0 2048 32768 2097152 0 0 786432 134479872 33554432 536870944 17 2101376 65536 0 1073742088 301989892 33554432 268435456 134217988 65696 4096 4 65536 16384 0 0 32768 0 0 1048704 2048 33554432 0 135266304 2 3490263168 2148007936 132 3238002688 0 536870912 33554464 33558528 0 0 524292 0 65536 0 2147483648 512 0 0 1140850816 32 0 0 0 547618880 268435456 528 8192 0 0 536870912 533504 2048 1049106 4096 0 0 2164274176 1073741824 524416 262144 0 4195328 1073741824 8192 4194336 1073741828 0 1107296256 64 16402 2147483776 0 3221233729 0 536875072 2147483648 8192 134234112 0 2147485696 0 134217728 1048576 0 0 4194624 0 134217728 2147483648 132097 131072 0 1073741856 0 66049 4194304 589824 536870912 67117064 2113536 5243392 2097152 4096 0 128 262144 0 0 10486784 512 524288 8192 570949632 0 17 0 67109392 16 134225920 33556736 3221291008 0 202899456 2097152 0 2147491904 0 2147483648 33554560 0 4194304 0 4096 0 2147483648 1024
is_linear=0
shrinkage=0.02


Tree=73
num_leaves=15
num_cat=13
split_feature=42 42 43 42 42 43 43 42 43 43 40 42 43 42
split_gain=0.808065 0.375362 0.30587 0.177426 0.175947 0.144028 0.130072 0.104996 0.100621 0.0957312 0.085977 0.0839641 0.0825531 0.0674025
threshold=0 1 2 3 4 5 6 7 8 9 0.046867000000000013 10 11 12
decision_type=9 9 9 9 9 9 9 9 9 9 10 9 9 9
left_child=10 12 4 6 -3 11 -4 8 -7 13 -1 -5 -2 -9
right_child=1 2 3 5 -6 7 -8 9 -10 -11 -12 -13 -14 -15
leaf_value=0.0027751599688105671 0.00070140930500753849 -0.0009734144482411402 -0.00093225275796296003 -0.00075270129216419371 0.0018136305431623403 -0.00092472324147921294 0.0014821739550687693 -0.00076815799643934553 0.0010230471587955535 -0.0013130773836446525 0.00041143178421423893 0.0012767350375620166 -0.0024966150648327184 0.0010113337544725176
leaf_weight=39.283566101341307 3.4914065329575354 4.9765211146220292 3.7737140921055126 3.369434248384044 31.746706529784255 3.9106211923891498 18.708755644592912 2.0778467864915626 14.868500028772202 117.06174282843787 9.4037156501974888 13.41139852203734 31.36021925213041 9.7715191664225305
leaf_count=119875 8276 13040 9795 8461 104206 10982 61623 5012 51684 594965 30816 62565 102714 37571
internal_value=0 -0.000478685 -0.000117985 -0.000462959 0.00126318 -0.000701821 0.000866015 -0.000912186 0.000386919 -0.00112204 0.0020227 0.00070631 -0.00206159 0.000444472
internal_weight=0 258.528 223.677 186.954 36.7232 164.471 22.4825 147.69 18.7791 128.911 48.6873 16.7808 34.8516 11.8494
internal_count=1221585 1070894 959904 842658 117246 771240 71418 700214 62666 637548 150691 71026 110990 42583
cat_boundaries=0 23 45 69 91 113 135 159 182 206 230 253 277 299
cat_threshold=2097280 2 1280 4096 17825808 0 0 134287360 268435456 0 16842880 6594560 67108864 33554432 1 131072 0 0 67108864 0 10485760 64 163904 0 8224 8192 16 4194304 16416 640 34635776 0 2625568 67141632 268435456 0 16 262144 4 16777216 92274688 2112 0 128 524832 2147483648 1073774592 516 4224 65536 16384 264 256 33824833 0 2097428 65536 4096 512 4096 2164260864 0 134217728 0 0 0 4194304 2064 33554432 33555456 32768 608 2 131328 128 0 16384 0 1073807424 2 17301520 4096 134221832 536870912 0 33560608 33554432 18874368 0 536870912 536870912 33554496 320 131584 3 1073873024 8389632 1048584 2056 0 1073741824 524296 131073 4096 0 131072 0 268320 0 0 4227136 0 536870912 167772160 136224 1 512 8192 2 0 4194308 1073741824 0 4160 128 0 138543104 65552 18432 33554432 262144 256 268435456 1073741824 67109760 134217728 151011328 2097152 1028 4112 4118 8192 1073741824 65792 0 33558528 134742016 2 268435456 0 4096 4096 2048 4194560 0 0 67108880 0 134479872 0 320 67108992 272629760 270344 268832768 524296 2097152 537006080 0 134217732 0 0 2097184 272 0 0 32832 16 131072 32768 0 65538 541593632 0 2097162 73728 0 134217856 268435488 134217730 268435472 258 34078720 1073745920 16 16384 8192 134217728 0 0 512 4096 0 16 0 134217728 4194560 4 0 1073741828 131072 4 66080 167772162 32768 0 603987968 4128 20972032 16384 0 0 8388864 147456 1048576 0 8388608 1048592 0 8192 2048 1073741840 0 272695296 8391680 0 64 262408 2101248 2147614720 2151678976 1024 0 2621440 2147483904 0 0 0 134217728 134348800 32770 32768 16384 0 1064960 0 2684620800 67108880 8192 2214592768 135170 2147483648 805306368 524288 4096 4096 4194304 0 4096 1073741824 0 557088 0 1073741824 512 0 100663296 0 1073741840 150999040 524288 67108866 1114112 0 0 67108864 2147483776 4194304 256 1048576 3221225472 2147483648 0 64 270024704 33554464 4 327680 67371010
is_linear=0
shrinkage=0.02


Tree=74
num_leaves=15
num_cat=14
split_feature=42 52 42 42 43 42 42 43 43 43 43 43 43 43
split_gain=0.777172 0.385431 0.480702 0.428655 0.259139 0.220256 0.181252 0.166275 0.143914 0.120223 0.0967276 0.0956365 0.0694095 0.0582023
threshold=0 1 2 3 4 5 6 7 8 9 10 11 12 13
decision_type=9 1 9 9 9 9 9 9 9 9 9 9 9 9
left_child=12 2 10 8 -4 11 13 -7 -3 -8 -2 -5 -1 -6
right_child=1 3 4 5 6 7 9 -9 -10 -11 -12 -13 -14 -15
leaf_value=-0.00061512378912967943 0.00075357907741410908 -0.00096970801063798258 -0.0011438736154328079 -0.00087246923573875649 0.00065580557729760433 0.00061245953920071011 -0.00059554443671015907 -0.0023855744807235622 0.0017581232462109031 0.0018105714532209837 -0.0023089959470523401 0.0011785885386436979 0.0022927701935229177 -0.0013900560310058402
leaf_weight=3.8393276243878875 3.3449836838746876 3.3195533228132499 11.733340666264874 3.0272692467746034 2.1044130200299369 8.3504909333768236 7.619913137835221 84.780608463885386 16.219848264996408 79.393274258277984 19.080142954898804 11.71909320105647 45.313215788497992 7.3469492851940741
leaf_count=10231 7589 7604 49233 6152 6566 39283 30393 406826 46501 350660 50167 33098 142162 35120
internal_value=0 -0.000471376 0.000289392 -0.00119962 0.000868592 -0.0016925 0.00123437 -0.00206909 0.00107482 0.00154328 -0.00173323 0.000529899 0.00197492 -0.000811666
internal_weight=0 258.04 130.623 127.417 108.198 107.877 96.4645 93.1311 19.5394 87.0132 22.4251 14.7464 49.1525 9.45136
internal_count=1221585 1069192 529728 539464 471972 485359 422739 446109 54105 381053 57756 39250 152393 41686
cat_boundaries=0 23 24 47 70 94 117 139 161 185 209 233 257 281 304
cat_threshold=2097280 2 2147747072 0 17825808 0 0 134283264 268435456 0 16842880 6594560 67108864 33554432 1 131072 0 0 67108864 0 10485760 64 163904 6 2048 134217728 2057 0 4211712 65536 9437184 2 0 655488 67141640 268435456 0 0 0 4 0 276840448 268437568 72 2415919232 0 1 33554432 134217728 134219849 268439554 278784 0 9437184 0 0 65664 131074 524304 0 134217728 16 0 8192 0 287309824 134348800 0 0 81952 537395200 131072 134221824 2147819520 2214592512 2147483776 16777216 35782656 4 8194 167772160 2416445440 0 0 0 0 2147483648 0 32768 2101248 0 0 32 134217728 3072 0 536870944 67108868 32 268701696 524290 270336 536870912 2 2281710596 131072 0 8 0 0 1073741828 268437504 0 524288 2147549184 268435456 1 0 4 134348864 8486930 0 0 131072 34603272 536870914 4130 0 131332 1048576 16 0 262154 262148 0 0 256 2 67108864 570425344 570556420 134217732 2147483648 16 67108864 83886336 33685504 167772224 536870912 134217728 0 0 138412544 0 1024 33554688 67371008 32 8 0 512 536875008 33587200 2 66560 131216 4 2147483688 0 268500992 0 266240 0 16 256 32 2147483648 256 2048 32928 268435456 0 67108864 16777216 262144 2147483648 134234112 2 525312 536875072 4096 8192 1073745920 16 268435968 2048 0 0 301998080 24624 134217728 0 1140852736 0 0 4 1024 128 1024 0 134221824 512 2149646464 65536 2147483648 196608 4098 8192 268435456 260 1073744000 4096 4194304 0 0 1073742080 2147483648 256 0 0 1152 2048 100671488 2147484192 536870912 4 0 0 134218240 134217728 4096 671350784 0 33816576 2550136832 4227072 256 8192 536871936 1073742208 0 0 0 0 4194304 266240 134479872 16777216 32 16 545259520 16777216 520 0 131328 256 8192 786432 2097184 512 134234112 4096 2147483648 1048832 2147483648 524288 0 0 1049616 1073741832 8192 16777728 1208041473 0 1074271360 4160 0 32 4194304 524304 268435456 2097152 0 0 4194304 8192 2147483648 4224 0 768 0 0 128 530448
is_linear=0
shrinkage=0.02


Tree=75
num_leaves=15
num_cat=9
split_feature=52 21 43 43 1 43 43 43 43 27 43 21 38 43
split_gain=0.372983 0.322265 0.254621 0.251879 0.181124 0.17327 0.134898 0.134683 0.106543 0.0935975 0.0913442 0.081131 0.0778244 0.0771489
threshold=0 0.25256050000000002 1 2 4.5000000000000009 3 4 5 6 0.57059650000000006 7 0.16397700000000004 0.24216509245200005 8
decision_type=1 8 9 9 2 9 9 9 9 8 9 8 10 9
left_child=1 2 -1 11 5 -5 -6 -3 -4 13 -11 -2 -8 -10
right_child=3 7 8 4 6 -7 12 -9 9 10 -12 -13 -14 -15
leaf_value=0.0014000070039935689 0.0010231892901560928 0.000723012851790607 0.00068286799558220444 0.001155327548581696 -0.00066757362083112075 -0.0012420856092592765 0.00010958077831914047 -0.0020391174947105191 0.00055271053608428643 -0.00094787487314246233 0.0008305306402000154 -0.0018690206137780185 0.0017974087397227138 -0.0015276560324343701
leaf_weight=21.007309405313322 1.387968074109297 5.7815116195177048 12.233311724920908 6.2955616957907052 9.0341398033596416 16.257448707895144 13.073905992726223 46.001680600696453 5.7143779480504051 5.0553908215907146 12.967169338251315 17.321205832718906 92.042038240779476 42.99750564447006
leaf_count=79542 9338 12683 41251 14266 35630 64973 31748 119415 17004 19068 116903 48979 400975 209810
internal_value=0 -0.000679371 -3.74027e-05 0.000651106 0.000963323 -0.000516135 0.00134587 -0.001926 -0.00057825 -0.000892324 0.000183194 -0.00104371 0.00146862 -0.00143639
internal_weight=0 151.758 99.9751 155.412 136.703 22.553 114.15 51.7832 78.9678 66.7344 18.0226 18.7092 105.116 48.7119
internal_count=1221585 615676 483578 605909 547592 79239 468353 132098 404036 362785 135971 58317 432723 226814
cat_boundaries=0 1 24 47 70 93 116 138 162 185
cat_threshold=9 2147483648 536888324 4615 270532608 8704 24576 256 33685760 262145 0 134218000 2147483648 0 0 32 2048 0 0 256 0 1024 0 2064 536870912 537001984 4106 268705792 512 134217856 16777216 35782656 4 536879104 167772160 2415919104 0 33554432 8192 134217728 0 2048 32768 2101248 0 0 40 4194816 134217728 16 1611141248 16 2097152 1073873408 268435712 8192 262144 8 0 4194304 4210756 0 2147549184 4096 0 0 0 0 448 262208 524288 134217728 0 8912896 2684354624 528 8192 1073758464 1280 514 1024 0 0 134291456 16432 65536 2164260864 67108864 131072 0 4100 0 262144 541065216 33685504 0 2147488384 16 134217728 67108865 134221824 134250496 536879104 272 0 16384 4194816 16400 1024 1048576 2048 0 262144 4 16 64 37748736 131080 134217744 8912896 65632 0 3489660928 0 33554496 536870912 537919488 4096 8208 134348800 65552 0 33554432 134217728 32768 268435456 0 67108992 536871424 16777216 2097216 1073741824 301994112 640 65568 0 134250496 16 72 134742016 2 82176 0 4096 0 0 0 0 0 1077936128 1073742016 134217728 537395456 0 0 1073743360 2181042176 67108872 16843296 4194308 134217728 33554432 64 0 16777216 39845888 4096 2147483648 4 67108864 0 64 8388608 0 640
is_linear=0
shrinkage=0.02


Tree=76
num_leaves=15
num_cat=6
split_feature=42 42 42 42 40 4 42 1 42 19 35 1 39 15
split_gain=0.756265 0.378792 0.140436 0.0878377 0.0765843 0.0721839 0.103158 0.0678378 0.0623569 0.0708195 0.0580062 0.0510518 0.0369811 0.0366231
threshold=0 1 2 3 0.046867000000000013 2.5000000000000004 4 8.5000000000000018 5 125.50000000000001 0.4802030000000001 6.5000000000000009 -0.11592949999999999 1.0000000180025095e-35
decision_type=9 9 9 9 10 2 9 2 9 2 8 2 8 2
left_child=4 10 7 -4 12 8 -7 -3 11 -10 -2 -5 -1 -11
right_child=1 2 3 5 -6 6 -8 -9 9 13 -12 -13 -14 -15
leaf_value=6.691625401038359e-05 -0.00055948160374799704 -0.0017848535631346054 -0.00069940306595844826 -0.0015313099137271261 0.0004344497888508283 0.00088773229835928738 -0.0012674470376003394 0.0003166165583324697 -0.0009949409523962898 0.0003674538515354344 -0.0030588557158638704 0.00034908230978774484 0.0028303400273117429 0.0010679695613904205
leaf_weight=2.2895580583135375 7.1810017950057823 25.719736832687044 28.725613120371158 7.9285464244472994 9.4707281357085247 3.1708624638705429 10.605660593244327 5.9900619369167556 6.0650634116654478 69.574340925495775 25.401261210433496 7.700184592000145 36.490549044031006 60.846265709766172
leaf_count=7281 24670 67540 92449 26588 32240 9174 56898 20577 52814 318041 77752 32413 117963 285185
internal_value=0 -0.000462608 -0.000111485 0.000116624 0.00196372 0.000304206 -0.000869328 -0.00109935 0.000454135 0.000572433 -0.00209759 -0.000501627 0.00269346 0.000721636
internal_weight=0 258.909 226.326 194.617 48.2508 165.891 13.7765 31.7098 152.114 136.486 32.5823 15.6287 38.7801 130.421
internal_count=1221585 1064101 961679 873562 157484 781113 66072 88117 715041 656040 102422 59001 125244 603226
cat_boundaries=0 23 45 65 87 108 129
cat_threshold=2097280 2 67110144 0 17825808 0 0 134287360 268435456 0 16842882 6594560 67108864 33554432 1 131072 0 0 67108864 0 10485760 64 131136 0 8192 8200 16 0 16416 512 34635776 0 2625568 67141632 268435456 0 16 262144 4 16777216 360710144 2112 0 128 67633696 64 134217760 131072 98304 12582912 8455176 128 10 69206016 131072 8 1 1074790400 2147483648 0 262144 67108864 540672 1048576 6291720 0 20 0 524288 268502146 0 8388608 256 0 136 4718592 2147483648 524288 524288 128 10 72 0 2147483680 16777284 2415919106 32770 33554432 33024 2147745888 2483032064 278528 33554432 1048584 262208 4096 0 0 524304 0 4096 2684489728 8388608 1073741824 33554432 16777216 0 1081344 0 1073742080 0 8388672 1073743872 33554432 1508424 67108868 16 32768 41947136 1280 16 0 2147615744 8388608 262144 0 268435456 268435456 1048576
is_linear=0
shrinkage=0.02


Tree=77
num_leaves=15
num_cat=13
split_feature=42 42 43 43 42 42 42 43 43 42 42 43 43 40
split_gain=0.731676 0.3703 0.296289 0.16309 0.171188 0.162315 0.148799 0.138626 0.133812 0.119927 0.0857323 0.076513 0.0614163 0.060732
threshold=0 1 2 3 4 5 6 7 8 9 10 11 12 0.046867000000000013
decision_type=9 9 9 9 9 9 9 9 9 9 9 9 9 10
left_child=13 -2 5 6 7 -3 -4 -5 10 12 -6 -11 -10 -1
right_child=1 2 3 4 8 -7 -8 -9 9 11 -12 -13 -14 -15
leaf_value=0.0026147947563611332 -0.0020828552921031583 -0.00088982962222977201 0.00079966931706063689 -0.00085510552015312239 -0.0007702067018477371 0.0018205310417735469 -0.0019589250386580445 0.001584202919317286 -0.00067702108729358098 0.00052546281537220972 0.0015037176176992081 -0.0011403721028078594 0.0011251105144025649 0.00050466127320952651
leaf_weight=38.922669908959783 32.131401125513193 5.4453511628030045 5.6249538212915082 5.3633927496586633 2.6290878155187043 30.259850870564946 31.270196239114423 23.716008113674921 2.4852039696346777 8.0978389554778474 11.043241782957784 88.266345081588341 12.488028243877123 9.3939653680426058
leaf_count=122939 108046 13104 16274 11665 5289 99496 124551 73553 5252 38675 41590 483674 45664 31813
internal_value=0 -0.000457019 -0.000111604 -0.000442644 -0.000100722 0.00126622 -0.00142878 0.00099641 -0.000435342 -0.000684958 0.000892276 -0.000948465 0.000636876 0.00192861
internal_weight=0 258.821 226.689 190.984 154.089 35.7052 36.8952 29.0794 125.01 111.337 13.6723 96.3642 14.9732 48.3166
internal_count=1221585 1066833 958787 846187 705362 112600 140825 85218 620144 573265 46879 522349 50916 154752
cat_boundaries=0 23 45 69 93 116 139 162 186 210 232 255 277 300
cat_threshold=2097280 32770 1280 0 17825808 0 0 134287360 268435456 0 16842882 23371776 67108864 33554432 1 131072 0 0 67108864 0 10485760 0 131136 0 0 8200 16 4194304 16416 640 34635776 0 2625568 67141632 268435456 0 16 262144 4 16777216 92274688 2112 0 128 67633696 2147483648 1073774592 516 4608 73728 24576 264 256 33816641 0 2097412 0 4198400 4194816 4096 2147483648 0 134217728 0 0 0 4194304 2064 33554432 4096 134217729 2101258 860160 67108992 128 8192 0 268435728 0 33816576 134217728 32768 268435456 8192 134217728 0 2048 32768 2101248 0 0 262176 262144 33554432 33555520 67113536 0 131336 128 2 2048 4096 65600 524292 0 0 134217728 131328 0 33558528 33554432 16777216 0 0 268435520 73762 33554432 352 0 32770 131200 8389633 0 2056 0 1073741824 524296 131073 16 2097152 131072 0 268320 16384 0 4227136 2 536870912 4 0 1073741824 402655264 2214596610 8354 0 0 16384 524288 3221225472 4096 4 16 2621440 1040 0 262176 0 0 32768 536936448 64 32768 671088672 16908288 1 1082130432 805306368 134217728 131584 2101250 0 268435456 524288 2148009984 16 33558528 0 16783360 0 0 160 0 0 128 0 201326592 16777216 16909344 1 0 268435456 0 67240448 2 1073750016 0 536870928 128 17826304 0 65536 16795648 0 262144 0 0 1082130432 68157952 4096 67117056 0 256 0 268439552 16384 269750272 9437248 2097152 537001984 16384 134217728 131088 4608 67113096 536870912 0 2080 0 2097168 0 32768 537919488 0 4 2147485696 343932928 1082392578 1310720 0 256 2097152 0 0 0 0 67108864 0 8 44 268435456 2282782720 4194312 1081346 537919488 16384 541065472 0 0 196 0 2 0 4194308 32768 262400 84410368 69632 32 147456 2415919120 0 33555456 67239936 1048608 268435520 0 128 536870912 0 0 2415919108 16777232 0 268435456 131072 0 262146 0 268507136 2 131073 48 536937472 33555456 0 32 268435456 0 1073741904 2164260872
is_linear=0
shrinkage=0.02


Tree=78
num_leaves=15
num_cat=7
split_feature=42 42 42 42 51 42 42 34 1 35 1 16 40 18
split_gain=0.696189 0.36532 0.130038 0.0824122 0.0918675 0.128064 0.100397 0.093389 0.0754507 0.0627754 0.0495886 0.049438 0.0463812 0.0377549
threshold=0 1 2 3 4 5 6 125.50000000000001 8.5000000000000018 0.4802030000000001 6.5000000000000009 76.250000000000014 0.066041500000000017 1.2350000000000001
decision_type=9 9 9 9 1 9 9 2 2 8 2 2 10 2
left_child=12 9 8 10 5 -5 -6 -8 -3 -2 11 -4 -1 -7
right_child=1 2 3 4 6 13 7 -9 -10 -11 -12 -13 -14 -15
leaf_value=0.0023984725602611439 -0.00052842883852626443 -0.0017229953392814796 0.00067463954067439923 0.00095956029365944673 -0.00056249663263515434 -0.0017193803645105849 -0.0010801918739189865 0.00099707238672093641 0.00041854400818104988 -0.0030790892081303672 -0.0014422346022583518 -0.0012065966607468258 0.00031011198873032777 -7.3771850923214224e-05
leaf_weight=43.728311741961775 7.1796423839292691 26.815325258454703 11.457915681971656 6.4383305452818416 18.377133639128324 20.344279436608154 5.3703316011218041 102.81450228397561 6.1579597128903485 24.336112209914159 16.449391481985565 3.4651716091430957 6.4369610481907307 7.7441639955051569
leaf_count=141875 24716 73424 37215 20598 64219 104265 46126 489883 22842 77081 48742 9955 22467 38177
internal_value=0 -0.000453689 -0.000110701 0.000113425 0.000304262 -0.000483481 0.000547622 0.000781727 -0.00104532 -0.00208025 -0.000647926 4.46273e-05 0.00184792 -0.00103315
internal_weight=0 256.95 225.435 192.461 161.089 34.5268 126.562 108.185 32.9733 31.5158 31.3725 14.9231 50.1653 28.0884
internal_count=1221585 1057243 955446 859180 763268 163040 600228 536009 96266 101797 95912 47170 164342 142442
cat_boundaries=0 23 45 65 87 88 111 131
cat_threshold=2097280 2 2147747072 0 17825808 0 0 134217728 268435456 64 16842882 6594560 67108864 33554432 16777217 131072 0 0 67108864 0 10485760 0 163840 0 8192 8200 16 0 16416 512 34635776 0 2625568 67141640 268435456 0 16 262144 4 16777216 92274688 2112 0 128 67633696 64 134217760 131072 98304 12583040 8455176 128 10 69206016 131072 0 1 1074790400 2147483648 0 262144 67108864 268959744 1048576 6291720 0 20 0 524288 268502018 1048576 8388608 256 0 136 4718592 2147483648 524288 524288 128 10 72 16384 2147483648 16777284 2415919106 32770 3332 33554432 8 67108929 67108864 67125248 0 1572936 266240 0 0 0 16777232 0 134221824 2684490752 8388608 0 1081345 16777216 163840 0 536870912 262144 0 8 1 64 1140869120 33554432 1376320 67371012 16 2147483648 8392704 132356 0 0 2147615744 8388608 4 1 268435488 32768
is_linear=0
shrinkage=0.02


Tree=79
num_leaves=15
num_cat=14
split_feature=42 42 43 42 52 42 42 43 43 43 42 43 43 42
split_gain=0.708913 0.35615 0.281564 0.194936 0.178936 0.297511 0.287379 0.1984 0.184942 0.0980425 0.0936292 0.0781481 0.0691385 0.0615525
threshold=0 1 2 3 4 5 6 7 8 9 10 11 12 13
decision_type=9 9 9 9 1 9 9 9 9 9 9 9 9 9
left_child=11 12 3 -3 6 -6 9 -7 -8 -4 -9 -1 -2 -10
right_child=1 2 4 -5 5 7 8 10 13 -11 -12 -13 -14 -15
leaf_value=-0.00059652974332231369 0.00066206713096448374 -0.0008854946651562451 -0.00075258230183347283 0.0017906956924029604 -0.0015624176149331387 -0.0011024601419460723 0.0008023975045928979 -0.00060355729674201085 0.00046530321129736516 0.0016346842412331794 0.0013783842541824371 0.0023218795570169844 -0.0024918740475368731 -0.0020685791222429285
leaf_weight=4.4976183370114731 3.4335208530913879 7.9280967678557488 3.7292982685229377 32.416788784598744 15.503937702660028 9.099630992859737 8.1595390795423217 6.898985237164565 5.4962096014446598 11.880345610234512 62.777601165007411 40.770859584451344 28.108227719553351 66.392745735305638
leaf_count=12594 7191 20280 11239 116341 45173 37736 32779 27606 21005 39466 291819 135175 97370 325811
internal_value=0 -0.000438003 -0.000106139 0.00116734 -0.000442281 0.000180832 -0.000997682 0.000718959 -0.00147553 0.000975037 0.00110999 0.00195562 -0.00204582 -0.00182797
internal_weight=0 261.825 230.283 40.3449 189.938 94.2802 95.6581 78.7762 80.0485 15.6096 69.6766 45.2685 31.5417 71.889
internal_count=1221585 1073816 969255 136621 832634 402334 430300 357161 379595 50705 319425 147769 104561 346816
cat_boundaries=0 23 45 69 92 93 116 139 162 185 209 232 256 279 302
cat_threshold=2097280 32770 1312 0 17825808 0 0 134217728 268435456 65536 16842882 6594560 67108864 33554432 1 131072 0 0 67108864 131072 10485760 0 131136 0 0 8200 16 0 16416 640 34635776 0 2625568 67141640 268435456 0 16 262144 4 16777216 92274688 2112 0 128 67633696 2181038080 1645215744 532 4096 65536 24576 1073742088 256 270401 0 2097428 0 4096 4194816 0 2147483648 0 134217728 0 0 0 0 2048 33554432 33554496 320 134218240 32772 128 8389632 9437192 2056 0 3221225472 4718592 131077 16 524288 0 0 262144 268959744 0 32840 0 0 1 9 2048 134217732 264193 67141632 4211712 65536 9437184 262146 603979776 131200 2147483648 1024 1048576 0 2147483648 0 0 268451840 268435456 134217984 2415919104 0 256 33556480 134217728 268353 67112966 16640 0 9961472 0 536870912 130 2147622912 131088 0 134217728 0 0 1073741824 2048 287309824 0 0 0 1 536870912 131072 134221826 2147753984 67109440 2147483776 0 35782656 134217732 8194 167772160 2415921152 0 33554432 32 0 2147483648 0 32768 2101248 0 0 32 536870912 131076 134217729 512 512 134217856 16777728 33685504 167772160 536870912 671088640 2147483648 0 134348804 16 0 51380224 0 0 8 8388608 67109120 24 536875040 0 131082 1028 131072 134217730 2147483648 4096 65536 0 34869248 2415951872 0 134218048 0 536870912 0 2048 32768 268435456 0 64 16777232 262144 134217728 32 131072 8454146 65920 0 655360 8 2097154 2 139264 131328 1073741824 2165309440 16 2 262148 0 0 72 2 536870912 32768 4096 16777248 16 8388608 16777248 8 0 256 134225920 8192 786432 1075839008 514 278784 0 134217728 1048832 1207959552 524288 0 0 1049616 0 134217728 0 16384 0 3223584768 16 67108864 256 4096 134217728 268435456 134217728 4096 20480 4194340 0 4096 1082138624 1073741824 557216 0 1073741824 1049216 2048 134217728 0 134217856 41943041 32 268701696 0 270336 1572864 1073741824 134479876 0 512 168 16 0 8228 16384 16 0 2147483648 536870912 32768
is_linear=0
shrinkage=0.02


Tree=80
num_leaves=15
num_cat=14
split_feature=42 42 43 42 42 43 43 42 43 42 43 43 43 42
split_gain=0.676615 0.344426 0.281421 0.164003 0.146195 0.177561 0.168963 0.112849 0.096975 0.0837817 0.100675 0.0778215 0.0717102 0.0710172
threshold=0 1 2 3 4 5 6 7 8 9 10 11 12 13
decision_type=9 9 9 9 9 9 9 9 9 9 9 9 9 9
left_child=11 8 3 -3 6 7 -4 -6 -2 12 13 -1 -7 -11
right_child=1 2 4 -5 5 9 -8 -9 -10 10 -12 -13 -14 -15
leaf_value=-0.00064029621735623007 0.00074352301622557324 -0.00088903443224500099 -0.0010979169202497707 0.0017078583594113269 -0.00085126479204910308 -0.00077751980564471192 0.0013374169830921449 0.0013685091887561493 -0.0025026889128149784 -0.00071657417374356618 -0.0012998306283647605 0.0022071241406327121 0.0010605802211501496 0.0011018133646763478
leaf_weight=3.8651015395785211 3.5544993662177173 6.0089621271851152 5.1790709072875574 33.506460285298552 4.2340366207616444 2.3156265254673301 23.266597175307766 16.338683532965906 28.045268748179534 3.3961873643241853 116.3841820835617 43.217039221216758 9.3112290829107618 8.4472878780217275
leaf_count=10966 7152 14557 12630 113259 10494 5934 78631 67198 92139 7267 581647 145501 35130 39080
internal_value=0 -0.000436511 -0.000107245 0.001177 -0.000442759 -0.000679998 0.00066804 0.000745347 -0.00201574 -0.000941555 -0.00110401 0.00187514 0.00046272 0.000471336
internal_weight=0 259.988 228.388 39.5154 188.873 160.427 28.4457 20.5727 31.5998 139.855 128.228 47.0821 11.6269 11.8435
internal_count=1221585 1065118 965827 127816 838011 746750 91261 77692 99291 669058 627994 156467 41064 46347
cat_boundaries=0 23 45 69 92 113 136 160 183 207 230 253 277 301 324
cat_threshold=2097280 2 2214593792 2147483648 16777232 0 0 4096 268435456 65536 16842882 6594560 67108864 33554432 1 131072 0 0 67108864 0 10485760 64 163840 0 8192 8192 16 0 16416 512 34635776 0 2625568 67141632 268435457 0 16 262144 4 16777216 92274688 1050688 0 128 67633696 2147483648 1610646528 532 4096 65536 24576 1073742088 256 33562688 0 2097428 0 4198400 512 0 2147483648 0 134217728 0 0 0 0 2064 33562624 64 320 131584 32770 1073873024 8389632 1048584 2048 0 3221225472 524296 131076 4096 0 0 0 262176 268959744 0 4227144 2 0 1 33554432 32832 134480480 4098 262408 128 10 134234112 0 1073758208 524288 16777216 4096 134217736 536870912 0 33558560 33554432 16777216 0 536870912 50332160 16777252 1 3221225984 0 0 134217728 6 4 0 536875008 4224 0 138543360 69632 2048 1048576 262144 0 268435456 4 71303168 8 50336256 16777217 2097216 2147811328 135184 134217744 150994944 1207959552 256 33554432 4096 524288 2 268435712 0 0 4096 0 0 268435456 0 1140850688 0 134217728 134219776 33554432 8 268500992 8388608 1115136 0 262408 2097152 131072 2147483648 1024 0 2216689664 2147484672 0 67108864 16384 32768 2097160 32770 32768 73728 0 16384 0 2149584896 16 0 2214592768 4096 2281701376 805306368 134217728 67584 4096 4194308 0 4096 1073750016 67108864 33184 0 1073741824 1050112 0 67108864 0 256 128 4194304 8192 1342443520 524288 64 131072 0 2281963520 67108864 2147484160 67113120 1024 0 524288 2112 16 1024 98304 536870912 73728 541065216 33554432 0 128 1073741824 4194306 131072 138543104 1073741824 0 67108864 16384 16777760 0 2415919120 16777216 8392960 131072 524320 8 0 1049216 4096 0 16777248 16 1082130496 16777216 16904 0 131328 0 268443648 67897344 0 4194816 134234112 0 2147483648 9437184 134217728 655360 0 0 1048576 1073741832 8192 537395200 131072 131138 8320 67108880 0 8192 4096 1 0 33817600 3355445248 32784 0 48 0 256 0 32 0 1024 0 3221229632 262144 2048 32 268437512 557057 4212866 1049600 0 0 0 0 8 0 0 0 2147483920 262144 64 0 268435456 524296 1310720 1048578 16416
is_linear=0
shrinkage=0.02


Tree=81
num_leaves=15
num_cat=7
split_feature=23 43 43 4 20 43 43 27 39 43 24 43 2 43
split_gain=0.329973 0.238588 0.23441 0.126902 0.121244 0.132391 0.108329 0.0664996 0.0646544 0.0797578 0.0638034 0.0633309 0.0594381 0.140912
threshold=0.36927750000000009 0 1 2.5000000000000004 0.46952250000000006 2 3 0.57544550000000017 0.12852950000000005 4 0.49996600000000008 5 2.5000000000000004 6
decision_type=8 9 9 2 10 9 9 8 8 9 8 9 2 9
left_child=2 -2 7 6 -3 -6 -4 -1 9 -7 -8 -10 13 -11
right_child=1 4 3 -5 5 8 10 -9 11 12 -12 -13 -14 -15
leaf_value=-0.0016209302689290334 0.00099672126238258105 -0.0022228183039774718 -0.00043359648444962371 -0.00087899576726508408 0.00075083256138131231 0.00050552146905838728 0.0015134665510708766 0.00045103085823608089 -0.00082272348126317637 0.0010724596425183276 -0.00048453705837513892 0.00080012313467023571 -0.0018483581975424174 -0.0010964572312340028
leaf_weight=19.889411180778442 19.058532122072542 23.287721483622619 14.356817350437076 9.9133844406560723 13.829751868656368 8.0607534899281621 104.96179606096453 5.8038296341573945 2.1351868713031488 5.5244406973033184 4.5522562355422584 8.9349078841687906 48.386323356971424 18.35370151417106
leaf_count=57967 59386 71735 44844 38900 50944 31338 424039 21953 6020 19032 31003 47380 225344 91700
internal_value=0 -0.000680407 0.000610941 0.000913788 -0.000959896 -0.000679328 0.00115671 -0.000871672 -0.000907232 -0.00119049 0.00129941 0.000314457 -0.00129762 -0.000504162
internal_weight=0 147.571 159.477 133.784 128.513 105.225 123.871 25.6932 91.3953 80.3252 109.514 11.0701 72.2645 23.8781
internal_count=1221585 602879 618706 538786 543493 471758 499886 79920 420814 367414 455042 53400 336076 110732
cat_boundaries=0 23 47 70 94 118 142 165
cat_threshold=4194304 536870912 1 2101376 65552 0 1073807617 33554436 1107296256 268435456 134217732 65664 5246976 0 65536 0 1073741824 0 32 0 0 5243520 2048 0 16777217 0 11280384 64 134217872 8193 2097152 268435472 0 786432 2550138912 32768 4096 8192 134217728 0 0 128 0 0 0 786464 262144 2147483648 1073741856 4 524288 1073741856 134234132 2147484168 0 64 536870912 603983872 2147500032 16785408 140509185 0 6144 0 134217728 0 0 8388608 0 524288 536870912 0 2097160 2147483648 1342177312 8 1073741824 0 536871172 268443680 201326592 1073741824 1049104 24576 0 0 0 1073741824 4227072 2097152 0 5243904 0 134217730 256 132097 0 167772676 131136 67108866 128 4194304 8192 262144 272 0 0 67125284 16 0 0 262144 1081344 532488 0 67109120 0 8192 16781312 134239233 2 33562624 32896 0 16777216 2 0 262144 0 268435456 16 2147483968 48 0 1048576 0 4194304 4096 4 0 2147483752 33562624 50332160 1064964 66 1073741824 512 0 285220864 134219778 0 32 0 1073743872 32786 256 0 2281766912 4096 0 384 0 4 0 24
is_linear=0
shrinkage=0.02


Tree=82
num_leaves=15
num_cat=1
split_feature=52 20 1 23 26 4 21 23 2 22 23 19 28 22
split_gain=0.347266 0.31775 0.18842 0.151748 0.149053 0.0922671 0.0597427 0.0494751 0.0491723 0.0556718 0.0423545 0.0407371 0.0574533 0.0379605
threshold=0 0.50589050000000013 4.5000000000000009 0.33764350000000004 0.49022800000000005 1.5000000000000002 0.28572350000000007 0.37770350000000003 1.5000000000000002 0.18189400000000003 0.3169260000000001 2105.5000000000005 0.16860700000000003 0.18331400000000003
decision_type=1 10 2 10 10 2 8 10 2 10 8 2 8 8
left_child=2 8 -1 -3 6 7 11 -5 -2 10 -10 -4 -13 -6
right_child=1 3 4 5 13 -7 -8 -9 9 -11 -12 12 -14 -15
leaf_value=-0.00077533674366441461 -0.00033928302672332869 0.0016410606164390649 -0.00020300790686781611 0.00047093045958261463 0.0016234699427623825 -0.0013422391135278005 -0.00084966572865582143 -0.00061004249323707519 0.00026797872924119395 -1.2844975940588273e-05 -0.0024388385046464484 0.0017275524425077581 -2.3560520955993965e-05 -0.00026843225357301131
leaf_weight=26.198893543028447 9.6581945158632134 13.707298474509129 17.321065692866192 40.206711613596937 70.910217679766902 21.029545583230608 12.592880965580461 22.13280804112302 1.4552579488973418 4.6607024471049234 38.836990367610312 12.1216608759152 13.093017507522863 3.1085075073171273
leaf_count=87804 27467 73748 78078 173679 334861 97926 32859 110260 3492 15289 113815 31939 29354 11014
internal_value=0 -0.000658597 0.000625459 4.88838e-06 0.000974557 -0.000341758 0.00016087 7.03458e-05 -0.00184997 -0.00210809 -0.00232228 0.000517946 0.000964839 0.00153206
internal_weight=0 151.688 155.346 97.0764 129.147 83.3691 55.1286 62.3395 54.6111 44.953 40.2922 42.5357 25.2147 74.0187
internal_count=1221585 615676 605909 455613 518105 381865 172230 283939 160063 132596 117307 139371 61293 345875
cat_boundaries=0 1
cat_threshold=6
is_linear=0
shrinkage=0.02


Tree=83
num_leaves=15
num_cat=9
split_feature=42 42 42 45 42 42 42 29 40 27 42 42 19 4
split_gain=0.65543 0.335831 0.120522 0.0805455 0.242576 0.179076 0.07419 0.0613341 0.0604427 0.0595486 0.117584 0.0673034 0.0568176 0.0488373
threshold=0 1 2 3 4 5 6 0.22738050000000001 0.046867000000000013 0.53258100000000008 7 8 6090.5000000000009 1.5000000000000002
decision_type=9 9 9 9 9 9 9 10 10 8 9 9 2 2
left_child=8 7 -3 5 -5 -4 -7 12 -1 11 -11 -6 -2 -8
right_child=1 2 3 4 9 6 13 -9 -10 10 -12 -13 -14 -15
leaf_value=0.0025783548933133605 -0.0032954498431930087 -0.0010086660284908885 0.0008945807372750706 -0.001173156052029823 -0.00042652803273824177 0.00038968501987389785 -0.00067132755897478821 7.3493574022601664e-05 0.00043305617333207403 0.0013300041686687084 -0.00050725751053237798 0.001640623564126276 -0.00069672866071635519 -0.0019407926051204741
leaf_weight=36.671126817154182 20.305376985905276 32.57412797371326 26.328934747090692 14.621150502820875 7.1571108287077125 15.628094517872169 49.795654834111446 2.986108419840444 8.6302320561141723 8.6411201840184813 22.272099408299869 36.861665133526337 7.5946010064405085 16.952226219078227
leaf_count=116161 79395 88367 67053 44039 20916 63733 270603 6663 28805 28024 155657 143019 14893 94257
internal_value=0 -0.000421474 -0.000101894 0.000107558 0.000510944 -0.000246418 -0.00069273 -0.00199583 0.00187965 0.000980419 0.00034907 0.00154298 -0.00280145 -0.000971163
internal_weight=0 261.718 230.832 198.258 89.5531 108.705 82.376 30.8861 45.3014 74.932 30.9132 44.0188 27.9 66.7479
internal_count=1221585 1076619 975668 887301 391655 495646 428593 100951 144966 347616 183681 163935 94288 364860
cat_boundaries=0 23 45 65 66 89 112 135 158 181
cat_threshold=2097280 2 1280 2147483648 16777232 0 0 4096 268435456 65536 16842882 6594560 67108864 33554432 1 131072 33554432 0 67108864 131072 10485760 64 131136 0 0 8192 32784 4194304 16416 640 34635776 0 2625568 67141632 268435456 0 16 262144 4 16777216 92274688 2112 0 128 67633696 64 134225952 131080 65536 8454144 8455176 0 10 69206016 131072 8 1 1074790400 2147483648 0 262144 67108864 268959744 1048576 6291720 972 2048 64 16777216 4 128 0 1179648 67117056 16 0 42467328 2164391940 16 1074266112 1024 10 262144 0 32 268435460 2 1048578 65537 33557504 32832 2164260896 4 262144 0 2 134225984 0 1073741824 524288 16777236 0 1207959680 536871936 0 0 0 16777216 268959744 32768 1048576 98305 0 33554432 67373056 67108864 8360 1073741952 0 278528 2 64 4 132096 512 67108864 272 0 262144 1081344 2097152 32768 536936448 545259520 16384 262144 1024 134223968 4096 262400 1048704 0 65792 537006080 2147483720 2281702400 524288 0 8 16777216 1048576 0 33556480 0 64 0 0 270336 0 34064 6144 8388608 268697634 0 263232 68 536870916 10 2147483648 1024 524288 16777216 536870912 0 64 0 2147483648 64 1048576 8388608 8192
is_linear=0
shrinkage=0.02


Tree=84
num_leaves=15
num_cat=3
split_feature=52 20 1 23 26 4 45 21 45 35 36 22 19 35
split_gain=0.334766 0.300627 0.18103 0.145596 0.139422 0.0885078 0.0850568 0.0960882 0.0707678 0.0587699 0.0543686 0.0555359 0.0476649 0.0463549
threshold=0 0.50589050000000013 4.5000000000000009 0.33764350000000004 0.49022800000000005 1.5000000000000002 1 0.23096850000000005 2 0.43873050000000008 0.42615400000000003 0.17620650000000002 1606.5000000000002 0.50864650000000011
decision_type=1 10 2 10 10 2 9 10 9 8 8 10 2 8
left_child=2 9 8 -3 6 12 -4 -8 -1 -2 11 -6 -5 -7
right_child=1 3 4 5 10 13 7 -9 -10 -11 -12 -13 -14 -15
leaf_value=0.00050377162944228353 0.00021202636017270338 0.001601592957259876 0.00087859475085400496 -0.00078810848975370974 0.0018015134120599153 -5.4697870756288059e-05 0.0007934590230782684 -0.0011629458509052556 -0.0011196880714224565 -0.0019841187171352036 -0.00016218305566981019 -0.00021073536195222444 0.00037039899839900477 -0.001899103665590653
leaf_weight=9.1708339807437564 4.3465393345736825 13.703736779838392 20.115319611487156 14.448608812382409 62.769314380906977 8.3120488424341179 11.146928449887257 23.862272152209481 17.026410989099229 50.254383113756411 6.3411404734747085 4.8983042722191064 47.887003523324729 12.716727290233399
leaf_count=31514 11339 73748 61470 139258 299065 35033 40878 69882 56290 148724 30435 16375 144681 62893
internal_value=0 -0.000646828 0.00061397 -1.53417e-06 0.00095622 -0.000340775 0.000167965 -0.00041499 -0.000759138 -0.00180617 0.00149556 0.00165137 6.32901e-05 -0.00132062
internal_weight=0 151.669 155.331 97.0681 129.133 83.3644 55.1245 35.0092 26.1972 54.6009 74.0088 67.6676 62.3356 21.0288
internal_count=1221585 615676 605909 455613 518105 381865 172230 110760 87804 160063 345875 315440 283939 97926
cat_boundaries=0 1 2 3
cat_threshold=6 2146 89
is_linear=0
shrinkage=0.02


Tree=85
num_leaves=15
num_cat=14
split_feature=42 42 43 42 52 42 42 43 43 42 42 43 43 42
split_gain=0.622575 0.330922 0.271614 0.182652 0.17382 0.298888 0.274876 0.166555 0.155523 0.101932 0.100854 0.0852979 0.078395 0.0631249
threshold=0 1 2 3 4 5 6 7 8 9 10 11 12 13
decision_type=9 9 9 9 1 9 9 9 9 9 9 9 9 9
left_child=12 -2 3 -3 5 -4 11 -7 13 -10 -9 -6 -1 -8
right_child=1 2 4 -5 6 7 8 10 9 -11 -12 -13 -14 -15
leaf_value=-0.00065599543027429442 -0.0019958206492291315 -0.00089713460385744555 -0.0014838376834070219 0.0017987683391175781 -0.00074245922175517249 -0.0010188118429574195 -0.00069299148546201673 -0.00068061725373966904 0.00041881422149956624 -0.0020760460519423543 0.0013306484619026897 0.0016446526866655152 0.0021529103556291395 0.0012680466092786346
leaf_weight=3.6657301755956815 29.894864418092155 6.7982903507374797 18.09321213133596 30.714099357194435 2.877103683517678 8.0771616920296534 2.0775407991495065 6.1979363849144091 8.9925700360497771 63.628961480112004 65.622754253062794 11.101287259667037 42.171248248780188 7.0719164538642669
leaf_count=10641 103319 17382 43673 108794 7063 36524 4799 26104 23914 328598 310660 36358 135573 28183
internal_value=0 -0.000413087 -9.93737e-05 0.00119349 -0.000417476 0.000179099 -0.000969583 0.000730697 -0.00141608 -0.0017483 0.00106948 0.00102333 0.00182192 0.000668902
internal_weight=0 261.148 231.253 37.5124 193.74 97.9911 95.7494 79.8979 81.771 72.6215 71.8207 13.9784 45.837 9.14946
internal_count=1221585 1075371 972052 126176 845876 416961 428915 373288 385494 352512 336764 43421 146214 32982
cat_boundaries=0 23 45 69 89 90 113 136 159 182 205 228 252 276 299
cat_threshold=2097280 32770 1280 4096 16777232 0 0 65536 268435456 65536 16842882 6594560 67108864 33554432 1 131072 33554432 0 67108864 131072 10485760 0 131136 0 0 8200 32784 4194304 16416 512 34635776 2097152 2625568 67141632 268435456 0 16 262144 4 16777216 92274688 2112 0 128 67109408 2147483648 1074827264 517 4096 65536 24576 264 256 33824833 0 2097412 0 4198400 4194816 0 2147483648 0 134217728 0 0 0 0 2064 33554432 64 352 64 2 131200 8389632 1048576 6152 0 1073741824 524296 131077 16 2621440 1024 0 266272 34078720 0 4227072 6 2048 134217732 264193 65536 17408 65536 9437184 262146 67108864 131200 2147614720 1024 1048576 0 0 1048576 0 268451840 268435456 134217992 2415919104 0 33 33554432 134217728 268352 67108866 16640 0 9961472 134217728 536870912 130 2147622912 132096 16 134217856 0 0 8192 2048 270532608 0 0 805306368 65536 536870912 147460 134221824 268705792 4672 2147483776 0 35782656 0 8194 167772160 2415919104 0 33562624 48 0 2147483648 67108864 0 2101248 0 0 32 574619648 33686528 134217728 512 512 128 1090519040 33685504 134217728 536870912 671088640 2147483648 0 134348800 16400 0 34603008 0 32768 8 8388608 67109120 8 2048 4 1 41943040 262178 268832768 0 8192 1052672 1073741824 134479872 0 512 8 0 0 1073741860 16384 553648144 134217728 2147549184 0 32769 134479872 16 131072 75497474 65952 0 655360 0 536870914 2 8192 131328 1074266112 17825792 0 10 262148 0 0 0 65536 524288 360448 553652736 1 2 65536 663680 0 16777216 2048 0 0 35393536 268435456 8192 4352 0 536870912 0 2048 163968 0 0 1073741824 520 262144 0 4128 16 41943040 16777248 520 0 256 134258688 8192 134742016 32 1049090 131072 0 2281701376 1048832 1207959552 524288 0 0 1049600 0 134217728 0 1073742080 134217729 2148007937 8388610 33554432 128 2048 67108864 1073741888 8 0 0 0 2164260992 262144 0 536870913 134217728 134217736 269516800 524288 49152
is_linear=0
shrinkage=0.02


Tree=86
num_leaves=15
num_cat=9
split_feature=52 43 43 20 43 1 43 43 23 43 20 43 43 26
split_gain=0.313473 0.289339 0.230912 0.190257 0.172268 0.148477 0.162442 0.140721 0.07535 0.0930657 0.0721932 0.0721256 0.069835 0.067358
threshold=0 1 2 0.50589050000000013 3 4.5000000000000009 4 5 0.37770350000000003 6 0.45709850000000002 7 8 0.41915500000000006
decision_type=1 9 9 10 9 2 9 9 8 9 10 9 9 8
left_child=2 13 -1 11 -5 6 -4 -7 9 -6 -9 -3 -10 -2
right_child=1 3 5 4 8 7 -8 10 12 -11 -12 -13 -14 -15
leaf_value=-0.00095268993210522878 -0.00064102152550196884 0.00055067660761817881 0.0011380061784668602 0.00090075315731351433 0.0007501429116939717 -0.00065458197985679271 -0.0011786757983505616 -0.00020234864834549001 0.00068180607341998079 -0.00082124799556320674 0.0016872550516606705 -0.0020562290276369723 -0.0018240415692463399 0.0016863360584869198
leaf_weight=21.222370991630019 3.3435837047586769 4.7989813686464036 6.2923428947932676 17.721420304878201 9.8883361667554901 10.480227628493214 15.784717096865078 7.7125596526203983 2.7044990994596398 31.952191852188939 93.821217101801153 41.516572781521795 18.127810463787398 21.59492533293998
leaf_count=72265 9003 9174 14266 61034 35568 41625 62837 23709 9454 176653 391207 128395 101752 84643
internal_value=0 -0.000627548 0.000592568 -0.00101672 -0.000454025 0.000908377 -0.000445188 0.00126041 -0.000878622 -0.000424623 0.00140873 -0.00205217 -0.0018719 0.000989009
internal_weight=0 151.648 155.313 126.71 80.3943 134.091 22.0771 112.014 62.6728 41.8405 101.534 46.3156 20.8323 24.9385
internal_count=1221585 615676 605909 522030 384461 533644 77103 456541 323427 212221 414916 137569 111206 93646
cat_boundaries=0 1 24 47 70 93 116 139 163 187
cat_threshold=6 2151677952 537019396 4613 2149581312 512 8192 1073742080 33685504 167772161 536870912 134218000 2147483648 0 134218240 16 0 0 0 0 0 0 0 2048 536870912 536870912 4106 268705792 512 134217856 16777216 35782656 805306372 536879104 167772160 2415919104 0 33554432 8192 134217728 0 0 32768 2101248 0 0 40 33554432 33619976 131090 276824064 12352 0 2147483648 256 262208 262144 1052740 6144 0 0 65568 2048 0 134217728 33024 4096 0 128 16 4194816 134217728 16 1611141248 16 2097152 1073873408 268435712 8192 262144 8 0 4194304 4210756 0 2147549184 4096 0 0 0 0 448 262208 524288 134348800 0 8912896 2684354640 528 8192 16640 256 514 1024 0 0 134291456 16432 65536 2164260864 67108864 131072 0 4100 0 262144 671612928 16809984 0 5120 2231468032 0 419430400 2 4 33554432 33556480 0 8192 131136 0 81920 1048576 2147614720 0 268435456 0 0 1664 536870912 0 0 0 536903696 0 67109377 134221824 32772 301989888 2048 0 20512 5242880 16384 16384 34603264 0 0 262144 1024 4194560 72 167772160 0 1048576 0 1074266112 32 134234136 65536 0 3221233664 2 805306368 1075838976 528 2097152 2147483648 150995968 0 67110912 160 0 8388608 320 0 1024
is_linear=0
shrinkage=0.02


Tree=87
num_leaves=15
num_cat=13
split_feature=42 42 43 42 43 42 42 43 43 42 42 43 43 19
split_gain=0.609674 0.327921 0.274182 0.144514 0.142349 0.160255 0.148324 0.15092 0.120653 0.0909668 0.084836 0.0830822 0.0735358 0.0578013
threshold=0 1 2 3 4 5 6 7 8 9 10 11 12 6090.5000000000009
decision_type=9 9 9 9 9 9 9 9 9 9 9 9 9 2
left_child=11 13 3 -3 5 -4 8 10 -6 12 -8 -1 -9 -2
right_child=1 2 4 -5 6 -7 7 9 -10 -11 -12 -13 -14 -15
leaf_value=-0.00062346335711340329 -0.0030924814792460797 -0.00081701483787589033 0.00078249218100653742 0.0016379654263984913 -0.00074851677326461647 -0.0019382214454479005 -0.00074041925821197304 -0.00076472998357535443 0.0014916006434461553 -0.00091718611581156223 0.0014176171338789215 0.0021770087069123002 0.0012084404692199906 -0.00063495421380654806
leaf_weight=4.3453015468857465 20.774059847219867 6.1563953695250673 6.7128833349332382 34.774226306204625 6.3526850564740105 29.966413398688658 3.215295815798902 2.1429936676465133 22.662887734888155 97.838622630778431 14.61972147853866 40.511495686519972 8.7546557615348508 8.1220590772266572
leaf_count=11412 79907 15732 17833 120293 13607 128972 6819 6487 66379 514715 49368 138313 35967 15781
internal_value=0 -0.00040838 -0.000101216 0.00114863 -0.00043116 -0.00135769 -0.000112553 -0.000419543 0.000913203 -0.000710363 0.000868051 0.00181747 0.000602229 -0.00200559
internal_weight=0 262.093 233.197 40.9306 192.266 36.6793 155.587 126.571 29.0156 108.736 17.835 44.8568 10.8976 28.8961
internal_count=1221585 1071860 976172 136025 840147 146805 693342 613356 79986 557169 56187 149725 42454 95688
cat_boundaries=0 23 45 69 92 116 139 162 186 210 232 255 279 303
cat_threshold=2097280 2 1312 2147487744 16777232 0 0 4096 268435456 65536 16842882 6594560 67108864 33554432 1 131072 33554432 0 67108864 0 10485760 64 131072 0 0 8192 32784 4194304 16416 512 34635776 2097152 2625568 67141632 268435456 0 16 262144 4 16777216 92274688 2112 4194304 128 67109408 0 1611699200 516 33558528 65536 24576 264 256 8256 0 2097428 0 4198400 4194816 0 2147483648 0 134217728 0 0 0 4194304 2064 33554432 33554496 33056 4608 2 1073872896 8389633 1048576 0 0 128 524296 1 4112 524288 1024 8388608 268288 33554432 2147483648 2097160 0 536870912 1 524288 134217729 2228234 336896 67666048 0 8192 2097152 268435728 0 33816576 134217728 32768 268435456 8192 134217728 0 2048 0 2101248 0 0 32 262144 0 1073742080 402655232 67108866 2178 0 0 65536 524288 1073741824 4722688 16777220 0 136839168 536871952 0 266272 0 0 557056 65536 0 32769 33554432 32768 266816 0 131336 1048704 1048578 136314880 4096 16576 524292 0 512 134217728 131328 0 0 33554432 16777216 131072 536870912 268435456 8194 2147483648 16777248 1 1073742336 268443648 0 131616 4 1107329025 262144 536870912 128 512 0 65536 16780288 1048576 262144 256 0 8388608 67109008 0 8192 687869952 16777216 524288 0 16 0 16777760 1073745920 0 805568514 18354176 0 16 4096 0 16778240 4224 0 768 0 0 67109008 0 134217728 134217728 33554432 67108864 805306368 8192 268570624 0 262208 537001984 0 134225920 524288 4096 4136 536870912 0 4132 1083392 2129936 0 32768 536870912 2112 1073741904 134217728 268435456 9344 131072 0 262144 0 0 2147483648 524544 1572864 2150105088 0 2 68 1048576 268468224 524292 2 524288 1 0 16777216 16 3254779968 16777248 520 0 131328 0 268443904 67895296 0 512 134348800 0 2147483648 1083179008 134217728 655488 0 0 5242880 0 134217728 587206656 131072 64 276824068 2181169152 136315396 0 0 0 0 524288 268441600 16 2181038080 0 0 9472 0 4194336 0 1024 0 786432 1024
is_linear=0
shrinkage=0.02


Tree=88
num_leaves=15
num_cat=14
split_feature=42 42 43 43 42 42 42 43 43 42 43 43 42 43
split_gain=0.592659 0.326933 0.276824 0.13459 0.151581 0.144172 0.127793 0.119169 0.105915 0.0888279 0.089792 0.0704249 0.0654268 0.0640186
threshold=0 1 2 3 4 5 6 7 8 9 10 11 12 13
decision_type=9 9 9 9 9 9 9 9 9 9 9 9 9 9
left_child=11 -2 6 4 -4 8 -3 12 -5 13 -11 -1 -7 -9
right_child=1 2 3 5 -6 7 -8 9 -10 10 -12 -13 -14 -15
leaf_value=-0.00058858070776354016 -0.0020148436323089267 -0.00073579781513265154 0.00076954363541401462 -0.00075786720850966772 -0.0018747025782618685 -0.0006668547449980546 0.0016507367876250258 -0.00068373835716357978 0.0013963966284014989 0.00053233434878583298 -0.0010900106874013442 0.0021368027746527436 0.0012732529447401458 0.0011370299519671326
leaf_weight=4.1642652360701788 27.997479836275058 6.2934471012766897 6.5917229528928463 5.0677641574995658 30.662917972079196 2.8136248521938914 33.467034105019764 2.7345360225856092 24.253036887656936 10.687784219910434 88.839119680417866 40.406248332758594 13.418764470582209 9.5301957998025042
leaf_count=12548 92356 15774 17590 10006 125008 6089 117465 8721 66267 46884 484716 131441 46860 39860
internal_value=0 -0.000400636 -9.81961e-05 -0.000423784 -0.00132024 -0.000115096 0.00117491 -0.000415597 0.000893578 -0.000660497 -0.00086889 0.00179808 0.000778204 0.000578248
internal_weight=0 262.357 234.36 194.599 37.2546 157.345 39.7605 128.024 29.3208 111.792 99.5269 44.5705 16.2324 12.2647
internal_count=1221585 1077596 985240 852001 142598 709403 133239 633130 76273 580181 531600 143989 52949 48581
cat_boundaries=0 23 45 69 93 116 139 162 186 208 231 253 277 300 324
cat_threshold=2097280 2 1312 0 16777232 0 0 4096 268435456 65536 16842882 6594560 67108864 33554432 1 131072 33554432 33554432 67108864 131072 10485760 0 163840 0 8192 8192 32784 0 16416 0 34635776 2097152 2625568 67141640 268435456 0 16 262144 4 16777216 92274688 2112 4194304 128 67109408 0 1611695104 516 33559040 65536 24576 264 256 33562625 0 2097428 0 4198400 512 0 2147483648 0 134217728 0 0 0 4194304 2064 33554432 16777216 1 2097162 336896 67108992 2147483792 8192 2097152 268435728 0 33554432 134217728 32768 2415919104 8192 134283264 0 0 128 2101248 0 0 32 262144 0 0 268437504 3019898886 1310848 33554432 2 134283264 524288 1073741824 4194304 17301508 0 134217728 1040 1048576 266240 16384 0 402685952 0 0 1 33555456 33587200 2147488320 4096 131336 128 1048576 136314880 4096 16384 524292 0 0 0 131328 0 0 1 18874368 0 537919488 268697664 34 33554432 33056 4608 2 1073872896 8389633 1048576 2097152 0 2147483776 524288 5 4112 524288 1024 0 268288 268435456 2147483648 32776 0 536870912 1 0 50335776 0 1073741824 268435520 0 131616 4 1073774656 268697616 536870912 128 17825792 138412032 65536 16384 33554432 262144 256 268435456 8388608 128 0 8192 134217728 16990216 0 3221225472 1342308416 0 16908288 1073741824 0 268435474 1572864 2149580800 0 4096 0 536875008 1073741952 2048 288 0 0 128 64 0 67108864 0 8192 269619200 0 262144 131074 3221225536 134225920 0 4624 134221856 536870912 8388608 1073743904 1083392 16 0 0 536870912 8192 256 131072 1 2155872388 1073741824 0 0 4325378 0 256 528384 2179072 544 67239936 2147483648 16779264 8388608 0 1048576 64 2097152 1049360 4096 16777248 16 578814016 16777248 8 0 131328 8192 268443904 67897344 0 1049088 0 0 2281701376 1048576 134217728 524288 0 0 1048576 524288 134217728 264256 0 0 268435456 12593152 1179648 576 67371016 0 1073741824 0 524288 1048592 2150105088 2147483648 2 1073741828 1048576 269484064 4 0 0 16384 541589504 65536 134873088 276824196 2198470672 0 0 131072 0 8192 268697600 2048 0 34209792 32 1024 1024 0 4194304 0 0 16 262144 1024
is_linear=0
shrinkage=0.02


Tree=89
num_leaves=15
num_cat=12
split_feature=42 42 43 42 42 43 43 43 42 42 43 43 19 3
split_gain=0.567538 0.312299 0.249486 0.177277 0.133894 0.147877 0.116796 0.103617 0.0986693 0.0929205 0.0891612 0.0796031 0.0700785 0.0555661
threshold=0 1 2 3 4 5 6 7 8 9 10 11 6090.5000000000009 4.5000000000000009
decision_type=9 9 9 9 9 9 9 9 9 9 9 9 2 2
left_child=7 12 3 -3 6 9 -4 -1 10 -6 -7 -10 -2 -13
right_child=1 2 4 -5 5 8 -8 -9 11 -11 -12 13 -14 -15
leaf_value=-0.00064764616610800993 -0.0031406554370589129 -0.00093189863739238292 -0.00094151487193643696 0.0016699285557001983 -0.00078464082829288032 -0.00083876170733852894 0.0013100511069656748 0.002130540579508281 0.00058384435208022633 0.0012809966120655822 0.0011263325191137148 -0.00068364019228587083 -0.00065766925146958631 -0.0016106539412714782
leaf_weight=5.0891987230920321 19.232139052545431 6.4172250499689278 3.147891591391816 33.41709298398014 3.7575770206751362 3.2073257104085018 19.517032253846914 40.704796547219964 6.7987912714287493 15.743447764460782 11.619322711408447 58.107621092849698 9.548346358761842 70.599999162782879
leaf_count=11982 82222 17024 7483 115251 9271 9163 68545 132726 30271 57930 52100 275031 17754 334832
internal_value=0 -0.000396402 -9.6143e-05 0.00111052 -0.000408068 -0.000610311 0.000746917 0.00173818 -0.000831477 0.000714886 0.000493203 -0.00101113 -0.00195687 -0.00114753
internal_weight=0 261.114 232.333 39.8343 192.499 169.834 22.6649 45.794 150.333 19.501 14.8266 135.506 28.7805 128.708
internal_count=1221585 1076877 976901 132275 844626 768598 76028 144708 701397 67201 61263 640134 99976 609863
cat_boundaries=0 23 45 69 92 114 138 162 186 209 232 256 280
cat_threshold=2097280 32770 1312 0 16777232 0 0 0 268435456 65536 16842882 23371776 67108864 33554432 1 131072 33554432 0 67108864 0 10485760 0 393280 0 0 8200 32784 0 16416 128 34635776 2097152 2625536 67141632 268435456 0 16 262144 4 16777216 92274688 1050688 4194304 128 67109408 2147483648 1108345856 532 33558528 65536 24576 264 256 270400 0 2097428 0 4096 4194816 4096 2147483648 0 134217728 0 0 0 4194304 2048 33554432 33554496 320 512 8388608 1073741952 41944064 1048576 6144 0 2147483648 524296 131077 16 528384 0 0 266240 33554432 2147483648 32776 2 0 1 33555456 0 268436032 4098 262408 128 2 136335360 131072 1073758208 0 524304 0 134221832 536871168 0 4096 33554432 18874368 32768 0 64 33554432 163876 0 1073741952 0 0 32 134348806 1107329024 0 64 128 0 134348804 65552 16779264 33554432 262144 256 268435456 4 67108864 16 8192 16777216 163840 2097154 3221233664 131072 4096 8192 2 65808 0 0 0 0 0 16 536872960 2147487872 2048 4194592 0 4 1140850816 2148532224 262144 4096 16777216 80 1073741824 16777248 520 0 256 134217984 8448 135004160 32 514 0 4096 2147483648 1048832 1207959552 524288 0 0 5242896 1073741824 134217728 0 1344 128 339738625 1187840 268439552 4096 64 536870912 0 134348800 0 4096 32 0 0 264224 34881 16 1024 1048576 536870912 65536 64 134218816 0 272629760 9445378 1048576 4096 256 0 131232 8519680 256 1048576 2147483712 2147483648 0 2048 524353 0 0 1048576 0 90112 4128 134217728 2101250 73728 2147614768 134217728 67117056 0 134217728 268435488 0 2415925248 32768 0 8224 134217728 4096 0 32 0 1073741824 16 0 67371008 256 0 1 512 0 2097154 67240064 4194304 2147483648 256 536879104 2166784 16777760 0 2147483648 0 5120 16384 524320 8256 1073741824 1049104 0 67108864
is_linear=0
shrinkage=0.02


Tree=90
num_leaves=15
num_cat=9
split_feature=42 42 52 42 42 42 42 42 34 1 42 40 35 39
split_gain=0.545644 0.30681 0.228986 0.295504 0.275575 0.141889 0.105468 0.0809748 0.0710798 0.0594877 0.119048 0.0539128 0.0514067 0.0428997
threshold=0 1 2 3 4 5 6 7 6090.5000000000009 4.5000000000000009 8 0.12974650000000001 0.43873050000000008 -0.061801999999999989
decision_type=9 9 1 9 9 9 9 9 2 2 9 8 8 8
left_child=-1 8 3 13 -4 -5 -6 -7 -2 10 -8 -11 -9 -3
right_child=1 2 4 5 6 7 9 12 -10 11 -12 -13 -14 -15
leaf_value=0.0016907709061950126 -0.003143314684537617 -0.00013020982670993865 -0.0011756594216512492 0.00055568779402100023 -0.00049097059401782687 0.00029560066070424731 -0.0010863650184522794 -0.0002574769410262152 -0.00064905850122772533 0.001691900962189008 0.00099625294478890899 -0.00034771866812354939 -0.0021847185762193196 0.0018046221228912663
leaf_weight=46.689097486898461 18.839161019827952 5.0274769570701201 18.914454840715656 12.871794189405243 13.429831388602286 11.228457677525851 5.1628436824886865 7.6083722747781319 9.5478569965603288 66.253984382156702 9.2713069061179798 3.928368659292885 61.840886061236347 16.272834863921048
leaf_count=151885 79671 12244 48102 44956 35911 26506 9861 41053 17754 316378 48651 21658 328642 38313
internal_value=0 -0.000390375 -9.34067e-05 -0.000685022 0.000499362 -0.00116107 0.000935617 -0.00147915 -0.00194474 0.00120187 0.000117121 0.0015622 -0.00176763 0.00102158
internal_weight=0 260.198 231.811 114.85 116.961 93.5495 98.0463 80.6777 28.387 84.6165 14.4342 70.1824 69.4493 21.3003
internal_count=1221585 1069700 972275 491714 480561 441157 432459 396201 97425 396548 58512 338036 369695 50557
cat_boundaries=0 23 45 46 69 92 113 136 159 182
cat_threshold=2097280 2 263424 2147483648 16777232 0 0 65536 268435456 65600 16842880 6594560 67108864 33554432 17 131072 33554432 0 67108864 131072 10485760 0 131072 0 0 8200 32784 0 16416 0 34635776 2097152 2625568 67141640 268435456 0 16 262144 4 16777216 92274688 2112 4194304 128 67109408 9 33554432 134217728 134219841 268439554 278784 0 9437184 134217728 0 128 131072 524304 0 134217728 0 0 8192 268435456 287309824 134217728 0 0 114785 2048 134217732 2049 65536 4211712 65536 9568256 258 0 131200 0 131072 1074790400 0 0 1048578 0 268451840 268435456 328 2415919104 0 16385 265216 0 2701131808 67108868 32 268701696 524290 270336 536870914 2 2281710594 131072 0 0 0 0 1073741828 2048 0 524288 2147549184 134217728 0 151126016 8388610 65536 8 0 270344 2 2 2147622912 1280 0 0 0 8650760 270348 0 0 136314880 2 524288 65632 134217728 0 4096 41943040 4194304 128 0 0 1052672 16388 262148 1024 0 17830312 536936448 1048576 32 32768 536870928 0 0 805306368 270592 33554496 96 4608 335544320 277088288 0 8 1073741824 0 16384 4194304 524292 0 1074266112 1280 0 67108864 536870912 0 4 1310720 8650816 256
is_linear=0
shrinkage=0.02


Tree=91
num_leaves=15
num_cat=13
split_feature=42 42 43 42 43 42 43 42 43 43 42 43 43 25
split_gain=0.520981 0.27179 0.241049 0.152565 0.135329 0.132883 0.133673 0.130019 0.125196 0.124522 0.113937 0.120782 0.117921 0.0884258
threshold=0 1 2 3 4 5 6 7 8 9 10 11 12 0.58374550000000014
decision_type=9 9 9 9 9 9 9 9 9 9 9 9 9 8
left_child=8 4 3 -3 -2 9 7 -7 -1 -4 11 -8 -12 -14
right_child=1 2 5 -5 -6 6 10 -9 -10 -11 12 -13 13 -15
leaf_value=-0.00066671335138474138 0.00083760498896270409 -0.00093068107006411232 -0.00091023854670908096 0.0016124670873155628 -0.0023208235867246798 0.00066127773594469932 -0.00090530958891138253 -0.0021096715534938892 0.0020383586370230702 0.0013451416821719912 0.00079206180160863043 0.0011811009000814471 -0.0012211466254613377 0.00022528154043806501
leaf_weight=6.1375549536967116 3.9333885593459521 4.8602560601690667 4.3901286416454139 33.081878082016601 27.880198439655022 6.4102972716256055 5.1125440881777822 27.434250600413225 42.50346416929164 19.055688689342276 11.515500090109096 25.321930411612811 69.132692021774545 20.093361649597369
leaf_count=14897 7299 14309 11767 114914 95226 19300 9914 116328 144957 71695 46610 67265 312957 174147
internal_value=0 -0.000388957 -9.36708e-05 0.00111531 -0.00178706 -0.000401343 -0.000610041 -0.00154294 0.00162034 0.000732462 -0.000235714 0.000647442 -0.000551849 -0.000814324
internal_weight=0 258.222 226.409 37.9421 31.8136 188.466 165.021 33.8445 48.641 23.4458 131.176 30.4345 100.742 89.2261
internal_count=1221585 1061731 959206 129223 102525 829983 746521 135628 159854 83462 610893 77179 533714 487104
cat_boundaries=0 23 45 68 90 114 136 160 183 207 231 254 278 302
cat_threshold=2097280 2 67110144 0 16777232 0 0 4096 268435456 65536 16842882 6561792 67108864 167772160 16777217 131072 33554432 0 67108864 0 10518528 64 131072 0 8224 8 32784 0 16416 0 34635776 2097152 2625536 67141632 268435456 1048576 16 262144 4 16777216 360710144 2112 4194304 128 67108896 2147483648 1644199936 516 33558528 65536 16384 264 256 33562689 0 2097428 0 4198400 4194816 0 2147485696 0 134217728 0 0 0 4194304 2064 33554432 33024 4608 0 1073873024 8389633 1048576 136314880 0 0 524296 131073 16 4096 131072 8388608 266240 33570816 0 32776 2 536871424 0 148480 0 3221291008 67108864 67108864 65792 135168 134217728 268435456 0 2048 4096 4194368 4096 2147487744 8192 0 557344 0 1073741824 640 2048 67108864 33555456 32768 268440160 2147487746 131336 128 0 136331264 0 1073758208 524288 16777216 4096 4104 16 0 4128 33554432 18874368 0 0 536870912 0 134234113 134348808 599040 84410496 2147483648 1073750016 0 268435456 32 301989888 2281701376 32768 0 8192 134283264 0 0 0 2101248 0 0 160 262144 262144 0 2281701376 348127232 286848 33686528 0 65536 16 0 4096 557060 0 2621440 1152 0 264192 64 0 33024 2 0 32770 0 16777216 64 8388608 16777248 134234632 0 256 272 268443904 67897344 524288 0 2147483904 0 2147483648 256 0 524288 0 0 5242880 2148007936 134225920 134217728 16777225 2097154 262144 0 134217856 134217728 1075838978 272 2 34607104 0 0 268451840 8192 16781312 4096 2048 4195072 0 0 1140850688 0 134217728 0 33554504 0 0 269484032 0 1048578 2048 4096 64 134217732 131089 512 67108864 131328 0 1073741824 32769 16 655360 537133056 269746176 8196 536875008 16777216 4097 1610612736 0 134217744 16777217 2101248 65552 537133328 16777216 1073743872 0 33558528 32 4096 8192 2048 512 0 0 0 528384 134217728 536870912 16781344 0 512 8192 134217730 131104 4 1073774608 256 553648128 2162816 16777216 131072 2147549200 16384 0 262144 0 0 0 0 529408 167772160
is_linear=0
shrinkage=0.02


Tree=92
num_leaves=15
num_cat=1
split_feature=52 20 1 26 4 37 35 2 22 24 36 22 20 24
split_gain=0.290338 0.252789 0.164373 0.112358 0.0851616 0.0601667 0.0551031 0.0567419 0.0548784 0.0515594 0.05006 0.0509379 0.0486833 0.0463481
threshold=0 0.50589050000000013 4.5000000000000009 0.49022800000000005 1.5000000000000002 0.16306600000000002 0.43873050000000008 1.5000000000000002 0.17838150000000005 0.43079150000000005 0.42615400000000003 0.17620650000000002 0.51619150000000003 0.48051500000000008
decision_type=1 10 2 10 2 8 8 2 10 10 10 8 10 8
left_child=2 6 5 12 9 -1 -2 -8 -9 -3 11 -5 -4 -6
right_child=1 4 3 10 13 -7 7 8 -10 -11 -12 -13 -14 -15
leaf_value=-0.0014212612765130248 0.00024839943526395612 -0.00047063357340074613 -0.00026557453300005178 0.0016764280286784897 -0.0012492460289612998 0.00029288218223918311 -0.00022648255174457187 -0.0023824810238256885 -0.0001553785872540647 0.00063726307931552962 -0.00018758360254066901 -0.00022914180406224908 0.00086129323533191222 0.0006646816127506487
leaf_weight=14.57874815213593 4.3452879264938691 19.366156216807155 34.834057970642696 62.729126808426578 20.923793865991836 11.608115936461459 8.8063006750033477 35.62333118059621 5.7843291260852032 53.783117073625888 6.3395606841617527 4.8972366265531013 20.269361794552474 2.9526611786121526
leaf_count=49659 11339 105359 106397 299065 101114 38145 25646 105878 17200 237225 30435 16375 65833 11915
internal_value=0 -0.000602527 0.00057191 0.000897546 -1.08446e-05 -0.000736281 -0.00166667 -0.00183988 -0.00212163 0.000332604 0.00138222 0.00153216 0.000186103 -0.000938453
internal_weight=0 151.585 155.256 129.069 97.0257 26.1869 54.5592 50.214 41.4077 73.1493 73.9659 67.6264 55.1034 23.8765
internal_count=1221585 615676 605909 518105 455613 87804 160063 148724 123078 342584 345875 315440 172230 113029
cat_boundaries=0 1
cat_threshold=6
is_linear=0
shrinkage=0.02


Tree=93
num_leaves=15
num_cat=13
split_feature=42 42 43 42 43 42 42 43 43 43 42 42 3 43
split_gain=0.523612 0.288365 0.226775 0.181646 0.121139 0.171424 0.134345 0.126562 0.117006 0.0978563 0.0950571 0.086761 0.0798312 0.11823
threshold=0 1 2 3 4 5 6 7 8 9 10 11 3.5000000000000004 12
decision_type=9 9 9 9 9 9 9 9 9 9 9 9 2 9
left_child=9 -2 3 -3 5 -4 7 -6 10 -1 -8 -10 13 -13
right_child=1 2 4 -5 6 -7 8 -9 11 -11 -12 12 -14 -15
leaf_value=-0.00065404863875998757 -0.0018817717415792535 -0.00095007876523001274 0.00081532854173212285 0.0016588761647586805 -0.00083563111096222496 -0.0018048342045131761 -0.00084159090667491345 0.0014485521549254601 0.00054533752508830065 0.0020725547885234101 0.0013748692316123046 -0.0011247289601882542 -0.0012840177332738743 0.00069374287427961703
leaf_weight=4.7201374446279019 28.430309541915435 6.5013963129959169 7.4818372252457612 32.170236951093365 5.3500602843626321 31.323022447070201 2.5556600401604581 23.736415059239285 13.849871282214231 39.850791469082196 13.775860776028374 8.7029441047759573 67.263962723935236 21.115078026873274
leaf_count=12326 98746 18148 20550 107531 8797 131663 5251 73280 47993 131546 42655 32762 355484 134853
internal_value=0 -0.000374905 -8.92948e-05 0.00107732 -0.000380864 -0.00121319 -8.61697e-05 0.000887042 -0.000378676 0.00169182 0.000791164 -0.000624624 -0.000842178 -4.60913e-05
internal_weight=0 262.257 233.826 38.6716 195.155 38.8049 156.35 29.0865 127.263 44.5709 16.3315 110.932 97.082 29.818
internal_count=1221585 1077713 978967 125679 853288 152213 701075 82077 618998 143872 47906 571092 523099 167615
cat_boundaries=0 23 45 69 92 116 139 161 185 209 233 256 279 303
cat_threshold=2097280 32770 263424 0 16777232 0 0 4096 268435456 65536 16842882 6561792 67108864 167772160 1 131072 33554432 0 67108864 0 10485760 0 131138 0 0 8200 32784 4194304 16416 0 34635776 2097152 2625536 67141632 268435456 1048576 16 262144 4 16777216 92274688 1050688 4194304 128 67108896 2147483648 1611661312 528 33558528 65536 24576 264 256 33824832 0 2097412 0 4198400 4194816 4096 2147483648 0 134217728 0 0 0 0 2064 33562624 33554496 320 4608 4194306 131200 8389632 1179648 2048 2 3221225472 524296 131077 16 524288 256 0 262144 524288 0 32768 2 512 1 4096 134234121 2101250 74752 67108992 128 8192 2097152 268435712 0 33816576 134219776 32768 268435456 8192 134283264 0 0 32768 2101248 0 0 128 262144 0 0 402655328 335548416 1321090 0 0 134545408 0 0 4096 32772 16 67108864 536871952 1048576 262144 0 0 0 2 536870976 32769 33554432 1088 4609 6 131080 1073741952 1048578 2099200 536875008 0 655360 16777216 0 4104 256 0 0 33587201 16777216 0 262144 269746176 536870912 0 134217728 524288 268959744 134217728 131073 1073741826 16 262146 524288 2147487744 0 4 0 0 4224 67110912 4194944 0 1073741824 1073741888 528384 201327616 0 4128 1 512 268435456 0 67239968 6 32768 262400 536870992 4224 1048576 68 65536 16780288 33554432 262144 0 0 1073741824 1048576 528384 67108864 0 0 24 262208 16777248 520 0 131328 134225936 8448 67895296 32 1049088 256 4096 2281701376 0 1207959552 524288 0 0 1048592 524288 134217728 0 36 0 0 1073758208 131072 64 266 524288 226 33554432 2147483648 524288 1140850720 2147483648 2 68 64 32768 134873352 0 0 16384 64 256 64 4198400 16640 268439552 8388672 0 131074 1073758400 134225924 16 0 1073741856 0 0 2080 1050624 32784 131072 0 64 65536 524800 16842752 134217800 278921216 50364944 4 2147483649 2048 2147483648 536870912 268435456 2147483648 0 0 16 0 0 67108864 128 0 0 144 262184 134217728
is_linear=0
shrinkage=0.02


Tree=94
num_leaves=15
num_cat=10
split_feature=52 43 43 21 43 43 43 27 43 38 43 43 21 43
split_gain=0.279148 0.26567 0.215044 0.141026 0.1465 0.107677 0.0838891 0.0760474 0.0737633 0.0713345 0.0849603 0.0771298 0.0697843 0.064218
threshold=0 1 2 0.25256050000000002 3 4 5 0.59049650000000009 6 0.24216509245200005 7 8 0.16397700000000004 9
decision_type=1 9 9 8 9 9 9 8 9 10 9 9 8 9
left_child=2 -2 12 4 -3 -4 -5 13 -9 11 -11 -7 -1 -6
right_child=1 3 5 6 7 9 -8 8 -10 10 -12 -13 -14 -15
leaf_value=0.00093987710386505218 0.00095527120117280654 0.00082759078929726135 -0.00057449100259162396 0.00062049449624128155 0.00050377856857462561 0.00087564186036831666 -0.0019287638246732373 -0.00088085445552163379 0.00082682950193034479 -0.00050192643818035938 0.0013976559697432662 -0.00076891179702583037 -0.0016919070104968168 -0.0013638386976088123
leaf_weight=1.5386466699793078 24.926510597355353 16.089735858492322 12.670618448473316 4.4809933098703043 5.8076382341677562 5.6272480540209902 39.416027553139081 2.698973766165051 10.493227929890011 8.155668923846898 98.139144190204732 10.651381384094753 18.457720521300942 47.654856101219295
leaf_count=10772 93646 49538 53800 9732 22537 8943 103175 11453 91039 26183 422929 30287 52995 234556
internal_value=0 -0.000591218 0.000560421 -0.000964538 -0.000498616 0.000858264 -0.00189925 -0.000850904 0.000301686 0.00105286 0.00131639 -7.80862e-05 -0.000958464 -0.00128234
internal_weight=0 151.568 155.24 126.641 82.7444 135.244 43.897 66.6547 13.1922 122.573 106.295 16.2786 19.9964 53.4625
internal_count=1221585 615676 605909 522030 409123 542142 112907 359585 102492 488342 449112 39230 63767 257093
cat_boundaries=0 1 24 47 70 91 115 139 163 187 210
cat_threshold=6 2151677952 537019396 4613 2149581312 512 8192 1073742080 33685504 167772161 536870912 134218000 2147483648 0 134218240 16 0 0 0 0 0 0 0 2048 536870912 537001984 134221834 268705792 512 134217856 16777216 33685504 536870916 536879104 167772160 2415919104 0 33554432 8192 134217728 0 0 32768 2101248 0 0 40 33554432 8 134217746 277348352 8288 16384 2415919104 256 262208 0 537919488 4096 8208 0 65568 2048 33554432 134217728 33024 0 1024 128 16 524288 0 4 2158493696 2684358720 2147484176 8192 2113536 268697600 514 2048 524288 32768 134217728 16400 0 2147483648 1140852736 131072 0 4 536870912 33554432 0 4224 536870928 134218240 67108865 134221824 32768 268443648 2048 0 16416 5242880 16384 17408 1074790400 2048 0 262144 4 272 64 8192 512 16814081 2097152 1024 285212688 134217856 16777216 0 32768 33554448 2621440 134742016 2 65536 0 4096 0 2147614720 0 0 1073741824 1073741824 736 134217728 0 4 131072 512 0 1073741832 0 1073741824 134218768 64 17040384 134219776 0 269557760 268435488 536870912 16785408 0 37749248 0 4096 1024 786432 134217728 0 1209012224 0 128 268435456 0 134217728 0 128 16 256 134219808 4096 4 0 0 4096 0 896 268959744 0 4194496 17305088 168034304 524544 32768 2097152 1073742848 2147487744 201326592 16777216 6291460 0 33554432 16777280 0 16777216 39976960 4096 2147483648 0 2214592512 32 64 8388608 67108864 640
is_linear=0
shrinkage=0.02


Tree=95
num_leaves=15
num_cat=2
split_feature=23 27 51 24 25 35 36 15 27 51 17 31 32 25
split_gain=0.244607 0.130388 0.0867376 0.0849527 0.0724602 0.0694998 0.06887 0.0654067 0.0626291 0.0608832 0.0588355 0.0526557 0.0440084 0.043524
threshold=0.38178400000000007 0.5715690000000001 0 0.44293250000000006 0.62558400000000003 0.60444950000000019 0.27085100000000001 1.0000000180025095e-35 0.48599050000000005 1 91.65000000000002 1208.5000000000002 0.52106750000000013 0.37441600000000003
decision_type=8 10 1 8 8 10 8 2 10 1 2 2 10 8
left_child=1 2 8 -3 5 9 -4 -8 -1 12 11 -10 -2 -13
right_child=4 3 6 -5 -6 -7 7 -9 10 -11 -12 13 -14 -15
leaf_value=-0.00011940185788146585 0.0014034018257458899 -0.00023339060460473343 0.00026471896168045179 0.0017444453403617556 0.00037462581996206625 -0.0017068145376285544 -0.0016132409481366254 9.3495733982455918e-06 -0.00023519012893109229 -0.00078283336738746217 -0.00071296202644237014 -0.00060298264083379451 -0.00032651590174851748 0.0014887575814945652
leaf_weight=37.096604652032724 7.2894650405046173 9.8603436780503575 27.993287774132966 32.954568438163705 16.028260483459874 30.212393101700876 20.432616513818139 16.21587461893548 8.4373199801543404 43.211864022182773 4.7217041003360256 1.7152945033841402 8.3758141963680277 42.252365646951446
leaf_count=109991 15205 77992 98790 159698 101664 113922 71886 56700 61418 153666 21146 6247 39944 133316
internal_value=0 0.000395902 0.000116459 0.00131217 -0.000771118 -0.000986205 -0.000403012 -0.000980362 0.000468583 -0.000511772 0.000904709 0.00109987 0.000420007 0.00135392
internal_weight=0 201.68 158.865 42.8149 105.118 89.0895 64.6418 36.6485 94.2233 58.8771 57.1267 52.405 15.6653 43.9677
internal_count=1221585 797184 559494 237690 424401 322737 227376 128586 332118 208815 222127 200981 55149 139563
cat_boundaries=0 1 2
cat_threshold=27 550
is_linear=0
shrinkage=0.02


Tree=96
num_leaves=15
num_cat=7
split_feature=43 23 43 43 37 43 43 27 5 43 43 1 32 26
split_gain=0.248821 0.179753 0.149595 0.138495 0.110334 0.12365 0.111897 0.104782 0.11619 0.141791 0.126412 0.0972254 0.0718393 0.0592653
threshold=0 0.37402250000000009 1 2 0.16205050000000001 3 4 0.59263050000000017 1.5000000000000002 5 6 4.5000000000000009 0.51687550000000015 0.3811115000000001
decision_type=9 8 9 9 10 9 9 10 2 9 9 2 10 8
left_child=11 3 -3 -2 5 -4 -6 8 9 -5 -10 12 -1 -13
right_child=1 2 4 7 6 -7 -8 -9 10 -11 -12 13 -14 -15
leaf_value=-0.0015554142817417482 -0.00087287655273695849 0.00084099503695528397 0.00059852829618658055 -0.00075934316065655002 -0.0012114513764179568 -0.0017219435555570347 0.00059914419852383899 0.0017358263534000985 0.00085438258867699733 0.00099277428666934243 -0.0011961570180390657 -0.00044701537752719466 0.00097834922879570709 0.0018315537027577995
leaf_weight=4.5959057344599996 26.217394055799467 10.331686474401009 8.2441044755038693 14.608761725567744 6.5936676680868276 62.138294606340509 22.511388357369455 17.494039491712499 7.1760042707809841 57.137511817106187 22.907160734797255 3.1526193199051531 3.8358567875831922 39.840971306290164
leaf_count=8609 83073 31696 26797 38884 26060 264075 120743 114594 17333 247662 101375 7166 13204 120314
internal_value=0 -0.000279226 -0.000882228 0.000171415 -0.00107086 -0.0015775 -0.000108047 0.000459954 0.000212834 0.000640201 -0.000752387 0.00108698 -0.000467627 0.00163531
internal_weight=0 255.36 109.819 145.541 99.4875 70.3824 29.1051 119.323 101.829 71.7463 30.0832 51.4254 8.43176 42.9936
internal_count=1221585 1072292 469371 602921 437675 290872 146803 519848 405254 286546 118708 149293 21813 127480
cat_boundaries=0 24 46 70 94 118 141 163
cat_threshold=4194304 1074791424 517 4224 65536 8192 1073742088 0 33554432 262144 276 65536 4096 4194884 0 2147484672 0 0 0 0 1073741824 0 6144 100663296 0 536870944 16 2097152 64 0 196609 301989892 1073750017 805306368 671088640 20608 4194304 0 65536 16384 1073741824 134217728 1048576 0 8388608 5243520 0 16777217 2097152 786432 192 134217728 8192 2097152 276 268443680 262144 2550138912 4227072 268435456 8192 134217728 0 0 512 0 0 0 786432 134479872 2147484160 1 0 2147483648 335544336 16384 2147484160 0 524356 16 8256 2097184 512 16417 2147487744 6144 8388608 262144 524288 32 0 0 524288 8192 16781824 167825417 2621448 2147557376 67141632 128 2281701376 2048 4 16 0 0 0 2147483648 8192 134221824 4096 0 0 0 1024 0 32 134217728 33554944 0 131098 8192 1409286144 0 66049 0 536879104 536870912 524288 0 0 4096 0 0 2147483904 2147485696 128 2101248 0 1049792 1048616 33554944 33603584 134217728 0 45088 2147483648 268501536 2 537133184 536870912 2621440 0 0 131072 0 0 1048832 2147483648 32 0 1024 1077936320
is_linear=0
shrinkage=0.02


Tree=97
num_leaves=15
num_cat=10
split_feature=42 42 52 42 42 42 42 42 19 1 42 35 42 2
split_gain=0.5095 0.274143 0.222406 0.319586 0.253336 0.137055 0.0983164 0.0798619 0.0672372 0.0628276 0.116852 0.0560424 0.0537576 0.0511176
threshold=0 1 2 3 4 5 6 7 6090.5000000000009 4.5000000000000009 8 0.43873050000000008 9 1.5000000000000002
decision_type=9 9 1 9 9 9 9 9 2 2 9 8 9 2
left_child=-1 8 4 -4 -3 -5 -6 -7 -2 10 -8 -9 -11 -13
right_child=1 2 3 5 6 7 9 11 -10 12 -12 13 -14 -15
leaf_value=0.0017087791785873325 -0.0029550555378358677 -0.0010734615368054369 0.0010674883487045391 0.00053962487865395368 -0.00052245859118246914 0.00025973848607451373 -0.0011022657017054902 -0.00021970642401093087 -0.0005780116894626156 -0.00035303981539992052 0.00094547846007472282 -0.00057428126909220116 0.0015671242615976208 -0.002452521565123759
leaf_weight=42.231371937388531 19.187063018598213 20.562923626357776 22.241405781589002 12.790551350076806 11.675945283153748 12.070937389728945 5.0878395303440307 7.5561248235997569 9.5429033351242172 7.5436855679915755 10.129018017854699 10.538625511878044 64.485779558023793 51.128679327449198
leaf_count=133599 82557 55926 58082 43438 35928 27336 9959 41020 17754 25611 48887 55355 313460 272673
internal_value=0 -0.000362475 -8.55097e-05 -0.000666709 0.000491575 -0.00116708 0.000915405 -0.00147784 -0.00182667 0.00115625 7.99733e-05 -0.00177313 0.00151377 -0.00219868
internal_weight=0 264.541 235.812 116.326 119.485 94.0849 98.9223 81.2944 28.73 87.2463 15.2169 69.2234 72.0295 61.6673
internal_count=1221585 1087986 987675 497904 489771 439822 433845 396384 100311 397917 58846 369048 339071 328028
cat_boundaries=0 23 45 46 69 92 113 136 159 182 204
cat_threshold=2097280 0 1312 2147483648 16777232 0 0 0 268435456 65536 16842882 6561808 67108864 167772160 1 131072 33554432 33554432 67108864 131072 10485760 0 131136 0 0 8200 32784 4194304 8405024 0 34635776 2097152 2625536 67141632 268435456 1048576 16 262144 4 16777216 360710144 2112 0 128 67108896 6 33554432 134217730 134481985 268439554 278784 0 9437184 262144 0 128 131072 557056 0 0 16 0 8192 0 287309824 134217728 0 0 114721 2048 134217734 134481921 0 17408 65536 9568256 2 0 131200 8 131072 1073741824 0 0 1048578 0 16384 268435456 328 2415919106 0 16385 265216 0 2701131776 67108868 32 268701696 524290 134225920 536870914 16386 2281710592 132096 0 0 0 0 1073741828 2048 0 524288 2147549184 134217728 0 16908288 8454146 65536 8 0 270600 536870914 34 2147622912 34048 0 0 0 8650760 270348 0 0 134217728 0 0 65568 134217728 4 4096 41943040 0 128 0 0 1052672 4 262148 0 0 17830312 536936448 1048576 32 32768 536870928 0 536870912 805306368 270592 33554496 96 4608 335544320 277088288 0 8 65536 0 16384 0 524292 0 1074266112 1296 0 67108864 536870912 0 4 1310720 8389184 256 0 1107296256 536870976 65 130 1311744 524288 0 67112960 1 262144 0 524288 17825792 65536 2097152 1048576 10242 32 16777216 0 537427970
is_linear=0
shrinkage=0.02


Tree=98
num_leaves=15
num_cat=12
split_feature=42 43 42 42 43 42 42 43 43 42 1 42 4 43
split_gain=0.493049 0.274849 0.199766 0.189665 0.13463 0.128385 0.128116 0.108518 0.104407 0.100264 0.0973851 0.0899697 0.0942182 0.137886
threshold=0 1 2 3 4 5 6 7 8 9 4.5000000000000009 10 1.5000000000000002 11
decision_type=9 9 9 9 9 9 9 9 9 9 2 9 2 9
left_child=-1 3 -3 -2 5 -4 7 -6 9 -8 -5 -10 13 -13
right_child=1 2 4 10 6 -7 8 -9 11 -11 -12 12 -14 -15
leaf_value=0.0016767447989998088 -0.0010821288110653498 -0.0017563049264252928 -0.00092820353914762938 -0.00035095964098812035 -0.00085623039773816969 0.0012973070033560853 -0.00088486404127041847 0.001359927237903212 0.00047873309727268894 0.0011876385249520822 0.0022226391602433444 0.00063333063122709195 -0.0021835702631673847 -0.0011129356624537243
leaf_weight=42.50973416929061 5.7966815764301654 38.444501625757525 4.6276003202539693 5.55815292586363 3.7628714785935218 23.807726149798221 3.3143845507398058 14.156763663325993 11.719969870239222 12.403946766730074 30.532780245443824 15.780282376303251 28.297590256185757 66.037471439958608
leaf_count=137017 16539 108951 11685 15463 10789 85060 8048 58089 61591 51784 98315 55206 142872 360176
internal_value=0 -0.000356884 -0.000642178 0.000927555 -0.000294397 0.000739654 -0.000531962 0.000716464 -0.000749055 0.000531938 0.00147328 -0.000954514 -0.00114617 -0.000814297
internal_weight=0 264.241 222.353 41.8876 183.909 28.4353 155.473 17.9196 137.554 15.7183 36.0909 121.835 110.115 81.8178
internal_count=1221585 1084568 954251 130317 845300 96745 748555 68878 679677 59832 113778 619845 558254 415382
cat_boundaries=0 23 47 70 92 116 139 162 186 208 231 251 275
cat_threshold=2097280 32768 1280 2147483648 16777232 0 0 4096 268435456 65536 16842882 6561808 67108864 167772160 1 131072 33554432 0 67108864 131072 10485760 64 131072 2147483648 1610613792 529 4096 65536 0 264 258 33554497 0 2097428 65536 4096 4194304 69632 2147484672 0 0 0 0 0 512 2064 33554432 0 134225920 8200 524304 12583936 0 512 1081600 69206016 32 0 268435456 0 2147483648 2164260864 4 83886080 75497472 1050688 2097152 128 32 16384 64 320 134217728 4194320 128 8406016 1048576 0 0 3223846912 557064 131073 16 16 262272 0 262176 33554432 0 32776 0 1049088 0 1101824 4 35651584 40992 24576 2147483648 33554436 1207967744 0 0 128 20971520 576 0 16777216 1048576 134217728 32768 268435456 0 71303168 8 67108864 262144 20 2415919104 65536 196896 33570816 131082 65536 536870912 2097280 524288 32772 0 524288 393216 0 0 16384 32768 20971520 0 603979776 2 33555456 256 268440064 4098 131336 4224 524298 134217728 536870914 0 524288 32768 4096 8 536870912 0 4128 33554432 18907136 0 0 536870912 2 4608 150994945 0 8658944 131088 2281701376 131072 134217728 272 0 34082816 2415923200 0 256 8192 6144 4096 2048 768 0 1073741824 0 0 1024 4195072 16777216 0 3221225984 131072 67108864 67239936 138412032 0 0 536875008 4096 1049090 134217984 0 18432 1115684864 262144 256 8 1073741824 1048832 264192 33554496 262176 339804160 270336 0 0 262216 0 4160 2147483652 0 0 1142947840 1152 0 64 524288 268435456 0 1048576 512 8193 262144 262208 2147483808 339738624 270368 1375993856 0 64 131072 64 134356996 0 0 2097184 1152 0 786432 0 536870928 32768 167772192 134283264 64 134217856 33554432 6 0 0 2147483648 272 2048 524288 16400 67108868 0 0 16782336 67241984 1048576 0 0 64 17563648 8192
is_linear=0
shrinkage=0.02


Tree=99
num_leaves=15
num_cat=8
split_feature=43 23 43 43 5 43 43 1 37 43 43 25 43 27
split_gain=0.236114 0.172824 0.16206 0.144261 0.11603 0.126693 0.123552 0.0960475 0.0829618 0.108952 0.107142 0.0569603 0.0955601 0.066875
threshold=0 0.37770350000000003 1 2 1.5000000000000002 3 4 4.5000000000000009 0.16205050000000001 5 6 0.47849200000000008 7 0.48599050000000005
decision_type=9 8 9 9 2 9 9 2 10 9 9 8 9 8
left_child=7 3 -3 -2 6 -6 -5 -1 9 -4 -10 12 -8 -13
right_child=1 2 8 4 5 -7 11 -9 10 -11 -12 13 -14 -15
leaf_value=-0.00047279446626783761 -0.00085241726130424664 0.00081863669187594681 0.000634929374333445 -0.00072745145765707082 0.00094728033787436748 -0.00091866717743007125 -0.0008623422662773579 0.0016265184263049015 0.0010905572764873033 -0.0017155179673842924 -0.00078580881453702608 -3.1722828926192158e-05 0.00086451747798349358 0.0018310459841354054
leaf_weight=8.3453090143104856 31.523897988536241 11.772264011847428 6.3443395025408869 10.537201054522326 8.6200194839456952 28.957702722763955 7.0858591354082945 41.813395204914769 4.4825402053452992 58.128132774520367 18.286081814136701 8.967730287061201 18.422465837849487 43.445998384779564
leaf_count=20657 95876 41350 25014 34403 27112 137213 18620 120066 18431 239010 101424 27263 80004 235142
internal_value=0 -0.00026889 -0.000912319 0.000134534 0.000436252 -0.000422938 0.000851017 0.00107174 -0.0011425 -0.00161072 -0.000176806 0.00105586 0.000322821 0.00153733
internal_weight=0 256.574 99.0134 157.561 126.037 37.5777 88.4593 50.1587 87.2411 64.4725 22.7686 77.9221 25.5083 52.4137
internal_count=1221585 1080862 425229 655633 559757 164325 395432 140723 383879 264024 119855 361029 98624 262405
cat_boundaries=0 24 48 72 95 118 142 165 189
cat_threshold=4194304 1074791424 517 4096 65536 8192 1073742088 0 33554433 262144 276 65536 4096 4194884 0 2147483648 0 0 0 0 1073741824 128 6144 100663296 33554432 536870948 16 2097280 64 0 65537 301989892 2147491844 268435456 671092800 16544 0 0 69632 16384 0 0 32768 0 0 5243392 0 134217728 32 16777217 2228240 0 64 134217728 0 35651584 268435732 32 262144 3623878688 32768 268451840 8192 134217728 0 2048 32768 0 0 0 786432 134479872 512 33603584 134217738 524288 16818176 6291456 268501536 2048 537133184 8192 2621440 0 0 131072 0 65536 1073742080 2147483648 0 0 0 1073741888 16 512 0 10 524288 1409286144 0 65536 0 536936448 805314560 134743040 2113536 0 2147553280 0 536870912 3221225728 2147483648 0 2097152 0 5243904 1073741856 2147484160 16777217 2097152 2147483648 0 16384 2147615360 0 1074266176 536870928 9216 3145728 4194304 16416 2147483648 134219776 0 134479872 1572864 32 0 0 0 8192 536870944 0 2 33554432 17301664 516 8192 0 671088768 32 268435464 1207959552 8210 524288 16 1024 1048576 2048 512 4096 0 67108864 2147484672 167776256 134234116 0 8454144 2148016256 2147483664 134217728 4196352 524288 0 33554496 0 1048592 524288 32 65536 0 0 640 4096 0 1140850752 0 8192
is_linear=0
shrinkage=0.02


Tree=100
num_leaves=15
num_cat=14
split_feature=42 43 42 42 43 43 42 42 43 43 43 42 42 43
split_gain=0.466238 0.260085 0.189971 0.171233 0.119166 0.117252 0.14538 0.124606 0.151182 0.121719 0.0856908 0.0817662 0.0689335 0.0546418
threshold=0 1 2 3 4 5 6 7 8 9 10 11 12 13
decision_type=9 9 9 9 9 9 9 9 9 9 9 9 9 9
left_child=10 2 -2 4 -3 6 -5 8 -7 12 -1 13 -9 -11
right_child=1 3 -4 5 -6 7 -8 9 -10 11 -12 -13 -14 -15
leaf_value=-0.00068900270985385688 -0.0010593468817828534 0.00073634022999361556 0.0015819250096095658 0.0007991067454934395 -0.0020461162131754614 -0.0009003325806127456 -0.0018091407443864109 -0.00071677886966142377 0.0013814876455114061 -0.000661391022982438 0.0019711052508185225 -0.00080691950627853159 0.0013088719951472431 0.0011478274361276905
leaf_weight=3.5704876565122903 5.636801289134139 4.7143164516380862 30.663487175377298 5.950791874034997 36.227692709665732 6.8667318858509834 23.812387476492116 2.2089915090196026 29.749904722544525 1.798228341485407 39.104874343635416 93.679964838817099 14.454599994288918 8.2808508627875348
leaf_count=10702 12871 10740 96329 14117 114145 11948 84201 6307 76087 6809 126136 541700 62026 47467
internal_value=0 -0.000348096 0.000981957 -0.000607672 -0.0016142 -0.000283483 -0.00119462 -2.16951e-05 0.000816289 -0.000338692 0.00162723 -0.000606975 0.000827994 0.000622519
internal_weight=0 264.045 36.3003 227.744 40.942 186.802 29.7632 157.039 36.6166 120.423 42.6754 103.759 16.6636 10.0791
internal_count=1221585 1084747 109200 975547 124885 850662 98318 752344 88035 664309 136838 595976 68333 54276
cat_boundaries=0 23 47 69 92 115 139 162 185 209 233 256 275 298 322
cat_threshold=2097280 0 67110144 2147483648 16777232 0 0 0 268435456 65536 16842880 6561808 67108864 167772160 1 131072 33554432 33554432 67108864 131072 10485760 0 131136 2147483648 1073742880 512 4096 65536 0 264 258 33562689 0 276 65536 4096 4194816 69632 2147484672 1048576 0 0 0 0 1049088 2064 33554432 64 352 64 4194304 1073741952 8406016 1048576 2048 0 1075838976 557064 131073 4112 0 262144 0 266272 16777216 0 4227080 536870912 512 0 134225920 8200 524304 12583936 0 512 1081600 69206016 524320 0 268435456 0 2147483664 2164260864 4 0 276824064 1050688 0 128 524320 16384 0 131072 16 1610612736 16 2153775104 0 135168 144 268697600 3670016 6144 32 131072 0 69632 41943040 67108864 256 0 1073741824 128 1152 0 0 8 335872 67633168 2147483792 16785408 0 268435600 8192 33816576 2415919104 32768 268435456 8224 134283264 0 0 0 2101248 0 0 2147483808 262144 0 4 268435488 335548422 16768 0 2 134283264 0 2147487747 4718592 557056 0 4096 536871952 0 262144 1048576 0 557056 2 0 32768 33554432 32832 134217792 1 262144 16512 0 134232064 4096 1073758272 4 131072 0 0 0 0 32 0 18874368 134217728 537165824 1310784 8226 541069312 16777216 2097152 3223322692 45056 0 1207959552 0 2147483908 0 4096 0 16 8192 0 553648128 0 2048 163840 0 0 128 1074009088 134217728 541065216 16846848 1 2097156 41472 8192 1073807488 167772164 1073741824 0 536870912 128 16 201326592 0 16793600 0 134479872 32768 268435456 0 0 4096 8192 4096 4096 16 8388608 16777248 134222344 0 131328 74000 268435712 17565696 524320 4608 67108864 0 0 9437184 0 524288 0 0 1048576 16777216 134218816 1280 4608 0 8200 268439552 524352 278528 537001986 0 134226944 0 4608 4232 0 262144 12288 32768 32784 134217728 20 0 8388608 16554 0 64 262154 2 3 71304192 32768 1073741824 0 328704 262144 0 1064960 32768 16777216 0 75497472 32768 134221824 1048576 18 1082130432 33685632 512 0 1073872896 2147483904 0 2097152 134223904 0 2148007940 0 0 33558528 0 544 0 4 272 262144 1024
is_linear=0
shrinkage=0.02


Tree=101
num_leaves=15
num_cat=14
split_feature=42 42 43 42 42 43 42 43 43 42 43 42 43 43
split_gain=0.463959 0.251865 0.211993 0.160304 0.134375 0.143267 0.138105 0.126216 0.101601 0.0881789 0.134011 0.113328 0.0885161 0.0808205
threshold=0 1 2 3 4 5 6 7 8 9 10 11 12 13
decision_type=9 9 9 9 9 9 9 9 9 9 9 9 9 9
left_child=13 7 3 -3 8 6 -6 -2 -4 12 11 -11 -7 -1
right_child=1 2 4 -5 5 9 -8 -9 -10 10 -12 -13 -14 -15
leaf_value=-0.00063700495892578441 0.00083609040076863502 0.00082704588508684929 0.00079924480268249432 -0.0018231630292319708 0.00092007137304945966 0.00085986637934997942 -0.0014082886284725079 -0.0022476659134782256 -0.0014634601810608642 0.00089810267143349844 0.0010709446485242045 -0.001200214787673402 -0.0010972237258332759 0.001981505127808713
leaf_weight=4.0311809220275672 3.5943656529785919 6.397808576517015 3.6161351720512434 28.946540385687328 5.2239848930825001 2.7660387854617121 19.091235670755772 26.483644937452627 18.549419194056405 4.6418990456625355 116.88769071431838 14.814074522908927 13.410014674787623 38.248847937312938
leaf_count=10872 8755 16293 8079 106624 12435 5873 77847 96133 64655 8541 577470 56797 37336 133875
internal_value=0 -0.000345483 -7.55623e-05 -0.00123996 0.000203662 0.000405573 -0.000747873 -0.00172356 -0.000920729 0.00063996 0.000813391 -0.000526552 -0.00050987 0.00163041
internal_weight=0 264.423 234.345 35.3443 199 176.835 24.3152 30.078 22.1656 152.52 136.344 19.456 16.1761 42.28
internal_count=1221585 1076838 971950 122917 849033 776299 90282 104888 72734 686017 642808 65338 43209 144747
cat_boundaries=0 23 45 69 92 114 138 161 184 208 230 253 276 299 323
cat_threshold=2097280 2 1312 2147483648 16777232 0 0 4096 268435456 65536 16842882 6561808 67108864 167772160 1 131072 33554432 0 83886080 0 10485760 0 131072 0 32 8 32784 0 8405024 128 34635784 2097152 2625536 67141632 268435456 1048576 16 262144 4 16777216 92274688 2112 0 128 67108896 0 1 2228234 336896 67633152 144 8192 0 268435472 0 33816576 134217728 32768 2415919104 8192 134283264 0 2048 0 2101248 0 0 262304 262144 0 4 402655744 67108870 128 33554432 2 134283266 524288 0 528384 16809988 0 0 536871952 0 266240 0 0 32768 65536 524288 49153 0 1073741828 139264 65536 130 66568 0 2 16 32 524296 2147483652 1073741824 524288 1024 8 262152 16384 0 6291524 2 557568 524288 134217728 4096 0 2164424848 0 2164260864 2097152 536871296 18 4096 3489660928 16 34078720 0 536875008 2147487752 0 32768 0 0 0 0 134218752 0 33554440 67371008 528388 1056768 0 8388672 16384 131072 16384 4194308 17301504 0 3288338432 0 0 524288 269516801 0 0 1081344 268435520 32 33554432 17408 64 3221292032 83886080 67117056 65793 135168 134217728 268435456 0 2048 4096 64 4096 4096 8192 0 557088 0 1073741824 128 2048 4194304 33685504 0 4096 33751568 0 2147483648 2 33554496 16 2101312 4096 16 4 16 2147483648 1073745920 134348800 33280 0 0 16 525312 134217728 0 256 0 524288 1073743872 33554432 131584 67108868 524290 32776 12587008 524544 524288 2149584896 0 1310722 64 268435456 2147483680 32768 1048576 2 536871456 16384 134217728 2097152 570425344 134217728 134217728 1073745920 1024 268444160 66560 559104 0 73728 0 268435456 0 1073741824 544 0 1073741824 1073741840 1074266112 33555520 33792 2112 4198401 16640 131072 0 134217984 4096 64 2147483648 1 0 128 536870912 0 0 33554432 0 8 537133056 537919552 65602 541065728 0 20 0 0 16384 335675648 0 2147753984 262144 1049608 2176 4198400 0 0 16779264 0 0 512 268435456 1073741824 1073741840 5144 4096 16777216 16 1107296320 16777248 520 0 131328 65536 268435456 17563648 0 1049088 134217728 0 2147483648 9437184 0 655360 0 0 5242880 17301568 134217728
is_linear=0
shrinkage=0.02


Tree=102
num_leaves=15
num_cat=5
split_feature=52 20 1 44 45 20 24 45 35 2 51 39 25 36
split_gain=0.257704 0.214223 0.149691 0.0990203 0.0838601 0.0750405 0.0749625 0.0670439 0.0517857 0.054534 0.0487836 0.0468926 0.0393461 0.0361657
threshold=0 0.50589050000000013 4.5000000000000009 1 2 0.44035200000000002 0.42336350000000006 3 0.43873050000000008 1.5000000000000002 4 -0.23732549999999999 0.61577350000000008 0.15455800000000003
decision_type=1 10 2 9 9 10 10 9 8 2 1 8 10 10
left_child=2 8 7 4 -4 -5 -3 -1 -2 -10 -8 -7 13 -6
right_child=1 6 3 5 12 11 10 -9 9 -11 -12 -13 -14 -15
leaf_value=0.00049846205224190424 0.00027541909885302933 -0.00099991932346261102 0.00080235422537332679 -0.00079894953489131524 0.00059040206496569468 -0.00059299995223245367 -0.0005104745129009973 -0.0010692732960546278 -0.00017146926047911036 -0.0019951601338271054 0.00047370272462140314 0.0015697975975909881 0.00065660551103846468 -0.001120905058654698
leaf_weight=9.1635277469502494 4.344094238881441 19.338134185305762 17.231160461835664 3.155926047027676 2.6412275667109979 1.7667322922917303 14.725055712787519 17.013486397166051 8.8011348810950008 41.375008619061084 62.91917730006945 73.414054512984791 4.1733861632883871 26.621387191511896
leaf_count=31514 11339 103379 73822 11675 11744 6095 67210 56290 25646 123078 285024 297173 25104 92492
internal_value=0 -0.000570069 0.000536663 0.000847112 1.4481e-05 0.00120601 -2.549e-05 -0.000711632 -0.00155104 -0.0017198 0.000263015 0.00148516 -0.000514284 -0.000902826
internal_weight=0 151.503 155.181 129.004 50.6672 78.3367 96.9824 26.177 54.5202 50.1761 77.6442 75.1808 33.436 29.2626
internal_count=1221585 615676 605909 518105 203162 314943 455613 87804 160063 148724 352234 303268 129340 104236
cat_boundaries=0 1 2 3 4 5
cat_threshold=6 804 386 89 3904
is_linear=0
shrinkage=0.02


Tree=103
num_leaves=15
num_cat=9
split_feature=42 42 4 42 42 19 25 42 19 31 51 42 42 42
split_gain=0.447338 0.288021 0.099478 0.132537 0.103787 0.0590054 0.058288 0.0564105 0.0493665 0.0485547 0.0471057 0.130253 0.121647 0.0487809
threshold=0 1 2.5000000000000004 2 3 6090.5000000000009 0.46190100000000006 4 125.50000000000001 3415.5000000000005 5 6 7 8
decision_type=9 9 2 9 9 2 10 9 2 2 1 9 9 9
left_child=6 5 4 -4 9 -2 -1 -6 -9 -3 12 -12 -10 -13
right_child=1 2 3 -5 7 -7 -8 8 10 -11 11 13 -14 -15
leaf_value=1.3887825143165547e-05 -0.0031484034180230031 -0.0001052790822845907 0.000945064699549511 -0.0015606237731067851 -0.00048141736049761216 -0.00050809238203222283 0.0021946250725412646 -0.00092895358308181216 -0.00058481263899135276 -0.0016359278949025285 -0.0010595213328138547 -0.00042142019200879974 0.0010030455844909059 0.00086924873066806119
leaf_weight=5.6287755362758238 17.127083421614842 14.663466931250662 3.4773319161864942 16.708416595412281 24.346381233476514 6.6025074730299371 36.675397238680176 6.0304833482950633 16.650586639530019 16.549856006599647 16.368911016031046 9.2229269808737708 84.21736310562568 32.401370910824362
leaf_count=22970 72240 47342 9424 75779 73771 13065 104419 56504 53798 34892 43438 31998 395945 186000
internal_value=0 -0.000341223 -7.73215e-05 -0.00127146 5.43638e-05 -0.00195097 0.00159865 0.000242759 0.00038091 -0.000807649 0.000480708 -3.06944e-05 0.000699157 0.00054739
internal_weight=0 264.367 240.637 20.1857 220.451 23.7296 42.3042 189.238 164.892 31.2133 158.861 57.9932 100.868 41.6243
internal_count=1221585 1094196 1008891 85203 923688 85305 127389 841454 767683 82234 711179 261436 449743 217998
cat_boundaries=0 23 45 66 88 110 111 133 156 178
cat_threshold=2097280 0 1280 0 16777232 0 0 0 268435456 65536 16842882 6561808 67108864 167772160 1 131072 33554432 33554432 83886080 0 10485760 0 163906 0 0 139272 32784 0 8388640 0 34635784 2097152 2625536 67141632 268435456 1048576 16 262144 4 16777216 92274688 2112 4194304 128 67108896 33554432 32768 2147745856 335548416 279552 33555456 1048584 262464 4096 0 4194304 524288 0 524288 135296 8388608 1073741824 16384 1048576 0 269516800 0 8192 0 65536 4260864 66568 640 256 67108864 0 4718592 1 1073741824 2148007936 128 8650752 64 268451840 1048576 2097228 268435456 524290 64 260 0 0 8390658 33570816 9437184 67108870 16 131112 8388616 2147483904 0 0 2147483648 10 67108872 0 2147483680 16777216 1048576 33280 51 0 1207959554 134218240 268435456 336871424 0 2 65536 536870914 0 2147483648 4 524288 2097152 17432832 1048576 0 524288 32768 134217984 536903680 268697600 3072 16 2049 67108928 131200 1179648 458816 286720 4160 2147483776 4096 132096 0 0 0 2097152 4 0 268435456 268566528 2 0 256 33554432 33888 553910272 2156396544 1073742112 0 8 2097152 524292 1 33554432 0 4112 0 536870912 0 268292 64 33554432 524288 2147483648 64
is_linear=0
shrinkage=0.02


Tree=104
num_leaves=15
num_cat=3
split_feature=52 20 23 44 45 35 40 29 28 21 39 35 39 29
split_gain=0.248536 0.201431 0.111793 0.109399 0.0841073 0.0592098 0.0736346 0.0583432 0.0572415 0.0516337 0.0505289 0.0501135 0.0454865 0.0401969
threshold=0 0.50589050000000013 0.33764350000000004 1 2 0.50864650000000011 -0.064557749999999983 0.18114550000000001 0.19069250000000001 0.23096850000000005 -0.045447499999999995 0.43873050000000008 -0.037355999999999993 0.14901350000000005
decision_type=1 10 10 9 9 8 8 8 10 8 8 8 10 10
left_child=3 11 -3 4 13 6 -4 -7 -5 -6 -10 -2 -8 -1
right_child=1 2 5 8 9 7 12 -9 10 -11 -12 -13 -14 -15
leaf_value=-0.00012995508482941515 0.00027698835718817675 0.0013728871107895125 -0.0011356720167577429 0.0013913152611290827 0.00016380442285614103 -0.0010985455903876808 -0.00022834846619988335 0.00034915655998049187 -0.00069688573396964706 -0.0013285777387918149 0.0009550529085846761 -0.0016807541419815171 0.0012824032298915499 0.0010550745680866639
leaf_weight=17.521873644211837 4.3440600189620486 13.676334997818186 6.3159060314928457 60.414612972851202 12.790148064331708 37.41774048258209 10.538002287354166 12.384241075740027 10.286105415198893 21.278471209517981 9.461998566567015 50.166429186783127 16.643113773046423 23.412302857955439
leaf_count=91040 11339 73748 21084 238217 82688 194004 41392 51158 37318 49541 36717 148724 74227 70388
internal_value=0 -0.000562598 -3.46313e-05 0.000524331 -5.4983e-05 -0.000330378 0.000294983 -0.000739535 0.000989586 -0.000652125 0.000127658 -0.00151457 0.000752215 0.000483609
internal_weight=0 151.486 96.9753 155.166 75.0028 83.299 33.497 49.802 80.1627 34.0686 19.7481 54.5105 27.1811 40.9342
internal_count=1221585 615676 455613 605909 293657 381865 136703 245162 312252 132229 74035 160063 115619 161428
cat_boundaries=0 1 2 3
cat_threshold=6 820 962
is_linear=0
shrinkage=0.02


Tree=105
num_leaves=15
num_cat=8
split_feature=42 42 45 42 42 42 42 19 19 25 26 15 39 42
split_gain=0.435501 0.270025 0.0924327 0.286237 0.191957 0.0782405 0.0752563 0.068041 0.0573877 0.0484344 0.0518623 0.0362556 0.0339653 0.0882011
threshold=0 1 2 3 4 5 6 134.50000000000003 6090.5000000000009 0.48015750000000007 0.47626550000000006 1.0000000180025095e-35 -0.078727000000000005 7
decision_type=9 9 9 9 9 9 9 2 2 8 8 2 10 9
left_child=9 8 3 -3 -4 11 -5 -8 -2 -1 -11 -6 13 -9
right_child=1 2 4 6 5 -7 7 12 -10 10 -12 -13 -14 -15
leaf_value=0.00030092114903393108 -0.0031100809110586464 -0.0013246210711495277 0.00071521200891965452 -0.00054794613301226104 -0.00029265187358488249 -0.00094223774099324697 -0.0004588313522618804 -0.00089697047895624248 -0.00050020312513942124 -0.00038135237364533755 0.0023950814557209396 0.0012914165885998955 0.0018354312267760675 0.00098771374873250534
leaf_weight=7.9804370316795508 16.544130950402739 15.819026715589782 37.522040504838245 6.8938525757791309 7.8630677669935078 103.90967452512997 5.1564430588551451 3.2058554842154909 6.6019306621524185 1.5411806297853901 31.866970669045774 7.6686183697634966 43.757972928795439 10.308557855384247
leaf_count=28737 69163 41994 91053 25241 35950 507012 31955 6663 13065 5530 85433 33147 202020 44622
internal_value=0 -0.000335445 -8.24628e-05 0.000406216 -0.000359848 -0.000739691 0.000966557 0.00120755 -0.00190865 0.00159094 0.00223403 0.000412557 0.00157629 0.000468149
internal_weight=0 265.251 242.105 85.1417 156.963 119.441 69.3227 62.4288 23.1461 41.3886 33.4082 15.5317 57.2724 13.5144
internal_count=1221585 1101885 1019657 352495 667162 576109 310501 285260 82228 119700 90963 69097 253305 51285
cat_boundaries=0 23 45 46 69 92 114 137 160
cat_threshold=2097280 0 3328 0 16777232 0 0 0 268435456 65536 16842882 6561808 0 167772160 1 131072 33554432 33554432 83886080 134348800 10485760 0 131136 0 0 131080 32784 0 8388640 0 34635784 2097152 2625536 67141632 268435456 1048576 16 262144 4 16777216 92274688 2112 4194304 128 67108896 2083 2112 32864 0 65540 128 16384 0 134242304 0 0 34078720 2147483652 0 1074266112 0 10 67371008 524288 0 32780 536870914 1049090 65536 33556480 32832 64 2147483652 278656 128 0 134242304 0 0 524288 16777220 0 1073746048 536871168 0 0 0 0 557056 536903680 1048640 114720 1088 33554432 2231369760 4194304 8232 1073758208 2 2097216 2 1073741827 0 655360 528 0 16 0 262144 32768 2097152 0 65536 545260032 0 8192 16777216 2151677952 1073823776 0 458752 67108870 18 1073774624 8392704 131072 524304 0 536871040 2097152 0 268435456 32 0 0 8388608 32769 0 167772416 67117120 75497472 1311744 1152 1048576 2304 67108864 16448 9216 524288 4608 0 4096 1048576 2048 0 0 2097216 268435456 268435456 16384
is_linear=0
shrinkage=0.02


Tree=106
num_leaves=15
num_cat=14
split_feature=42 42 43 42 42 43 43 42 43 43 42 43 43 42
split_gain=0.432831 0.264567 0.214525 0.191539 0.126226 0.136645 0.130421 0.132818 0.101558 0.09533 0.0945604 0.123465 0.0935454 0.0826882
threshold=0 1 2 3 4 5 6 7 8 9 10 11 12 13
decision_type=9 9 9 9 9 9 9 9 9 9 9 9 9 9
left_child=9 8 3 -3 5 -4 7 -6 -2 -1 12 13 -8 -12
right_child=1 2 4 -5 6 -7 10 -9 -10 -11 11 -13 -14 -15
leaf_value=-0.0007070360815519841 0.00081895783679441353 0.0010030868763971689 0.00095843984013334956 -0.0017893967565431068 0.00088896491691010471 -0.0015644341683348493 0.00083610800640435839 -0.0012800066342387457 -0.0024038319318827744 0.0020095609678590972 0.00075192918416362026 0.0010334058287668213 -0.0011390078642284751 -0.0011267204152750636
leaf_weight=3.8500667234548831 2.8419288210527247 5.5705866586048307 3.5629122408289655 32.554925712497187 6.2885504956046123 17.281313931899987 3.7351835891005489 21.848340430886996 21.497309059643744 35.437393206273995 4.1217888046980704 120.9178748511343 13.745033244611852 13.367534649515752
leaf_count=10783 7082 15300 7967 122869 13265 58714 9461 78763 79409 115882 7936 593247 57056 43851
internal_value=0 -0.000328463 -7.60264e-05 -0.00121336 0.000203968 -0.000912575 0.000389685 -0.000654691 -0.00185874 0.00162154 0.00061911 0.000800968 -0.000525741 -0.000541225
internal_weight=0 267.333 242.994 38.1255 204.869 20.8442 184.024 28.1369 24.3392 39.2875 155.887 138.407 17.4802 17.4893
internal_count=1221585 1094920 1008429 138169 870260 66681 803579 92028 86491 126665 711551 645034 66517 51787
cat_boundaries=0 23 45 69 92 114 137 160 183 206 229 252 276 299 322
cat_threshold=2097280 32768 1312 0 16777232 0 0 4096 268435456 65600 16842882 6561808 0 167772160 1 131072 33554432 0 83886080 0 10485760 0 131074 0 0 139272 32784 0 8388640 0 34635784 2097152 2625536 67141632 268435456 1048576 16 262144 4 16777216 92274688 1050688 0 128 67108896 0 9 2232322 598016 67108992 128 134225920 0 268435712 8192 33816576 134217728 32768 2415919104 8192 134283264 0 0 0 2101248 0 0 160 134479872 0 0 2415919104 2956988418 2178 33685504 0 134299648 0 2147483648 4096 557060 16 0 536871936 1048576 266240 0 268435456 32768 0 64 33024 0 134217744 0 65536 2178 65544 131072 2 16 0 8 2147483653 1073741840 2147483648 1024 262152 262152 16384 2147483648 6291460 2 557568 4194304 538054656 512 2097156 0 0 768 2 33554496 16 2112 4096 0 772 0 2164260864 4096 134348800 256 0 1073742848 0 788992 524320 134414336 524288 2359296 2164260880 2147483664 512 0 536870912 18 0 268961792 16 34144256 0 536875008 4096 0 512 0 1024 128 786432 1024 33554496 6209 528384 263168 128 8388608 136314944 131072 0 524292 16777216 0 1074270208 536870912 0 524288 536870912 0 524296 1081344 0 32 524288 16392 512 1075905536 67108880 0 65536 4096 134217729 268435456 134217728 67584 4096 4194304 0 4096 1073750016 67108864 32800 0 1073741824 1050240 2048 2147487744 16777216 0 1107558400 12288 520 0 131328 65552 268435456 19660800 0 1049088 256 0 150994944 0 1207959552 524288 0 0 5242880 16777280 0 1073741892 0 809500736 1073741824 33554432 128 201326592 524290 32808 8916992 256 0 2621440 536870912 1048578 4 0 32 32776 0 2 1 536870912 4096 8 8389632 537001984 4 2164260864 1073741826 0 268435968 68608 1075871744 0 8192 16 268435456 2147483656 2048 32768 0 0 1073741840 1074790400 1024 671088640 36864 8 4096 608 16896 3489726464 131074 8192 0 2098184 2097152 0 64 16 0 33554432 0 32768 0 0 1077936144 1040 0 1034 2298742848 0 1032 0 8 0 0 16514 0 0 512 67108864 196608 0 4096 838860801 32768 16777472 262144 268435456 73792
is_linear=0
shrinkage=0.02


Tree=107
num_leaves=15
num_cat=14
split_feature=42 42 43 42 52 42 42 43 43 42 43 43 43 43
split_gain=0.415407 0.256467 0.203849 0.150788 0.115651 0.298605 0.275427 0.167184 0.164514 0.111793 0.101284 0.0918235 0.0894288 0.0882675
threshold=0 1 2 3 4 5 6 7 8 9 10 11 12 13
decision_type=9 9 9 9 1 9 9 9 9 9 9 9 9 9
left_child=12 10 3 -3 5 13 -6 -7 -8 -10 -2 -11 -1 -4
right_child=1 2 4 -5 6 7 8 -9 9 11 -12 -13 -14 -15
leaf_value=-0.00063309721127241872 0.00079215460714168121 -0.0008656031851347355 -0.00069360779139208918 0.0015315417834953038 0.0015771409603472415 0.00073082875078544097 0.0010381349232852089 -0.001628573975903406 0.00069616049110040018 0.00057730930854731674 -0.002385061875032405 -0.0014719787329741513 0.0019556756370257113 0.0016464908762134081
leaf_weight=4.6168414562169788 3.1156803650658409 6.3447428824060763 3.898714713653026 33.505403455067238 22.228924447320814 9.5268013305111641 11.202947126479412 73.175123553821194 8.5501832425273072 6.8836355204103912 21.279053476540003 52.558994932622824 35.750671215374432 13.964705343795334
leaf_count=11071 8520 15040 8439 112268 65968 39544 36660 360595 38191 21969 78533 268148 112604 44035
internal_value=0 -0.000326979 -7.70153e-05 0.00101754 -0.000348369 -0.000788238 0.000133137 -0.00128631 -0.000458777 -0.000848472 -0.00183216 -0.00116616 0.00156829 0.00105229
internal_weight=0 266.235 241.84 39.8501 201.99 100.565 101.425 82.7019 79.1958 67.9928 24.3947 59.4426 40.3675 17.8634
internal_count=1221585 1097910 1010857 127308 883549 452613 430936 400139 364968 328308 87053 290117 123675 52474
cat_boundaries=0 23 45 69 92 93 116 139 162 185 206 230 254 277 301
cat_threshold=2097280 0 1312 0 16777232 128 0 4096 268435456 65536 16842882 6561792 0 167772160 1 131072 33554432 33554432 83886080 134348800 10485760 0 131072 0 0 131080 32784 4194304 8388640 0 34635784 2097152 2625536 67141632 268435456 1048576 16 262144 4 16777216 92274688 2112 4194304 128 67108896 2147483648 1645215744 512 33558528 65536 16384 296 256 33562688 0 2097428 0 4096 138412544 65536 2147483648 0 134217728 0 0 0 4194304 2064 33554432 33554496 33056 512 0 1073872896 17408 1048704 67108864 536870912 3221225472 524296 2147614721 16 528384 0 0 262176 524288 2147483648 32768 2 512 1 9 33556480 134217728 264193 67112966 278784 0 9437184 134217728 536870912 128 2147614720 688128 16 0 0 0 1073741856 268435456 270532608 0 0 536870912 65 0 32832 67109376 2147483648 131080 33570816 128 18432 0 64 524288 16777217 0 524288 16782720 0 4096 1 34603008 0 1310720 1049152 2 574619648 131076 134217729 2147483648 2147483648 0 1090519040 33685504 0 536870912 671092736 2147483648 0 131072 16400 0 34603264 67241984 32768 268435456 8388608 256 8 4608 4128 2097153 128 285212672 0 131072 138412038 2147483648 0 1048584 4224 4202496 64 0 5120 1073741824 0 0 0 1073741824 67108880 2147488320 0 270592 268443648 4718593 268443648 1074790401 64 2097152 131072 1073758208 4 16 0 69206016 536870928 0 262144 557312 32768 268468224 32768 34078720 17416 512 1084294144 67108880 0 0 4096 134217728 268435456 134217744 2048 4096 4194304 4096 4096 0 1073741824 557056 0 1073741824 1049216 2048 33554432 134217760 134266888 64 0 8192 8192 2214658049 0 1074561024 268435712 4096 0 32 2147483648 0 16793600 4224 2048 524544 0 0 1048576 16777216 8192 4096 553652224 0 570425408 4128 8 0 256 8452 268435456 2883584 2097152 1048576 134217984 0 2298478592 0 134219776 524288 0 0 5242880 524352 544 1 131082 66560 655360 0 2298478592 4096 134217728 0 266240 268435456 32770 268435776 0 0 256 2048 32896 268435456 0 1073741824 8 262144
is_linear=0
shrinkage=0.02


Tree=108
num_leaves=15
num_cat=9
split_feature=52 43 43 1 43 43 21 43 43 21 27 43 43 30
split_gain=0.235367 0.235061 0.193948 0.128545 0.155736 0.13157 0.114065 0.144989 0.0839923 0.0641619 0.0612158 0.062439 0.0573193 0.0445687
threshold=0 1 2 4.5000000000000009 3 4 0.25256050000000002 5 6 0.16306850000000003 0.59381800000000007 7 8 0.21965150000000003
decision_type=1 9 9 2 9 9 8 9 9 8 8 9 9 10
left_child=2 -2 9 4 -4 -5 7 -3 -8 -1 12 -12 -9 -10
right_child=1 6 3 5 -6 -7 8 10 13 -11 11 -13 -14 -15
leaf_value=0.00090329719961433315 0.00090385720651481912 0.00085405667393009723 0.0011219549178586399 -0.00063432529367120642 -0.0011481114189241307 0.001270660928067481 0.00062818389565726964 0.00045634192557366575 -0.0023765658398534608 -0.0016638771519137574 -0.00080233326420516774 0.0007732121332341299 -0.0012872821148073557 1.0409295224868443e-05
leaf_weight=1.406889425629763 24.979670793051362 15.312003520012516 6.0534534331020433 11.429182337937505 16.462500791220599 101.86884609798771 4.4610684230507669 6.3026804262704452 36.002657151490908 17.912586663845069 2.9493843211974275 9.333622241338551 48.767227321385604 3.340321329305417
leaf_count=10283 93273 48890 14014 43657 64749 420492 9655 19023 96372 52714 12483 85089 244038 6853
internal_value=0 -0.000547081 0.000510765 0.000790607 -0.000454334 0.00111359 -0.000899115 -0.000479819 -0.0017444 -0.000942217 -0.000825125 0.000255376 -0.00120468 -0.00179156
internal_weight=0 151.449 155.133 135.814 22.516 113.298 126.469 82.6649 43.804 19.3195 67.3529 12.283 55.0699 39.343
internal_count=1221585 615676 605909 542912 78763 464149 522403 409523 112880 62997 360633 97572 263061 103225
cat_boundaries=0 1 24 47 70 93 116 139 162 185
cat_threshold=6 4194304 537019396 4615 2149581312 512 8192 1073742080 33685504 167772161 536870912 134218000 2147483648 0 134218240 16 0 0 0 0 0 0 0 2048 536870912 537001984 134221834 268705792 576 134217856 16777216 35782656 4 536879104 167772160 2415919104 0 33554432 0 134217728 0 0 32768 2101248 0 0 40 4194816 134217728 16 1611141248 16 2097152 1073873408 268435712 8192 262144 8 0 4194304 4210756 0 65536 4096 0 0 0 0 464 262208 4718592 134217728 4 8912896 2684354576 528 8192 16640 0 514 1024 0 0 134291456 24624 65536 2147483648 67108864 131072 0 4100 256 262144 2181038080 8 134217744 268959744 8288 16384 2415919104 256 262208 0 537919552 4096 8208 0 65568 2048 33554432 134217728 33024 0 1024 128 16 536870912 33554432 0 4224 536870928 134218240 67108865 134221824 32768 268443648 2048 0 16416 4194304 16384 17408 1074790400 2048 0 262144 4 272 64 512 16814081 2097216 1024 301989904 134217856 16777216 0 268468240 33554448 2621440 134742016 2 65536 8192 4096 0 0 0 0 0 1073741824 736 524544 32768 0 1082131456 2181042176 67108864 16777216 6291460 0 33816576 16785408 0 16777216 39976960 4096 2147483648 0 67108864 32 64 8388608 67108864 640
is_linear=0
shrinkage=0.02


Tree=109
num_leaves=15
num_cat=14
split_feature=42 42 43 42 43 42 42 43 43 43 43 42 42 43
split_gain=0.392873 0.243801 0.199481 0.143656 0.115233 0.174989 0.127949 0.125681 0.114938 0.107335 0.0915909 0.104196 0.0985075 0.080567
threshold=0 1 2 3 4 5 6 7 8 9 10 11 12 13
decision_type=9 9 9 9 9 9 9 9 9 9 9 9 9 9
left_child=8 9 3 -3 5 -4 7 -6 -1 -2 12 13 -8 -12
right_child=1 2 4 -5 6 -7 10 -9 -10 -11 11 -13 -14 -15
leaf_value=-0.0007447077817280736 0.00081763984995410904 -0.00082556272815434764 0.00086268284808282503 0.0015142962452075496 0.00086702162219392935 -0.0017774323300003005 0.00081184796404435615 -0.0015920658449579106 0.001947060718645015 -0.002352075996637548 0.00075084447392735252 0.00066753835971022706 -0.0012209671931449771 -0.0014151221509378412
leaf_weight=4.4679168616182316 3.0478094465114118 6.6244432466356695 7.0116898979566153 33.430778121785877 4.048345217448186 30.04043390874611 4.1566915326592069 22.963308318621404 35.928816514320275 20.963814941189423 2.6413429757663787 102.578302773427 19.302349811029764 9.3657142738043344
leaf_count=10699 6752 16257 19669 114353 9153 124106 9663 67561 117313 69462 6668 548090 67071 34768
internal_value=0 -0.000314448 -7.22576e-05 0.00100783 -0.000341158 -0.00117319 -7.22054e-05 -0.00104554 0.00152831 -0.00179006 0.000202057 0.000441821 -0.000684617 -0.00078626
internal_weight=0 266.175 242.163 40.0552 202.108 37.0521 165.056 27.0117 40.3967 24.0116 138.044 114.585 23.459 12.0071
internal_count=1221585 1093573 1017359 130610 886749 143775 742974 76714 128012 76214 666260 589526 76734 41436
cat_boundaries=0 23 45 69 92 116 139 162 185 209 233 257 280 303 327
cat_threshold=2097280 32770 3328 2147483648 16777232 0 0 0 268435456 65536 16842882 6553616 0 167772160 1 0 33554432 0 83886080 0 10485760 64 163840 0 0 131072 32784 0 8388640 0 34635784 2097152 2621440 67141632 268435456 1048576 16 262144 4 16777216 360710144 1050688 4194304 128 67108896 4194304 1611694080 516 33554432 65536 24576 1073742088 258 8256 0 2097428 0 8192 4194816 0 2147483648 0 134217728 0 0 0 67108864 2064 33562624 33554432 320 134222400 2 1073741824 17408 0 134221824 2 1073741825 536584 2147483649 0 524288 0 0 266240 34078720 0 32768 2 1049088 65536 0 1 2101258 74752 67109008 128 8192 0 268435712 8192 33816576 2281701376 32768 2416443392 8192 134283264 0 2048 0 2101248 0 0 128 262144 0 0 402653216 876609536 262274 0 0 134287360 0 4097 4718592 17334276 16 524288 1040 131072 266240 16384 0 32768 2 0 1 0 36 8200 65536 2178 65544 0 258 67108864 4128 4194304 525312 16 0 2164260864 1048576 67108864 16384 0 18874688 0 524290 257 0 16777248 16 4100 1073741824 0 16908416 134352896 1107296256 302252032 1052672 2101248 1049088 0 65536 0 0 0 800 0 1073741824 16 5120 0 553648128 80 1115684864 16777216 520 0 131328 65552 0 19660808 0 512 0 0 2701131776 8388864 1207959552 524288 0 0 68157440 8 134217728 34078720 147456 134218240 65664 16 0 0 4096 134217729 0 0 67584 4096 4194304 4096 4096 1073750016 67108864 33056 0 1073741824 1050240 2048 67108864 4128 16777216 131072 262144 655360 0 150994944 2101248 16 2 1052672 1342179328 16 65536 0 4096 2147487752 0 800 0 0 16 266272 1024 262144 1073741824 0 537395200 4194304 131072 128 0 524304 2147483648 131072 260 1074266112 524288 1024 10 262212 64 2147516448 32772 65536 32768 16388 0 1280 513 528388 131328 128 9437186 4096 524288 128 131072 131076 0 1048704 536870912 0 524352 1 32768 1024 0 1310720 16452 587202560 33685504 0 2147483648 16785920 136315392 2214592512 0 0 262144 524288 0 4194336 167772480 4096 2048 33554432 0 163840 268435456 0 4194368 524288 134217728
is_linear=0
shrinkage=0.02


Tree=110
num_leaves=15
num_cat=10
split_feature=42 42 52 42 42 42 42 42 2 1 42 42 19 40
split_gain=0.380077 0.241213 0.151818 0.280733 0.257131 0.124616 0.101627 0.0909144 0.0622055 0.0535794 0.112055 0.0522294 0.0491081 0.0431454
threshold=0 1 2 3 4 5 6 7 1.5000000000000002 4.5000000000000009 8 9 6090.5000000000009 0.049982700000000005
decision_type=9 9 1 9 9 9 9 9 2 2 9 9 2 8
left_child=13 12 3 -3 -4 -5 -6 -7 -9 10 -8 -11 -2 -1
right_child=1 2 4 5 6 7 9 8 -10 11 -12 -13 -14 -15
leaf_value=0.002067136092053906 -0.0029342579845628176 0.0010296704609985389 -0.0011885618348146116 0.00056758943578246606 -0.00050019526888685564 0.00027645598617593323 -0.0010795343971130851 -0.00035929127670003547 -0.0020812171769780154 -0.00036923931023792004 0.00092151691616505359 0.0014408850299807625 -0.00035518873743047431 0.0001643905045622917
leaf_weight=34.492834212718734 16.773408527087039 23.314200777267263 19.664415346327011 12.378327836040766 14.7055583158815 14.111289750204877 5.1769458428513797 12.406433826931325 58.090475190273274 7.2897634420631849 10.21374780652418 66.307146986361261 5.1708183931745628 6.4585411498889149
leaf_count=104709 63202 58487 58478 41833 38373 33437 10078 64000 316789 21574 50480 325700 11092 23353
internal_value=0 -0.000312556 -7.8105e-05 -0.000550775 0.00039259 -0.00101772 0.000804752 -0.0013002 -0.00160893 0.00106145 7.12672e-05 0.00138586 -0.00182712 0.00149274
internal_weight=0 265.603 243.658 120.301 123.358 96.9865 103.693 84.6082 70.4969 88.9876 15.3907 73.5969 21.9442 40.9514
internal_count=1221585 1093523 1019229 514546 504683 456059 446205 414226 380789 407832 60558 347274 74294 128062
cat_boundaries=0 23 45 46 69 92 113 136 159 182 204
cat_threshold=2097280 0 263424 0 16777232 128 0 0 268435456 65536 16842882 6561808 0 167772160 16777217 0 33554432 33554432 83886080 0 10485760 0 131074 0 0 131072 32784 0 8388640 0 34635784 2097152 2625536 67141632 268435456 1048576 16 262144 4 16777216 92274688 2112 0 128 67109408 9 33554432 134217730 134219849 268439554 278784 0 1048576 262144 0 128 0 557056 0 0 16 0 8192 268435456 270532608 134348800 0 0 114785 2048 134217734 134219785 0 4211712 65536 9568256 2 0 131200 8 131072 1073741824 0 0 2 0 268451840 268435456 328 2415919104 0 65 265216 0 2684354592 67108864 4194304 268701696 8912898 134225920 536870914 2 2281841664 132096 0 0 0 0 1073741828 2048 0 524288 2147549184 134217728 0 16777216 8454146 65536 8 0 270592 536870914 34 2147622912 34048 0 0 0 9699336 270340 0 0 134217728 2 0 81952 134217728 4 16781312 41943044 32 0 0 0 1052672 16384 262148 0 0 17830280 536936448 1048576 0 32768 536870928 0 805306368 805306368 270592 33554496 96 4608 335544320 277088288 0 8 65536 0 16384 4194304 524292 0 1074266112 1296 0 67108864 536870912 0 4 1310720 8388672 256 0 1107296256 536870976 33554497 2 1311744 524288 0 67112960 1 262144 0 524288 17825792 65536 2097152 1048584 10242 32 16777216 0 537427970
is_linear=0
shrinkage=0.02


Tree=111
num_leaves=15
num_cat=2
split_feature=52 21 4 23 45 25 21 34 27 37 37 29 25 23
split_gain=0.217725 0.159966 0.112138 0.0807664 0.0669905 0.0769684 0.0680865 0.0667394 0.0620772 0.0584068 0.0501405 0.0452579 0.0463446 0.0396045
threshold=0 0.25256050000000002 2.5000000000000004 0.36166550000000003 1 0.46634300000000006 0.21696050000000003 3060.5000000000005 0.47505650000000005 0.14173250000000001 0.28525150000000005 0.1773315 0.5545000000000001 0.33764350000000004
decision_type=1 8 2 10 9 8 10 2 8 8 10 8 8 8
left_child=1 2 3 9 5 6 -2 -6 -7 -1 -3 12 -5 -11
right_child=4 10 -4 11 7 8 -8 -9 -10 13 -12 -13 -14 -15
leaf_value=0.0015602277436303942 0.00061312390710060972 -0.0016036134412591621 -0.0018260798401286526 -0.0012685421221471788 0.00034275135197410397 -0.00075518740568072886 -0.0012928720948993588 0.0015357391373774544 0.0007965505163104288 0.0011141527153719888 0.00023983552307032095 0.00046565828477435143 0.00011392276114933426 -0.00030852236572058233
leaf_weight=15.483099083690709 7.3106880059331401 46.315545859853913 7.8658985739879048 19.895072742072049 40.275082398880109 8.9588949159789149 19.341135613712005 37.460287316982111 41.76454471819595 6.1444157618976556 5.3135626295188123 14.071644499842312 14.640327472480672 21.690063817122926
leaf_count=84563 27526 120658 38644 92988 226949 24143 54445 88633 184213 36387 11440 59922 94054 77020
internal_value=0 -0.000526576 -7.45855e-05 0.000161758 0.000490932 3.01676e-05 -0.000755786 0.000870499 0.000479309 0.000747976 -0.00140946 -0.000381705 -0.000742195 0.000127369
internal_weight=0 151.42 99.7905 91.9246 155.111 77.3753 26.6518 77.7354 50.7234 43.3176 51.6291 48.607 34.5354 27.8345
internal_count=1221585 615676 483578 444934 605909 290327 81971 315582 208356 197970 132098 246964 187042 113407
cat_boundaries=0 1 2
cat_threshold=9 2701
is_linear=0
shrinkage=0.02


Tree=112
num_leaves=15
num_cat=13
split_feature=42 43 42 42 43 43 4 42 43 42 43 42 43 42
split_gain=0.374154 0.238677 0.190155 0.151788 0.158882 0.127117 0.151138 0.201567 0.154933 0.142379 0.134412 0.101108 0.0995686 0.0938421
threshold=0 1 2 3 4 5 1.5000000000000002 6 7 8 9 10 11 12
decision_type=9 9 9 9 9 9 2 9 9 9 9 9 9 9
left_child=12 2 -2 4 -3 13 7 10 11 -8 -7 -9 -1 -5
right_child=1 3 -4 5 -6 6 9 8 -10 -11 -12 -13 -14 -15
leaf_value=-0.0007039538681480528 -0.0010410013311600787 -0.0010776684266147803 0.0014957812482837135 -0.00082522053876312579 0.0012234059821459257 -0.00090817537711843739 0.00075780255656288055 -0.00083974392762309585 -0.0012753074199364446 -0.0020593700945491836 0.0013416893088144181 0.0012912569859620142 0.0018638132590730828 0.001203106229497626
leaf_weight=4.2378383114214699 6.5397150556576111 5.5758054002532758 33.408144803392581 3.5388893572383697 24.64351041712586 5.4701755073482374 5.6442269326773467 3.7070783753518302 89.013558329337258 40.839576020368277 21.815485855544431 11.649130266366649 36.743900389286217 13.690213598294596
leaf_count=12103 15695 12913 112548 7610 68614 10832 15318 8844 478251 195790 62961 47627 124259 48220
internal_value=0 -0.00030999 0.000909683 -0.000569224 0.00058219 -0.000776136 -0.000944879 -0.000608414 -0.000954576 -0.00192974 0.000728484 0.000616076 0.00148081 0.000596315
internal_weight=0 265.536 39.9479 225.588 30.2193 195.368 178.139 131.655 104.37 46.4838 27.2857 15.3562 40.9817 17.2291
internal_count=1221585 1085223 128243 956980 81527 875453 819623 608515 534722 211108 73793 56471 136362 55830
cat_boundaries=0 23 47 70 93 117 139 162 185 207 231 254 277 300
cat_threshold=2097280 32768 67112192 2147483648 16 128 0 86016 0 65536 16842882 6553616 0 167772160 1 0 33554432 0 83886080 0 10485760 64 131072 2147483648 1074922528 517 0 73728 0 264 258 33554497 0 2097428 65536 4096 4194816 65536 2147483648 0 0 0 0 0 1048576 2064 33554432 64 320 64 32784 131200 8406016 0 0 0 64 71860232 131073 0 2621440 262144 0 266272 34078720 64 32768 0 1049088 65536 33555456 64 576 268439554 17170432 4096 0 134217728 268439552 1073741888 134217732 0 4096 0 536870912 131072 4128 33554432 2097152 32768 536870912 262144 327744 4198432 150994944 2097154 2684429312 33686032 0 1090527744 0 256 0 528384 2147483648 0 0 8192 134221824 33554560 2048 256 0 0 0 0 134217728 20971520 16777216 0 2147484160 135168 0 1073741952 0 3221225472 805306368 0 16512 16777248 131072 4096 16793600 1115684864 134479872 524544 268435520 0 640 0 167772448 134217760 1 10240 1048576 2 2048 536870918 16385 0 32768 16 2101248 0 0 0 536870976 0 524544 262146 268435968 8225 33554432 0 64 1342178436 33554432 2097156 131584 4096 128 262416 4160 0 1065488 0 0 0 128 133120 1048704 8 8388608 0 16777224 0 0 2147483648 67108864 4211968 1073872904 0 2367552 1048576 2147500032 4726784 0 512 264 1152 0 1073741824 1081346 268435456 131072 0 524290 512 33554432 4096 2691072 67108864 16400 2147483648 2097152 0 262416 4096 2281701408 32768 4096 8192 134220800 0 2048 4194976 0 0 0 2147483648 1024 262144 8192 2147745801 8388608 4194304 81920 0 64 67108864 2147483776 131072 655620 0 0 2147483648 4 2048 67108865 34880 0 65536 32770 33024 2164260864 16777216 16 1082130432 4160 138412552 0 258 65872 268435520 17301512 524288 0 0 0 536870912 2147483648 1207959552 0 0 0 68158464 8 0 33554448 32 0 12599296 1048576 0 1048576 2 20481 2147524608 4 0 2215116800 2147483648 0 1073741824 25165824 2147483648 131072 1081346 524288 57344
is_linear=0
shrinkage=0.02


Tree=113
num_leaves=15
num_cat=8
split_feature=42 42 42 45 42 42 42 19 26 19 40 27 26 42
split_gain=0.366707 0.235102 0.0752609 0.0579856 0.200782 0.191487 0.0591203 0.0604123 0.0521178 0.0502099 0.0479213 0.0472974 0.0464238 0.121736
threshold=0 1 2 3 4 5 6 222.50000000000003 0.41189100000000006 6090.5000000000009 0.046867000000000013 0.44794600000000007 0.55711800000000011 7
decision_type=9 9 9 9 9 9 9 2 8 2 8 8 10 9
left_child=10 9 11 4 -4 -5 -7 -8 -9 -2 -1 -3 -10 -14
right_child=1 2 3 5 -6 6 7 8 12 -11 -12 -13 13 -15
leaf_value=0.0021500110508980608 -0.0027879999516020383 2.3887181111415778e-05 0.00097402933743775055 -0.00092956915669347058 -0.00076300465805634451 -0.00039418413009445404 -0.00038669765918298953 -0.00032057600637346777 0.0017499679331473279 -0.00041715843080814024 0.00020006822799041935 -0.0014057240230492597 -0.0010006814405820181 0.0010692997121644584
leaf_weight=31.372407054800583 17.865240093291337 13.659304067341701 24.631311503469753 21.557994879179063 70.588815823128527 10.817046569130682 7.58583651102603 5.7313621544740272 46.882061274809416 6.5968102492015523 7.1250962296896452 22.684421899152625 5.2266942753415941 14.176695696654683
leaf_count=101833 75531 22979 67945 53218 356753 39431 57654 23672 177914 13065 25507 74795 21073 110215
internal_value=0 -0.000298499 -6.14618e-05 0.000101623 -0.000242266 0.000388124 0.000789855 0.000987742 0.00127647 -0.00173802 0.00150712 -0.000749282 0.00142736 0.000449042
internal_weight=0 268.004 243.542 207.198 95.2201 111.978 90.4197 79.6026 72.0168 24.4621 38.4975 36.3437 66.2855 19.4034
internal_count=1221585 1094245 1005649 907875 424698 483177 429959 390528 332874 88596 127340 97774 309202 131288
cat_boundaries=0 23 45 67 68 91 114 137 160
cat_threshold=2097280 2 1312 0 1048592 128 0 16384 0 65536 16842882 6561808 0 167772160 1 0 33554432 0 83886080 0 10485760 64 131074 0 0 139272 32784 4194304 8388640 0 34635784 2097152 2621440 67141632 268435456 1048576 16 262144 4 16777216 92274688 2112 4194304 128 67108896 64 134225952 0 65536 8454144 82952 640 2 67108864 135200 8 1 1073741824 2147483648 0 262144 0 268959744 1048576 18874380 0 524800 716 33556480 33587264 2214592512 2483027972 0 1073741824 2 134225984 2 0 524288 16777220 0 1140850688 536870912 131072 0 0 0 268468224 536903680 269484032 32769 2048 80 0 2147483652 128 0 131072 67117056 2 0 34078720 2164260868 0 1073741824 536870912 10 67371008 16384 2147483680 268468224 536870914 269484034 1 0 1107329024 16777216 8388672 1342177282 1107296256 327744 134217748 16 32768 8392704 1024 16 524288 1152 10616832 4 0 268435456 0 0 0 32768 1024 4 2416185344 273154048 131072 1048576 8388608 262208 0 1073741952 2151817216 524288 0 0 2147483904 1048576 6144 1 33554432 524288 32768 0 24576
is_linear=0
shrinkage=0.02


Tree=114
num_leaves=15
num_cat=10
split_feature=42 42 52 42 42 42 42 42 34 1 42 42 35 30
split_gain=0.360956 0.234791 0.15064 0.284068 0.241784 0.118723 0.0944669 0.0789568 0.055796 0.0533155 0.111151 0.0547592 0.0488926 0.0531243
threshold=0 1 2 3 4 5 6 7 6090.5000000000009 4.5000000000000009 8 9 0.43873050000000008 0.22591650000000005
decision_type=9 9 1 9 9 9 9 9 2 2 9 9 8 10
left_child=-1 8 4 -4 -3 -5 -6 -7 -2 10 -8 -11 -9 -14
right_child=1 2 3 5 6 7 9 12 -10 11 -12 -13 13 -15
leaf_value=0.0014845697721211735 -0.0028952761525294535 -0.001097982914356477 0.0010489709360063419 0.00055873095048337171 -0.00050814135056488521 0.00027799191997134764 -0.0010812364971161679 -0.00013482173577215265 -0.00041242165945581824 -0.00035614413004296383 0.00090537891578749161 0.0014403648030487061 -0.0020720532010069827 7.2619876849886622e-05
leaf_weight=39.07102536060809 16.648639925082854 21.098500568425681 23.301997275828118 12.08734909012315 13.105409928911653 12.872134711260969 5.0862838221405253 7.5526840044879551 6.5965548292174416 7.9656041266627415 10.73938848315345 65.688243693576169 60.052632656854122 4.6156452605599076
leaf_count=125471 70257 57261 59185 41497 37127 30963 9959 41070 13065 23223 50656 324321 322612 14918
internal_value=0 -0.000299129 -6.56564e-05 -0.000536794 0.000401708 -0.00100645 0.000810867 -0.00127919 -0.00176392 0.00104927 7.61501e-05 0.00137363 -0.00155681 -0.00192475
internal_weight=0 267.411 244.166 120.482 123.683 97.1804 102.585 85.0931 23.2452 89.4795 15.8257 73.6538 72.221 64.6683
internal_count=1221585 1096114 1012792 510245 502547 451060 445286 409563 83322 408159 60615 347544 378600 337530
cat_boundaries=0 23 45 46 69 92 113 136 159 182 204
cat_threshold=2097280 32768 1312 2147483648 16777232 128 0 4096 0 65536 16842882 6553616 0 167772160 1 0 33554432 33554432 83886080 131072 10485760 0 163840 0 0 131080 32784 0 8388640 0 34635784 2097152 2625536 67141632 268435456 1074790400 16 262144 4 16777216 92274688 2112 4194304 128 67108896 6 33554432 134217730 134481985 268439554 278784 0 9437184 262144 268435456 128 0 557056 0 0 16 0 8192 268435456 270532608 134217728 0 0 82017 2048 134217734 134481921 0 4211712 65536 9568256 2 0 131200 8 131072 0 0 0 2 0 268451840 268435456 328 2415919104 0 16449 265216 0 2701131776 67108864 4194336 268701696 524290 134225920 536870914 2 2281841664 132096 0 0 0 0 1073741828 2048 0 524288 2147549184 134217728 0 16777216 8454146 65536 8 0 270592 536870914 34 2147622912 34048 0 0 0 9699336 270348 0 0 134217728 2 0 65568 134217728 4 4096 41943044 0 0 0 0 1052672 16388 262148 8192 0 17830280 536936448 1048576 32 32768 536870928 0 805306368 536870912 270592 33554496 96 4608 335544320 277088288 0 8 65536 0 16384 0 524292 0 1074266112 1296 0 67108864 536870912 0 4 1310720 8389184 256 0 1107296272 536870976 65 2 1311744 524288 0 335548416 1 262144 0 524288 17825792 65536 2097152 1048576 10242 32 16777216 0 537427970
is_linear=0
shrinkage=0.02


Tree=115
num_leaves=15
num_cat=4
split_feature=23 4 38 1 44 45 49 51 18 29 5 19 16 32
split_gain=0.156876 0.100006 0.0903673 0.0768849 0.0755608 0.0980596 0.0611377 0.0584074 0.054947 0.0463773 0.0453025 0.0474946 0.069792 0.0452159
threshold=0.38178400000000007 2.5000000000000004 0.29080537385050004 4.5000000000000009 0 1 2 3 1.0450000000000002 0.19255750000000002 1.5000000000000002 5978.5000000000009 38.750000000000007 0.59114800000000012
decision_type=8 2 8 2 9 9 1 1 2 10 2 2 2 8
left_child=1 2 3 9 -5 -6 -4 -2 -3 -1 11 12 -7 -9
right_child=7 8 6 4 5 10 -8 13 -10 -11 -12 -13 -14 -15
leaf_value=-0.0013023353421617522 0.00020152137219725847 -0.0017301652786301514 0.001297968998989337 0.0012207047070710308 0.0011200326022366717 -0.00064946745553630977 -0.0005066120538122752 -0.0010953967193073498 0.00032283093154984006 0.00049649205355534621 -0.00096211939695180226 -0.00077969396225781361 0.00085956806969894964 0.00030663192969282492
leaf_weight=15.542474328613229 27.599688341817689 9.2460609037598918 50.447882813562131 15.078792431938663 11.294641263719928 14.430954666529667 5.9849337198368735 69.055563356804868 6.0920439663393493 4.9070558126668926 22.290104780341885 16.036116433212101 30.123163583772691 8.3313406779454606
leaf_count=38201 110147 37420 345680 57214 46270 41955 35878 263527 22736 9279 54557 22364 85630 50727
internal_value=0 0.000312795 0.000448116 0.000142882 0.00035956 3.99703e-05 0.00108093 -0.000622327 -0.00103585 -0.00085795 -0.000256304 1.78265e-05 0.000354582 -0.000833802
internal_weight=0 201.474 186.136 129.703 109.254 94.175 56.4328 104.987 15.3381 20.4495 82.8803 60.5902 44.5541 77.3869
internal_count=1221585 797184 737028 355470 307990 250776 381558 424401 60156 47480 204506 149949 127585 314254
cat_boundaries=0 1 2 3 4
cat_threshold=2 2 2 550
is_linear=0
shrinkage=0.02


Tree=116
num_leaves=15
num_cat=9
split_feature=52 43 43 1 43 43 4 43 43 23 43 23 43 40
split_gain=0.202191 0.221043 0.182686 0.110787 0.152965 0.134825 0.108863 0.126159 0.105515 0.0692105 0.0840551 0.0668246 0.0644757 0.0518438
threshold=0 1 2 4.5000000000000009 3 4 1.5000000000000002 5 6 0.35493050000000009 7 0.33764350000000004 8 0.14508500000000005
decision_type=1 9 9 2 9 9 2 9 9 8 9 10 9 10
left_child=2 -2 -1 4 -4 -5 7 -3 -8 10 -9 -10 -11 -7
right_child=1 6 3 5 -6 13 8 9 11 12 -12 -13 -14 -15
leaf_value=-0.00091945100489570792 0.00089690759324219339 0.00075081609179703847 -0.0014947049585104456 -0.00063746355679362824 0.00072924128064883007 0.0014318662210791348 0.00067158176339060028 0.00092644786193731444 0.000240387717475663 0.00049252974336647787 -0.00065800767068660419 -0.0028179202082112683 -0.001363527508649102 -0.00045945716841777791
leaf_weight=19.726253125582971 24.874848967704146 15.913296644658979 7.242975079374375 12.391549712788226 15.216937744246353 96.583291007183249 5.0311694590458682 7.6242622989719502 2.3354281356448707 6.1080805265708582 17.836199400367938 24.650769723755154 47.002466494561176 3.9122362439999128
leaf_count=64265 89246 53949 17207 50313 61062 397907 15726 20436 12881 21117 92565 104369 205387 15155
internal_value=0 -0.000505812 0.000474839 0.00074951 -0.000408277 0.00105099 -0.000847477 -0.000518492 -0.0018461 -0.000799307 -2.12167e-05 -0.00194802 -0.00127594 0.00122393
internal_weight=0 151.377 155.073 135.347 22.4599 112.887 126.502 94.4843 32.0174 78.571 25.4605 26.9862 53.1105 100.496
internal_count=1221585 615676 605909 541644 78269 463375 526430 393454 132976 339505 113001 117250 226504 413062
cat_boundaries=0 1 24 47 71 94 117 141 164 188
cat_threshold=6 4194304 537019396 4615 2147484160 512 8192 1073742080 33685504 167772161 536870912 134218000 2147483648 0 134218240 16 0 0 0 32768 0 0 0 2048 536870912 537001984 134221834 268705792 576 134217856 16777216 33685504 536870916 536879104 167772160 2415919104 0 33554432 0 134217728 0 0 32768 2101248 0 0 40 0 1107365889 2097152 2147484672 65568 2147483652 8 0 268697600 32 4356 1207959552 36880 256 0 0 8192 0 512 0 0 1140850688 2064 262144 4718592 134217728 4 11010048 2684354576 528 8192 2113792 0 514 1024 0 0 134217728 24624 65536 2147483648 67108864 131072 0 4100 256 262144 2181038336 69632 80 268439680 12304 134217744 9 0 536870976 262144 570425348 0 16 0 16384 16384 0 131072 0 524296 0 64 262152 554172416 16777216 134217728 10485760 64 71319552 16777216 0 3221520384 0 4096 0 4096 33685504 0 0 33554688 2281701376 32 0 8389632 0 2147485200 8192 0 50364424 0 1082131456 557152 128 134217728 262 0 16 1050688 0 0 4325376 8224 0 1048576 2048 131328 0 0 1140850816 16 0 32 131072 2621440 1107296256 2097668 67108864 0 268959764 33554432 268435456 2097152 16777216 67108865 2147549184 16779264 33558528 134217728 1048576 0 0 1792 0 33554432
is_linear=0
shrinkage=0.02


Tree=117
num_leaves=15
num_cat=14
split_feature=42 42 43 42 43 52 42 42 43 43 43 42 43 42
split_gain=0.337951 0.219757 0.171996 0.152529 0.111316 0.100359 0.272468 0.23681 0.187699 0.161298 0.134387 0.105672 0.0948211 0.0935469
threshold=0 1 2 3 4 5 6 7 8 9 10 11 12 13
decision_type=9 9 9 9 9 1 9 9 9 9 9 9 9 9
left_child=-1 4 3 -3 -2 6 -4 10 -9 -8 -7 -11 -13 -10
right_child=1 2 5 -5 -6 7 9 8 13 11 -12 12 -14 -15
leaf_value=0.0014032307751764312 0.00082423497682773542 -0.00086995772711489095 0.0015869016402592442 0.0015093531829376008 -0.0022523028482288833 -0.00090635728166587649 0.0010176140609570307 0.00077057205839044501 0.00047204245794598278 0.00064096782814962038 0.0017103626799614192 0.00060423499813733531 -0.0014550248548705319 -0.0018147130512827007
leaf_weight=41.288710637515656 3.1045014604449532 6.6104639622021786 21.742955767576369 31.197941941243403 21.043389889124175 3.8133987550735386 11.741752701063371 11.337888995887006 8.0303533969802583 9.4636429416850589 12.863307499013478 6.6757597624771465 52.617514586130213 64.909475204057316
leaf_count=119954 7701 14034 67949 105112 75924 8345 37861 48311 32247 39179 39428 21220 273149 331171
internal_value=0 -0.000295047 -6.40612e-05 0.000964407 -0.00169251 -0.00030857 0.000135726 -0.000717881 -0.00114674 -0.00044393 0.000966158 -0.000831066 -0.00114799 -0.00152538
internal_weight=0 265.152 241.004 37.8084 24.1479 203.196 102.242 100.954 84.2777 80.4987 16.6767 68.7569 59.2933 72.9398
internal_count=1221585 1101631 1018006 119146 83625 898860 439358 459502 411729 371409 47773 333548 294369 363418
cat_boundaries=0 23 45 69 92 115 116 139 162 185 208 232 253 277 300
cat_threshold=2097280 0 3328 0 16777232 0 0 16384 0 65536 16842882 6561808 0 167772160 1 131072 33554432 0 83886080 134348800 10485760 64 131136 0 0 131080 32784 0 8388640 0 34635776 2097152 2621440 67141632 268435456 1074790400 16 262144 4 16777216 92274688 1050688 4194304 128 67109408 0 1107427328 517 33558528 65536 16384 296 258 270400 0 2097428 0 12288 4194816 65536 2147483648 0 134217728 0 0 0 0 2064 33554432 33554496 352 4672 4096 1073872896 16384 0 69206016 0 1073741824 8917000 2147483649 16 2101248 0 0 262144 34078720 0 32768 269484034 0 65536 33554432 17416 512 1075905536 16 0 256 4096 134217729 268435456 0 71680 4096 4194304 4096 4096 1073750016 0 33056 0 1073741824 1664 2048 6 0 32832 67109376 2147483648 131080 33570944 128 6144 0 64 524288 16777217 0 524288 16782720 0 6144 570425345 33554432 0 1048576 1048576 2 33556480 134217728 262209 67112962 278784 0 9437184 134217728 536870912 128 2147622912 32768 0 4096 0 0 1073741856 18432 270532608 0 268435456 0 65569 574619648 536870916 134217730 2147485184 512 0 1073741824 33685504 33587200 0 671092736 0 0 134348800 0 0 34603264 131072 32800 268435456 8388612 256 8 134222336 32800 2097152 128 285220864 0 67305472 4194304 2147483648 0 1048648 4224 4194304 320 0 5120 1073741824 0 0 0 1073741824 71303184 4608 536870944 32768 131098 2147484800 131088 4 2147483648 0 402653440 0 266240 268435456 16 134217984 0 0 256 2048 4227232 268435456 0 0 4096 262144 0 33562880 268435456 272629761 269492224 1074790401 64 2097152 268566528 16384 33554436 0 0 69206016 536870928 0 262144 557312 32768 268468224 32768 2147483680 134234112 72 0 33554432 8192 2147483648 134217732 1107329024 268697600 528384 524288 1048608 2147483648 0 16779264 1152 2048 0 268435456 0 0 2164260928 8192 0 4 134221856 281018368 32 268701696 524288 2367488 268435458 1073741825 134217732 0 528 1048736 16 8388608 8192 0 0 0 2147483648 536870912 32768
is_linear=0
shrinkage=0.02


Tree=118
num_leaves=15
num_cat=9
split_feature=43 51 43 43 27 43 1 43 23 43 43 26 38 43
split_gain=0.18737 0.115547 0.218556 0.12969 0.125987 0.107988 0.0757569 0.0745983 0.0741675 0.118681 0.0787395 0.0665152 0.0607837 0.0564665
threshold=0 1 2 3 0.6001875000000001 4 4.5000000000000009 5 0.36046050000000002 6 7 0.40037450000000008 0.28268381298750006 8
decision_type=9 1 9 9 8 9 2 9 8 9 9 8 8 9
left_child=6 3 -3 -2 5 -4 12 -5 10 -10 -9 -8 -1 -6
right_child=1 2 4 7 13 -7 11 8 9 -11 -12 -13 -14 -15
leaf_value=-0.0013179086985626882 -0.0009302555831906459 0.00097244055980834007 0.00050501840134754719 -0.00054344791116150309 -0.00071345585871215075 -0.0017548147722175394 -0.00045503894310611171 -0.00049843337746389668 -0.00097330169337195836 0.00054507945336207972 0.00127644419152156 0.0017229907786860607 0.0010366000132713724 0.00093602886132986582
leaf_weight=5.3695212925823279 25.70023510128906 13.7089506646634 8.8003598923667141 20.583568737524413 1.863500485233019 58.194366072193588 4.377458010567346 8.4510408250305904 14.530977358458994 54.369058955146485 43.82481675926914 36.568926186656746 2.935583759040914 7.1434141354518035
leaf_count=10886 90313 39087 20708 54602 6837 250258 9779 27168 54503 270332 206936 110144 9782 60250
internal_value=0 -0.000237139 -0.000762193 8.36759e-05 -0.0011838 -0.0016171 0.000963646 0.000338921 0.000532157 0.000122721 0.00110689 0.00146596 -0.00040887 0.000620801
internal_weight=0 257.17 89.7106 167.46 76.0016 66.9947 49.2515 141.759 121.176 68.9 52.2759 40.9464 8.30511 9.00691
internal_count=1221585 1080994 377140 703854 338053 270966 140591 613541 558939 324835 234104 119923 20668 67087
cat_boundaries=0 24 25 49 73 97 121 145 168 191
cat_threshold=4194304 1074791424 517 4096 65536 8192 1073742088 0 33554433 262144 276 65536 12288 4194884 0 2147483648 0 0 0 0 1073741824 128 2048 100663296 567 553648128 16777220 2 33554432 131136 67108864 402653824 0 64 0 4096 0 0 0 4096 16778240 1073742080 134217728 524576 268435456 1024 4194576 80 8192 553648128 16777216 2097154 8658944 64 2281701376 402653184 2097152 536936448 0 266248 268959744 0 2449473536 8192 134217728 2147483648 0 0 2097152 0 0 2147483808 262144 0 0 2097152 512 2415919120 4194304 67239936 33554432 1208221696 0 1056832 1052672 544 67240192 0 0 0 268435456 512 0 0 1141899776 128 262146 0 0 134217728 33554432 2415919136 4096 8192 1073741824 268435728 514 8192 2281701376 0 0 0 822083584 16777472 2281701376 524832 0 1024 1077936384 64 2 134218240 33652737 528384 1073741824 16941200 0 16777216 133120 262272 8192 269484032 32 0 67108864 0 1024 0 0 4325376 0 0 67108880 1048592 8192 0 536870920 131136 590340 1073741824 4194816 513 33554432 524356 268435456 218103808 2048 1049088 4352 32 0 1073742848 1073741824 0 0 0 1024 524288 0 20481 2097152 1610612736 0 4240 67117088 2 262160 32 302514176 0 16 134283264 8192 2048 34603008 2147483648 512 0 0 67108864 524328
is_linear=0
shrinkage=0.02


Tree=119
num_leaves=15
num_cat=14
split_feature=42 43 42 42 43 43 43 42 42 43 42 42 43 43
split_gain=0.327457 0.215228 0.147881 0.144253 0.139147 0.12663 0.122325 0.155786 0.119704 0.0886158 0.082727 0.0783047 0.102122 0.070305
threshold=0 1 2 3 4 5 6 7 8 9 10 11 12 13
decision_type=9 9 9 9 9 9 9 9 9 9 9 9 9 9
left_child=5 3 4 -2 -3 -1 7 -4 13 10 -10 12 -11 -8
right_child=1 2 6 -5 -6 -7 8 -9 9 11 -12 -13 -14 -15
leaf_value=-0.00079655099886583286 -0.00095654333130098363 0.00080736456400845829 0.00090277684740714835 0.0014359640806152572 -0.0019484258413970104 0.0018126190782233424 0.00066515058623920821 -0.0016681992285823971 0.00071189745535656058 0.0008693809848143761 -0.0012349664665867095 0.00069766445987096029 -0.0012468738675837881 -0.0014795323474907026
leaf_weight=4.615318979424571 4.6123408795317156 4.9428129505538081 5.3994755188046106 30.736373527924506 34.131391984884203 36.547567788210287 3.0362096519288206 28.681036137840362 4.2734002910668165 3.5340351544245281 14.852188681693766 102.55733953466861 11.172333667521142 17.322380571447173
leaf_count=12790 8629 11291 13683 96475 113539 120873 7352 94400 8629 10431 48182 560776 48124 66411
internal_value=0 -0.000287743 -0.000520844 0.000931816 -0.00147256 0.00138546 -0.000232856 -0.00110945 3.79867e-05 0.000279738 -0.000678253 0.000495186 -0.000556125 -0.0010132
internal_weight=0 265.251 229.903 35.3487 39.0742 41.1629 190.828 34.0805 156.748 136.389 19.1256 117.264 14.7064 20.3586
internal_count=1221585 1087922 982818 105104 124830 133663 857988 108083 749905 676142 56811 619331 58555 73763
cat_boundaries=0 23 47 69 92 115 138 162 183 204 227 250 272 295 319
cat_threshold=2097280 0 335545600 2147483648 16 128 0 16384 0 65536 16842882 23339024 0 167772160 1 0 33554432 33554432 83886080 0 10485760 0 163840 0 1073873952 528 1073741824 65536 4210688 256 258 33554497 0 276 65536 4096 4194816 69632 2147484672 0 0 0 0 0 1049088 2064 33554432 0 134225920 8200 589840 281019392 0 512 34635776 2097152 0 0 268435456 0 2147483664 2164260864 4 0 75497472 1050688 136314880 128 524320 64 256 64 12615680 1074003968 8406016 0 2048 0 1075838976 557064 524288 528384 4096 262144 0 4128 524288 0 8 1048576 1049152 65536 2147483648 4 5 8388608 131072 2097152 8 135168 134217872 268697600 136839168 2048 0 131076 0 4096 1115684864 67108864 128 0 1073741824 1168 512 4096 16777216 16 1115684864 64 138416650 0 131328 65808 268435520 17563648 2621440 0 0 0 0 2147483648 0 0 0 0 71304192 1074266120 0 1 131080 335872 67108864 2147483776 0 0 268435584 0 33816576 2550136832 32784 268435456 8224 134287360 0 0 128 2101248 0 128 160 134479872 0 0 2147484192 343937026 262272 33554432 2 134283264 268435456 1073745922 524288 557060 0 0 1024 0 790528 537919552 0 33792 2 0 20 131073 32768 128 8454184 0 65538 16 2101376 71335944 1028 1074790400 0 132096 0 16777216 553664512 0 0 268435458 0 134217728 2097152 524288 131200 16 16777728 131072 2147483664 268706306 0 1073743872 0 2181107716 0 536870912 4224 2048 0 0 1073742848 64 262144 0 1107296578 16777216 268435456 84279586 16384 8 136319040 131074 0 4 0 0 67112960 0 1048576 0 0 0 0 536903680 262144 32 262144 1073741920 32 268435456 67191040 0 131080 134217736 2 32800 4096 2147483648 0 67108864 0 262154 262152 0 32 4227140 2147483648 67108864 167772160 553652224 134742080 0 33554432 2105856 2147549184 4196352 671088640 0 1048576 524288 4194304 524352 0 0 0 131072 32768 0 4 67109136 525376 0 553652224 0 512 131072 8192 134217729 134348800 2147491840 256 4096 1073746080 1048576 134217792 0 2048 0 134217728 288 0 1073742848 64 786432 67108864
is_linear=0
shrinkage=0.02


Tree=120
num_leaves=15
num_cat=14
split_feature=42 42 43 42 43 42 43 43 42 43 42 43 43 42
split_gain=0.31995 0.211854 0.174327 0.154825 0.106999 0.103769 0.132921 0.122611 0.113723 0.0946522 0.0681383 0.0958852 0.0937042 0.112629
threshold=0 1 2 3 4 5 6 7 8 9 10 11 12 13
decision_type=9 9 9 9 9 9 9 9 9 9 9 9 9 9
left_child=9 4 3 -3 -2 7 8 -4 -7 -1 11 -8 13 -12
right_child=1 2 5 -5 -6 6 10 -9 -10 -11 12 -13 -14 -15
leaf_value=-0.00068507264409182502 0.00080909443353379697 0.00091844567932733965 0.00090849820434620629 -0.0016159528952251478 -0.0022047321712299708 0.00082290035257008315 0.0008907909755162584 -0.0013554364837840116 -0.0013545858735129666 0.0017438859847066094 0.00092568636817525049 -0.0011343091198772839 0.00091141094286194811 -0.0012797380341674938
leaf_weight=4.3463004473938138 3.0920226824737926 5.2456883733254154 4.1210529583849258 31.839827927671365 21.063472193288945 4.9492536002976371 3.0342766869895335 20.072847186346166 18.463661389341741 36.598552708793619 3.5284646945727345 11.346321178929724 128.15620884535932 10.540751091159082
leaf_count=11623 6893 13435 9776 113303 75656 11164 8682 75480 67402 114261 9033 49324 607572 47981
internal_value=0 -0.000284999 -5.8748e-05 -0.0010962 -0.00165678 0.000191774 0.000370256 -0.000769701 -0.000752694 0.0013715 0.000589257 -0.000470382 0.000731054 -0.000534377
internal_weight=0 265.454 241.298 37.0855 24.1555 204.213 180.019 24.1939 23.4129 40.9449 156.606 14.3806 142.225 14.0692
internal_count=1221585 1095701 1013152 126738 82549 886414 801158 85256 78566 125884 722592 58006 664586 57014
cat_boundaries=0 23 45 69 92 116 138 161 183 206 229 251 274 298 321
cat_threshold=2097280 0 3360 0 16777232 128 0 81920 0 65600 16842882 6553616 0 167772160 1 0 33554432 0 83886080 134348800 10485760 0 131072 0 0 131072 32784 0 8388640 128 34635784 2097152 2625536 67141632 268435456 1074790400 16 262144 4 16777216 360710144 2112 0 128 67108896 0 1 2228234 335872 67108864 128 134225920 0 256 8192 33816576 3355443200 32768 268959744 8192 134287360 0 0 128 2101248 0 0 128 134479872 0 0 2415919104 268435456 268454016 33685504 2 134217728 268435456 1 135176 17334276 0 4096 1024 0 790528 16448 0 33792 65536 0 33024 0 16384 0 3223389184 67108880 0 0 4096 134217728 268435456 134221824 1073743872 4096 4194304 4096 4096 33562624 1073741824 557344 0 1073741824 1049216 2048 67108864 2048 1073741828 8200 0 268437632 82944 0 2 16 32 528392 2147483652 0 2147483648 1024 8 262152 16384 0 6324292 0 557056 32 134217728 134221824 2622464 16908416 16 2147549185 0 16 2 4096 268435456 0 2147549188 16 536870912 2147487752 1073743872 32768 0 1024 0 262176 4194304 1179648 512 1024 729600 16 65536 0 33554432 268697600 270536768 0 0 260 16 2147486720 0 131072 32768 0 1024 1073742096 262144 0 67371584 872419330 155648 0 131072 2101568 2 16512 0 1 0 528384 131072 0 32 1 0 0 537952256 64 8192 4096 16781312 0 41943040 528576 8 8 256 65552 268435520 18350088 2621472 0 2147483648 0 150994944 2147483904 0 0 0 0 5243904 524288 0 320 0 813760576 1073741826 0 8585216 67108868 524290 8 8388608 257 524288 2625536 0 2 64 0 2147483680 16777216 2 514 524288 536973320 524304 1082130560 33554512 0 1140850944 2097152 8193 16 8 2097152 8192 0 0 16777216 1073741952 0 0 0 0 4194304 524312 0 65544 524288 3229614208 536870928 1073741824 0 1075838976 0 268435984 134284288 557056 18 33566721 16384 268435456 0 0 655360 0 0 0 1073741824 1024 1024 1048 2550398976 2147483648 1065984 0 1048578 4096 4096 2147483648 2147483652 0 0 1140850688 536871168 131072 67108864 570425344 268435456 268435456 32768 1048576 64
is_linear=0
shrinkage=0.02


Tree=121
num_leaves=15
num_cat=9
split_feature=52 43 43 1 43 43 4 43 43 23 43 43 23 21
split_gain=0.189349 0.20588 0.17125 0.112192 0.150092 0.11907 0.101275 0.12636 0.114254 0.0658394 0.0828552 0.0649375 0.0624445 0.0602115
threshold=0 1 2 4.5000000000000009 3 4 1.5000000000000002 5 6 0.35425950000000006 7 8 0.33764350000000004 0.16306850000000003
decision_type=1 9 9 2 9 9 2 9 9 8 9 9 10 8
left_child=2 -2 13 4 -4 -5 7 -3 -8 10 -9 -11 -10 -1
right_child=1 6 3 5 -6 -7 8 9 12 11 -12 -13 -14 -15
leaf_value=0.00088343907946949963 0.00085960889967664697 0.00075900357548931436 0.0011002662146795902 -0.00064207498897897236 -0.0011259838295661175 0.0011697375895358163 0.00068569828976686122 0.00090110871918346492 0.00023335748367330462 0.00049528974476630114 -0.00067552612860476233 -0.0013372455368459966 -0.0027862318231294671 -0.0015966485985454899
leaf_weight=1.4057769209768707 25.071878586848332 15.948460069295178 6.1210402313905048 10.702910043537434 16.384431603417489 102.52418134905884 5.4005817883097018 8.182884647190674 2.2105412667901652 6.1953728988504801 16.38232328381557 47.65550651058679 24.29351485866248 17.902339571660953
leaf_count=10283 94042 55493 14244 39827 64519 424322 16630 21406 12473 21264 86740 205001 102627 52714
internal_value=0 -0.000490608 0.000458489 0.00072227 -0.000439898 0.00102319 -0.000821513 -0.000504277 -0.00178696 -0.000787843 -1.04609e-05 -0.00124532 -0.00192598 -0.000900891
internal_weight=0 151.341 155.041 135.733 22.5055 113.227 126.269 94.3645 31.9046 78.4161 24.5652 53.8509 26.5041 19.3081
internal_count=1221585 615676 605909 542912 78763 464149 521634 389904 131730 334411 108146 226265 115100 62997
cat_boundaries=0 1 24 47 70 93 116 139 162 186
cat_threshold=6 2151677952 537003012 4615 2149581312 512 8192 1073742080 33685504 167772161 536870912 134218000 2147483648 0 134218240 16 0 0 0 0 0 0 0 2048 536870912 537001984 134221834 268705792 576 134217856 16777216 35782656 4 536879104 167772160 2415919104 0 33554432 0 134217728 0 0 32768 2101248 0 0 40 4194816 134217728 16 537399424 16 2097152 1073881600 268435712 8192 262144 8 0 4194304 4210756 0 65536 4096 0 0 0 0 464 262208 4718592 134217728 4 11010048 2684354560 528 8192 16640 0 514 1024 0 0 134291456 24624 65536 2147483648 67108864 131072 0 4100 256 262144 33554688 86016 131152 268439680 4112 134217744 9 0 536870976 262144 570425348 0 16 0 16384 16384 0 131072 0 524296 0 64 262152 554172416 16809984 134217728 8388608 64 71319552 16777216 0 1074036736 0 4096 0 4096 33685504 0 0 33554688 2281701376 32800 0 8389632 0 2147485200 524288 50364424 0 1082131456 41056 128 2281701376 2304 0 0 1050688 0 0 131072 8192 65536 1048576 2048 131328 0 0 1140850832 16 0 32 8 524288 1107296384 2097668 67108864 0 268959764 33554432 268435456 2097152 16777216 67108869 2147483648 16779264 33558528 134217728 1048576 0 0 1792 0 33554432
is_linear=0
shrinkage=0.02


Tree=122
num_leaves=15
num_cat=10
split_feature=42 42 52 42 42 42 42 42 35 14 34 1 42 42
split_gain=0.315413 0.212264 0.124478 0.274626 0.240682 0.125291 0.0953183 0.08442 0.0512754 0.0464794 0.0449882 0.0432326 0.107139 0.0606899
threshold=0 1 2 3 4 5 6 7 0.43873050000000008 1.0000000180025095e-35 6090.5000000000009 4.5000000000000009 8 9
decision_type=9 9 1 9 9 9 9 9 8 2 2 2 9 9
left_child=-1 10 3 -3 -4 -5 -6 -7 -9 -10 -2 12 -8 -13
right_child=1 2 4 5 6 7 11 8 9 -11 -12 13 -14 -15
leaf_value=0.001379720007705737 -0.002662042227033078 0.0010791209101500873 -0.0011729695863454338 0.00056672352664868179 -0.00047020289737154255 0.00028833994424910076 -0.0010435910035447883 -0.00010003259864582731 -0.0020897620142995271 -0.00022081066729730343 -0.00028039524777908969 -0.00034675248545420589 0.00091877025656512859 0.0014057929384928846
leaf_weight=39.726850368559724 17.883483916229448 22.603333838605863 19.217661413413477 13.393737103185595 15.63658430083469 13.547170517799993 5.0453287449849817 7.5508811625917494 55.647930266006028 7.2217312269425369 5.1661509921195998 9.2096259473101032 10.198272904901261 64.323985868467886
leaf_count=129913 68991 55233 51458 41826 42748 33279 9787 41062 299630 39584 11092 22646 50142 324194
internal_value=0 -0.00027961 -5.79426e-05 -0.00048748 0.000366504 -0.000946688 0.000761597 -0.0012374 -0.00153001 -0.00190716 -0.0016759 0.00101516 0.000110272 0.00131305
internal_weight=0 266.646 243.596 119.965 123.631 97.3615 104.414 83.9677 70.4205 62.8697 23.0496 88.7772 15.2436 73.5336
internal_count=1221585 1091672 1011589 510614 500975 455381 449517 413555 380276 339214 80083 406769 59929 346840
cat_boundaries=0 23 45 46 69 92 113 136 159 182 204
cat_threshold=2097280 2 1312 2147483648 16 128 0 16384 0 65536 16842882 6561808 0 167772160 1 0 33554432 33554432 83886080 0 10485760 64 131074 0 0 131072 32784 4194304 8388640 0 34635784 2097152 2625536 67141632 268435456 1074790400 16 262144 4 16777216 92274688 2112 4194304 128 67108896 9 33554432 134217728 134481993 268439554 17056000 0 1048576 262144 268435456 128 0 32768 0 0 0 0 8192 268435456 270532608 134348800 0 0 114785 2048 134217732 134481929 0 16793600 65536 9568256 2 0 131200 8 163840 0 0 0 2 0 268451840 268435456 328 2415919104 0 16449 265216 0 2164260864 67108864 0 268701696 8912896 134225920 536870914 2 2281841664 656384 0 0 16 1048576 1073741828 2048 0 524288 2147549184 134217728 0 16777280 8454146 328704 8 0 270592 536870914 32 2147622912 1280 0 0 0 9699336 270340 0 0 134217728 2 0 65568 134217728 4 536875008 41943044 32 0 2 0 1052672 16384 262148 0 0 17830280 536936448 0 0 32768 536870928 0 805306368 805306368 270592 33554496 96 4608 335544320 276826144 0 8 65536 0 16384 4194304 524292 0 1074266112 1296 0 67108864 536870912 0 2097156 1310720 8389120 256 0 1107296272 536870912 65 2 1310720 524288 0 335548416 3 0 0 524288 17825792 65536 2097152 1074790408 2050 32 16777216 0 805863426
is_linear=0
shrinkage=0.02


Tree=123
num_leaves=15
num_cat=8
split_feature=52 43 43 4 43 43 43 43 21 23 26 43 30 17
split_gain=0.174861 0.199057 0.165092 0.104105 0.123446 0.102882 0.0874699 0.0622968 0.0544018 0.0519017 0.0512164 0.0503893 0.0398387 0.0409864
threshold=0 1 2 1.5000000000000002 3 4 5 6 0.16306850000000003 0.33764350000000004 0.41915500000000006 7 0.17526950000000002 93.15000000000002
decision_type=1 9 9 2 9 9 9 9 8 10 10 9 8 2
left_child=2 10 8 4 12 -5 -4 -6 -1 -7 -2 -8 13 -3
right_child=1 3 6 5 7 9 11 -9 -10 -11 -12 -13 -14 -15
leaf_value=0.00081978940932695018 -0.00051210218255834546 0.001895792659925207 -0.00054771246667387869 0.00064186749962580813 0.00040328415618009447 0.0001471023661944679 -0.0003172132126334936 -0.00099447012834106966 -0.0015407426904942418 -0.0026930533922063273 0.0015307142882187189 0.001023118834170951 -0.00021279002448961506 -0.00052183092402438092
leaf_weight=1.4448447594240674 3.5062093037700413 10.464875072938383 12.756350718572305 5.4562079506741741 11.278149837401228 2.2699445168794723 11.181406854167756 66.726356072274626 18.27581971713537 24.583872478115723 20.182760748839527 111.36967527977167 5.6669056648547391 1.1881444584350322
leaf_count=10720 10110 39342 51568 17733 33547 12704 39581 304265 53545 103745 74981 450495 14624 4625
internal_value=0 -0.000469792 0.000442309 -0.000787531 -0.000467061 -0.00175479 0.000703782 -0.000759929 -0.000880704 -0.001878 0.000883755 0.000879572 0.000736983 0.00156662
internal_weight=0 151.323 155.028 127.634 95.3244 32.31 135.307 78.0045 19.7207 26.8538 23.689 122.551 17.3199 11.653
internal_count=1221585 615676 605909 530585 396403 134182 541644 337812 64265 116449 85091 490076 58591 43967
cat_boundaries=0 1 24 47 70 93 114 136 159
cat_threshold=6 37748736 537003012 4615 2147484160 512 8192 1073742080 33685504 167772161 536870912 134218000 2147483648 0 134218240 16 0 0 0 32768 0 0 0 2048 536870912 537001984 134221834 268705792 576 134217856 16777216 33685504 536870916 536879104 167772160 2415919104 0 33554432 0 134217728 0 0 32768 2101248 0 0 40 2147483904 86016 131152 268439680 8208 134217744 9 0 536870976 262144 570425348 0 16 0 16384 16384 0 131072 0 524296 0 64 262152 554172416 16809984 134217728 10485760 64 71319552 16777216 0 1074036736 0 4096 0 4096 33685504 0 0 33554688 2281701376 32 0 8389632 0 2147485200 524288 0 4 2158493696 2684358656 2147484176 8192 2113536 268697600 514 2048 524288 0 134217728 24624 0 2147483648 1140852736 131072 0 4 0 33554472 0 1075840000 4128 0 2483027968 260 4 33554432 2048 2162688 0 71303172 2147487744 16777216 33554432 67110912 256 4096 0 896 33554432 50331652 131072 512 524288 8 67108864 1073741824 134219024 64 17564672 134217728 32768 269561856 268435456 0 16777216 0 33554944 0 4096 0 262144
is_linear=0
shrinkage=0.02


Tree=124
num_leaves=15
num_cat=13
split_feature=42 43 42 42 43 43 42 42 43 4 42 43 43 43
split_gain=0.306771 0.205973 0.151164 0.13149 0.142624 0.0969182 0.124904 0.11556 0.106631 0.106229 0.122595 0.128578 0.116335 0.0912807
threshold=0 1 2 3 4 5 6 7 8 1.5000000000000002 9 10 11 12
decision_type=9 9 9 9 9 9 9 9 9 2 9 9 9 9
left_child=13 2 -2 4 -3 7 8 -5 -7 10 -8 -12 -11 -1
right_child=1 3 -4 5 -6 6 9 -9 -10 12 11 -13 -14 -15
leaf_value=-0.00068307114130258502 -0.00094021594425293831 0.00084681686532317034 0.0014419016184139665 -0.0008800689140921799 -0.0019807912895472481 -0.00083733445953327516 0.00063677278380249076 0.0010840509641364014 0.0012123050596556744 0.00077733333736350752 0.00075361039541043512 -0.0010434286591846662 -0.0017240932203832977 0.0017727138226798598
leaf_weight=4.1071933792952233 5.5187987491993216 4.5059135431168844 30.729907586059017 5.892932826676863 29.271961349562378 4.7376365380610954 26.161556477891754 27.969099756422658 19.485378338708589 4.4305496451032154 10.926444749660018 66.912960346736469 31.851563869064631 33.841405128145809
leaf_count=10733 12730 10245 102360 12884 96159 11511 66520 98336 66839 10249 42677 401126 166473 112743
internal_value=0 -0.000269766 0.000910187 -0.00049807 -0.00145918 -0.000243338 -0.000446302 0.000577002 0.000644514 -0.00067872 -0.000364413 -0.000710171 -0.00159082 0.00138871
internal_weight=0 268.395 36.2487 232.146 33.7779 198.368 164.506 33.862 24.223 140.283 104.001 77.8394 36.2821 37.9486
internal_count=1221585 1098109 115090 983019 106404 876615 765395 111220 78350 687045 510323 443803 176722 123476
cat_boundaries=0 23 47 68 90 112 134 157 180 204 227 250 274 297
cat_threshold=2097280 32768 1312 0 16777232 128 0 4096 0 65536 16842882 6561808 0 167772160 1 131072 33554432 0 83886080 0 10485760 0 131136 2147483648 1074791456 513 4096 65536 8192 256 256 167772225 0 276 65536 4096 4194816 69632 2147483648 0 0 0 0 0 5243392 2064 33554432 64 320 0 12615680 1073741824 8406016 128 0 0 128 67797000 131073 4112 2625536 262144 0 4128 50331648 64 32768 536870912 0 134217728 8 16 12583936 32 0 34635776 67108864 2621440 0 268435456 1048576 2147483664 2147483648 4 16777216 75497472 1050688 136314880 128 67633184 0 131084 20 1084227584 131072 4194304 0 135168 128 302252032 136839168 4096 0 131332 0 4096 1082130432 67108864 160 0 1073741824 1152 134217728 587235328 0 33554432 33562656 0 1073807368 37748738 1074012160 0 4160 128 20979712 134217792 0 16779264 0 134217728 256 268435456 0 67108864 33555456 256 268436032 4198402 1310720 16384 0 136314944 4098 1073758272 524288 32768 0 8 536871936 0 0 33589248 2097152 32768 536870912 0 2 0 8208 4160 268500992 1048576 16384 131072 134217736 4098 1073745920 4722688 2147516416 0 0 1024 0 67371008 536887296 0 268435456 536903682 512 65536 0 134217728 2228224 3221496836 163856 4194432 16777216 0 256 262144 35127296 524288 512 1 8192 0 4224 2048 512 0 0 64 2147745792 134217728 0 1120 134217728 2415919105 67108896 0 0 65536 805306368 129 134348800 16777216 4112 2101248 0 0 4096 536870912 0 524288 1081346 805569024 1 33554688 86016 64 3221226500 4096 0 131072 0 0 16 1050624 2097184 512 0 0 0 1052800 393216 1180160 524360 0 0 17305600 16777216 0 0 8388608 1073741888 4194304 134348832 0 4 0 134217728 4096 544 131328 0 1024 1074790656 268451840 524832 0 1024 0 1600 134226946 2147483648 553648128 16 570425344 4096 520 0 256 134291728 268435456 17563648 0 1052672 256 0 2164260864 0 1207959552 128 0 0 5242880 16777280
is_linear=0
shrinkage=0.02


Tree=125
num_leaves=15
num_cat=4
split_feature=52 20 1 44 45 23 4 21 45 2 2 29 29 36
split_gain=0.168506 0.140508 0.118473 0.0843632 0.088754 0.0795895 0.0652767 0.0635488 0.062156 0.0503164 0.0485848 0.047539 0.0399356 0.0398502
threshold=0 0.50589050000000013 4.5000000000000009 1 2 0.33764350000000004 1.5000000000000002 0.3548980000000001 3 2.5000000000000004 1.5000000000000002 0.14090100000000003 0.17157300000000003 0.42615400000000003
decision_type=1 10 2 9 9 10 2 8 9 2 2 10 10 10
left_child=1 10 8 4 11 -3 -7 12 -2 -6 -1 -4 13 -5
right_child=2 5 3 7 9 6 -8 -9 -10 -11 -12 -13 -14 -15
leaf_value=2.9492187610828631e-05 0.00048317087264745771 0.0011684521163608606 -0.00015156073406175002 0.0018218331307339119 0.0003219714043136733 7.6046032366295472e-05 -0.0011117988856724627 -0.00085377637257769623 -0.0010219635311048464 -0.0011038741599731364 -0.0015074915818331842 0.0014748813834493401 0.00042245255519909641 -0.00026282039425038232
leaf_weight=9.6279001500204497 9.1552269201423737 13.648825917414966 9.3677240012699681 43.960999438990179 12.28678457685997 62.244414058255821 20.997978237527896 2.1733765581070648 16.999286869316432 23.710311763156511 44.790530907961184 17.153896039408917 17.507108381280837 2.7015679940580091
leaf_count=27467 31514 73748 56384 180346 45889 283939 97926 3831 56290 93169 132596 56208 68202 14076
internal_value=0 -0.000460755 0.000434649 0.000709153 5.63743e-05 -1.96346e-05 -0.000269608 0.00111329 -0.000675055 -0.000512318 -0.00125596 0.00073448 0.00139776 0.00168739
internal_weight=0 151.31 155.016 128.862 62.5187 96.8912 83.2424 66.3431 26.1545 35.9971 54.4184 26.5216 64.1697 46.6626
internal_count=1221585 615676 605909 518105 251650 455613 381865 266455 87804 139058 160063 112592 262624 194422
cat_boundaries=0 1 2 3 4
cat_threshold=9 868 418 89
is_linear=0
shrinkage=0.02


Tree=126
num_leaves=15
num_cat=14
split_feature=42 42 43 42 43 42 43 43 42 43 42 43 43 42
split_gain=0.277388 0.189898 0.159051 0.176098 0.121948 0.107418 0.106303 0.102804 0.0820506 0.0775773 0.074321 0.0999511 0.087174 0.0982724
threshold=0 1 2 3 4 5 6 7 8 9 10 11 12 13
decision_type=9 9 9 9 9 9 9 9 9 9 9 9 9 9
left_child=4 7 3 -3 -1 9 8 -2 -7 -4 11 -8 13 -12
right_child=1 2 5 -5 -6 6 10 -9 -10 -11 12 -13 -14 -15
leaf_value=-0.00072615896249842435 0.000816044722449943 0.00092850337302255806 0.00069707717433263334 -0.0016264550374605988 0.0016394191069050612 0.00077039438526992435 0.00087718563746415378 -0.0021773103351067102 -0.0011170614268241174 -0.0012913758354828175 0.00082409750667509509 -0.0011263752410249938 0.00089577576798013437 -0.0012321519610117657
leaf_weight=5.9923116203220292 2.8213337174280433 6.696716518387019 3.5950765224024153 31.442903719587292 39.144546653206007 3.4327911899274097 3.945629647463277 19.152223569170161 20.113061996477096 18.853142112181008 4.2141666963374762 13.108483849072035 123.95982673506029 9.8424816910425079
leaf_count=16665 6064 18237 7995 125710 132280 8236 7991 57812 75622 67561 9143 40509 597946 49814
internal_value=0 -0.000276369 -6.4948e-05 -0.00104238 0.00122258 0.000179954 0.000359663 -0.00161783 -0.000649173 -0.000821265 0.00055659 -0.000469265 0.000716926 -0.000508502
internal_weight=0 261.178 239.204 38.1396 45.1369 201.065 178.616 21.9736 23.5459 22.4482 155.071 17.0541 138.016 14.0566
internal_count=1221585 1072640 1008764 143947 148945 864817 789261 63876 83858 75556 705403 48500 656903 58957
cat_boundaries=0 23 45 69 92 116 138 162 186 209 233 256 280 304 327
cat_threshold=2097280 2 67112192 0 16 128 2 20480 0 65536 16842880 6553616 67108864 167772160 1 0 33554432 0 83886080 134217728 10485760 64 131072 0 0 131072 32784 0 8388640 0 34635776 2097152 2621440 67141632 268435456 1074790400 0 262144 4 16777216 360710144 2112 4194304 128 67109408 32 134234121 136314880 336896 67108864 16 8192 2097152 268435456 32 33816576 3355443200 32768 268435456 8192 134283264 0 2048 0 2101248 0 0 262144 262144 0 0 419430944 2147487744 286848 0 0 134545408 0 0 4096 16811008 16 2101248 536871952 0 266240 16384 0 32768 0 537395200 32769 2684358656 553779200 0 1082130432 16777376 134217736 0 0 65872 268435456 17301512 524288 4194320 2147483648 0 553648128 2147483904 0 32768 0 0 0 524288 134217728 0 32 134225928 65536 128 82952 0 258 16 4096 4104 0 16 0 1024 262154 262152 16384 32 18874628 0 557058 528384 16781312 135170 537395200 135168 0 16777728 131072 16 8194 4096 268437504 0 2147549188 0 536875008 8 1073741824 33408 0 0 0 128 1024 33554432 16392 134218240 2149646464 16 0 67108864 4096 134217728 0 0 1073747968 4096 0 4096 4096 1073750016 1073741824 557344 0 1073741824 1050112 2048 67108864 0 256 0 4 84934656 0 8388608 0 655360 1073872896 131076 17301509 0 67113024 536870912 1179648 524292 536870976 0 1088 2147483648 0 69 4194304 17960960 2 2097152 268566528 0 1073742337 131072 1107304448 268435456 256 0 8224 134234116 0 2147483648 256 134217728 512 0 0 0 2064 33562624 0 1073742080 0 8388672 1140916224 0 196608 67108872 0 32800 12582912 2147484677 524288 2150105088 536870912 3145728 4 524288 0 32840 0 0 1 541065216 1073774592 0 33554432 33620096 0 131360 2 536879168 262144 2060 128 0 64 16 0 4096 0 131072 268435456 0 1077936128 530432 201326592 4194304 0 0 2147483780 536871040 2147483648 1 1073745920 536870912 268435968 66560 32768 1048576 798720 0 268435456 2147487744 0 4325376 0 268435456 1073741824 1074270208 134217728 1024 167804952 2147483648 335544322 1051648 1048576 0 65536 4096 0 2147483648 0 0 0 16777344 0 32 570425344 32768 0 806387712 268697600 65632
is_linear=0
shrinkage=0.02


Tree=127
num_leaves=15
num_cat=14
split_feature=42 42 43 42 43 42 43 43 42 42 43 43 42 43
split_gain=0.290604 0.198269 0.166243 0.127608 0.0995589 0.0858754 0.126502 0.122906 0.109651 0.0830335 0.109785 0.0961783 0.0886706 0.0811504
threshold=0 1 2 3 4 5 6 7 8 9 10 11 12 13
decision_type=9 9 9 9 9 9 9 9 9 9 9 9 9 9
left_child=4 13 3 -3 -1 6 -4 8 -7 10 -9 12 -11 -2
right_child=1 2 5 -5 -6 7 -8 9 -10 11 -12 -13 -14 -15
leaf_value=-0.00073378089775831079 0.00073723572261348699 -0.00074966508373978838 -0.00097575294279983764 0.0014057624079971728 0.0017209258181810287 -0.00085761887865892241 0.001298569184834994 -0.00095042178504332843 0.0013740165299480477 -0.00083959915990261015 0.0011081717324558694 -0.00098884086132986914 0.0010961422443662176 -0.0021214325801330253
leaf_weight=3.942325716001204 2.7625516747988317 7.4348659365958847 3.6960992279695901 33.725869751992171 34.900081980098037 3.7623450612561511 16.918503469251508 3.843657197376571 14.983584532584947 3.3240892112503158 14.61171429199735 130.01808351052614 12.298811429448312 20.074773841753906
leaf_count=11911 6974 17312 8870 117479 111514 8908 54964 11573 53625 8107 59319 626415 54711 69903
internal_value=0 -0.000266515 -5.37903e-05 0.000920187 0.00133677 -0.000300486 0.000651576 -0.000449089 0.000744001 -0.000636282 0.000445532 -0.00080217 0.000474759 -0.00162045
internal_weight=0 267.455 244.618 41.1607 38.8424 203.457 20.6146 182.842 18.7459 164.096 18.4554 145.641 15.6229 22.8373
internal_count=1221585 1098160 1021283 134791 123425 886492 63834 822658 62533 760125 70892 689233 62818 76877
cat_boundaries=0 23 45 69 91 113 135 159 181 204 227 250 274 297 321
cat_threshold=2097280 0 265504 0 16777232 128 0 16384 268435456 65536 16842882 6561792 0 167772160 1 0 33554432 33554432 83886080 131072 10485760 0 131072 0 0 131072 32784 0 8388640 0 34635784 2097152 2625536 67141632 268435456 1074790400 16 262144 4 16777216 92274688 1050688 4194304 128 67108896 0 1611694080 528 33559040 65536 16384 296 256 33562688 0 2097428 0 4096 4194816 0 2147483648 0 134217728 0 268435456 4 0 2064 33554432 33554496 134218080 512 2 1073741824 17408 9437184 67115008 536870912 3221225472 524296 2147483653 16 0 0 0 264224 0 2147483648 0 269484032 512 4096 553652224 16 2181038080 4160 138412552 0 256 8452 268435520 2883584 2621472 0 16640 0 2164260864 2147483648 0 524288 0 0 1024 33555456 32768 576 4098 8 4096 0 136318976 0 1073741824 134742016 32768 4608 4136 536870912 0 6176 32833 2097152 0 1048576 536870976 16777728 16846849 2097160 3221225600 131152 16 131072 0 16 268435456 68157440 0 2 0 0 151001088 4224 2048 288 0 0 0 0 201326592 0 16781344 0 3221225472 64 8192 131072 4194310 1073774592 268435456 537919488 128 0 134348804 2147549184 16779264 1052672 262144 256 8 0 71303424 64 0 2415931392 2147549184 8651776 16384 0 262400 4096 131202 1024 256 0 2215641088 2147484672 0 8 524288 32768 524288 2 512 16385 0 0 268439680 2151677952 401408 268566528 4160 64 655360 2147500162 0 16777216 16 2097152 1040 0 786432 1050624 32784 1024 0 0 1 134218240 33570824 524288 1024 1074266112 4194436 268435456 2101248 536870912 8192 33816576 524288 32768 524352 8192 536870912 1152 0 640 0 0 1073741840 524288 16777728 33685508 0 536870912 1073872896 4194306 0 134348800 0 262208 67108928 2101248 4194848 320 0 0 1082131584 16384 0 0 1073741824 1073742336 0 8192 264192 66 2147483656 67633152 1048834 1048576 512 256 536870912 0 2147483648 1040 0 1073741824 0 131072 1073741888 805830656 33554432 18874376 2147483650 0 8192 34078720 16392 512 1075905536 67108880 0 0 4096 134217729 268435456 0 1073809408 4096 4194304 4096 4096 8192 67108864 32800 0 1073741824 1049216 2048 67108864
is_linear=0
shrinkage=0.02


Tree=128
num_leaves=15
num_cat=14
split_feature=42 42 43 42 43 43 42 42 43 43 43 42 42 43
split_gain=0.2725 0.188899 0.149185 0.188603 0.133286 0.102198 0.143216 0.121449 0.100748 0.0954651 0.0951427 0.077119 0.0565302 0.0649035
threshold=0 1 2 3 4 5 6 7 8 9 10 11 12 13
decision_type=9 9 9 9 9 9 9 9 9 9 9 9 9 9
left_child=10 4 3 -3 -2 7 8 -4 -7 11 -1 -8 13 -11
right_child=1 2 5 -5 -6 6 9 -9 -10 12 -12 -13 -14 -15
leaf_value=0.00076831250834766718 -0.00081115980331138843 0.00095470931146834329 0.00085144196820029325 -0.0015993750319986577 0.0016591036011343681 0.00076725651802117426 0.00074280719324080796 -0.0012590475250747009 -0.001393429006846286 0.00074896047303023153 -0.0021671975083666552 -0.0011869573504644272 0.00092237055736553203 -0.00094801026358871769
leaf_weight=3.0485323873094838 5.2673918463803622 7.3948301084202823 5.8122214008463509 31.844540053081449 37.447822837149111 4.4456548988758069 3.1339008884786734 23.68670938333003 17.090481193640446 2.5941469584149361 19.321789185286566 11.237019327534094 124.60253967938169 9.3525626783309974
leaf_count=6446 15321 20564 12128 123017 122504 11596 6687 90477 61482 7044 65308 42259 601509 35243
internal_value=0 0.000192147 -5.12952e-05 -0.000987132 0.00122284 0.000186213 0.000380824 -0.000696376 -0.000815521 0.000609835 -0.00161934 -0.000601691 0.000784274 -0.000367732
internal_weight=0 283.91 241.195 39.2394 42.7152 201.955 172.456 29.4989 21.5361 150.92 22.3703 14.3709 136.549 11.9467
internal_count=1221585 1149831 1012006 143581 137825 868425 765820 102605 73078 692742 71754 48946 643796 42287
cat_boundaries=0 22 45 69 92 116 139 161 184 207 230 254 277 299 322
cat_threshold=0 0 139264 32784 0 8388640 128 34635784 2097152 2621440 67141632 268435456 1074790400 2147483648 262144 4 16777216 92274688 2112 4194304 128 67108896 2097280 2 2214593792 0 0 0 2 0 0 65600 16842882 6553616 0 167772160 1 131072 33554432 0 83886080 0 10518528 0 131138 0 134283265 2097154 73728 67108992 0 8192 0 805306624 16 33816576 2281701376 32768 2416443392 8192 134283264 0 2048 512 2101248 0 0 128 134479872 0 1073741824 419434528 2151682048 264322 0 0 134287360 524288 2147487744 0 557060 0 67633152 1024 1048576 266240 16384 0 32768 2 0 1 2148007936 16777216 0 8388608 16777376 138428936 65536 256 65552 0 17567744 524320 4194816 256 0 0 256 0 0 0 0 68157440 2148007952 8192 4128 16392 4104 2360320 2147483664 2147483780 134217728 2097152 0 8226 0 1342179328 0 0 0 536875008 2147487752 2147483648 128 0 0 1073741824 262176 0 20 8 524288 2178 82944 131072 2 16 4096 4722696 2147483648 16 1074266112 1024 1048584 262144 16384 2147483648 4 2 524800 33816576 33588224 262656 268435456 0 1064960 0 134219776 268435456 129 4194304 1 0 1074270208 1024 8388608 524288 0 0 134348800 0 268960320 335872 512 1611694080 0 2147483648 268599840 16384 513 131328 8192 805306368 268439616 0 1048592 4 0 2147485696 0 0 32 0 1073741824 16 524304 0 0 16 2147483648 554304000 1073745936 513 1073745920 128 268435968 65536 524288 18 33632260 0 268435456 0 1073741824 4194336 0 1073741824 0 1073741824 33554432 0 512 3223323648 16 0 65536 4096 134217728 0 134217732 1074792448 4096 0 0 4096 1073750016 1073741824 557472 0 1073741824 1050240 2048 67108864 1024 32 0 2147483652 75505920 128 8389128 4160 131072 2 4 16777216 0 16 2147483664 0 2144 0 268435456 134774784 2684354560 1048576 16384 0 288 0 4259904 1073741824 0 65544 67112980 524288 8 8388608 256 524288 2097152 2147483648 2097154 524364 0 32 268468296 1048576 2 570949632 17825792 0 41943040 33562624 8704 1358954752 2052 262144 0 2622476 0 8192 0 0 16779264 128 0 0 0 0 67108880 4112
is_linear=0
shrinkage=0.02


Tree=129
num_leaves=15
num_cat=7
split_feature=43 4 43 25 43 43 43 43 1 26 35 43 28 19
split_gain=0.158714 0.114504 0.112123 0.0887277 0.150322 0.116589 0.0825816 0.0668875 0.0659453 0.0584547 0.0433448 0.0416674 0.0352538 0.0382988
threshold=0 2.5000000000000004 1 0.46485050000000006 2 3 4 5 4.5000000000000009 0.36014700000000005 0.63655550000000016 6 0.055815200000000002 8258.5000000000018
decision_type=9 2 9 8 9 9 9 9 2 8 10 9 10 2
left_child=8 2 -2 4 10 -5 -3 -6 -1 -10 -4 -7 -9 -14
right_child=1 6 3 5 7 11 -8 12 9 -11 -12 -13 13 -15
leaf_value=-0.00038466139219847184 -0.00089209319038928458 0.00069944447405252989 0.0019956595791122715 -0.00067742643651091939 0.00052259854481303148 -0.00036940591717849581 -0.0015714257754454964 0.00034775987565291926 -0.00074139422343658839 0.0015510631848156551 -0.00045534158606720063 0.00081398068476117426 -0.0015569421375802362 0.00016823806040939461
leaf_weight=8.3130721350164034 39.197365345410653 3.4246285372267362 9.9218362648626801 20.619964088350219 7.3784544128714522 9.1633288523290553 18.099502104618526 3.2096400588425942 2.0334549848662298 38.07701571296937 1.5832306580192295 97.769895637355674 42.731076809284481 4.7405342976728511
leaf_count=20495 135468 9901 28341 84083 20409 43847 81096 14657 4488 113894 6615 487517 165523 5251
internal_value=0 -0.000220216 -8.68455e-05 0.000129135 -0.000420367 0.000443117 -0.00147512 -0.000795594 0.000890515 0.00136555 0.00101042 0.000679605 -0.00106303 -0.00138505
internal_weight=0 257.839 236.315 197.118 69.5648 127.553 21.5241 58.0597 48.4235 40.1105 11.5051 106.933 50.6813 47.4716
internal_count=1221585 1082708 991711 856243 240796 615447 90997 205840 138877 118382 34956 531364 185431 170774
cat_boundaries=0 24 48 70 93 117 140 163
cat_threshold=4194304 1073742848 517 4224 65536 8192 1073742088 0 33554433 0 276 65536 12288 4194884 65536 2147483648 0 0 0 0 1073741824 128 2048 100663296 536875008 150994944 524296 270336 0 4096 8192 0 268435712 8224 34340864 402653184 32768 2415919104 8192 671088640 2147483648 0 0 2097152 0 1073741824 2147483680 134479872 50332160 131105 64 33554432 4128 516 196608 33558786 192 262144 268435456 540672 0 131072 4096 2048 33562624 0 0 524288 0 768 16777728 33 2097152 4 33376 2147484180 0 135424 0 0 1024 530464 0 256 0 268435456 8200 2048 131072 4096 0 0 1074790528 553648640 16777216 0 1073741824 512 67108866 0 131072 134217728 33554432 4096 6144 4227088 134217984 0 0 1024 67108864 557312 0 0 1140850688 2147485248 270336 0 8 0 1028 16949312 67108864 83886080 131072 0 256 135267328 1054848 32 0 2147483664 1024 8388608 0 0 268443712 1024 16 1152 0 0 0 33554432 4096 1073741826 16842752 1073741824 536936448 512 419495936 1074806784 0 134414336 0 2048 33555584 3288334336 33587200 0 4096 1024 1024
is_linear=0
shrinkage=0.02


Tree=130
num_leaves=15
num_cat=2
split_feature=52 4 21 1 44 27 40 38 35 24 20 2 36 27
split_gain=0.16234 0.12971 0.122438 0.112916 0.0796304 0.0574398 0.0501843 0.0485276 0.0458338 0.0433934 0.0346246 0.0445672 0.0366028 0.0336011
threshold=0 2.5000000000000004 0.25256050000000002 4.5000000000000009 1 0.5715690000000001 0.049982700000000005 0.28839006892200009 0.43873050000000008 0.42336350000000006 0.51265900000000009 1.5000000000000002 0.21725500000000003 0.5187750000000001
decision_type=1 2 8 2 9 8 10 10 8 8 10 2 8 8
left_child=1 2 5 7 -5 9 -7 -2 -4 -1 11 -10 -13 -11
right_child=3 -3 8 4 -6 6 -8 -9 10 13 -12 12 -14 -15
leaf_value=-0.00098000708109635399 -0.0011388055691738106 -0.0021336773290567897 0.0004492689670989174 0.0015968429360164065 0.0003222015721905979 0.0012730276804167348 -0.00056772395261308619 0.00046454540762246222 2.8610681109512163e-05 0.00052426944975593264 0.00022322383138884114 -0.00017364170953576029 -0.0019984944464686914 -0.00040734709739031572
leaf_weight=13.877922972560054 18.302292936337231 12.123421275189427 4.8086644236588487 17.410397479136115 111.42098833696545 20.121643952620907 4.5762152303984562 7.8474233958729469 6.9275852844504859 30.601381161814629 4.4039220592196733 6.346704884102933 24.810335485340492 22.676478279214223
leaf_count=65188 44576 49856 10322 69176 448929 131680 27980 43228 16115 113672 14953 16383 63113 106414
internal_value=0 -0.000455877 -0.000272386 0.000423099 0.000691074 0.000159356 0.000893798 -0.000660313 -0.00104592 -0.000153968 -0.00124463 -0.00142057 -0.00170219 0.00012682
internal_weight=0 151.274 139.151 154.981 128.831 91.8536 24.6979 26.1497 47.2972 67.1558 42.4885 38.0846 31.157 53.2779
internal_count=1221585 615676 565820 605909 518105 444934 159660 87804 120886 285274 110564 95611 79496 220086
cat_boundaries=0 1 2
cat_threshold=9 2
is_linear=0
shrinkage=0.02


Tree=131
num_leaves=15
num_cat=14
split_feature=42 42 43 42 43 43 51 43 42 42 43 42 43 42
split_gain=0.255739 0.182038 0.144937 0.148133 0.112771 0.106138 0.101182 0.198875 0.173384 0.135735 0.145644 0.102346 0.0809601 0.0778209
threshold=0 1 2 3 4 5 6 7 8 9 10 11 12 13
decision_type=9 9 9 9 9 9 1 9 9 9 9 9 9 9
left_child=5 4 3 -3 -2 -1 9 -8 -9 12 11 -11 -4 -12
right_child=1 2 6 -5 -6 -7 7 8 -10 10 13 -13 -14 -15
leaf_value=-0.00072437765691643066 0.00080851350834510523 -0.00089665537030050901 0.00071247719842896867 0.0014002654508539895 -0.0020535172030796086 0.0017409905629732051 0.0009594666653686293 0.00074795496239452725 -0.0016971280712900941 0.0008211685541869196 -0.00055205658542445575 -0.0013951939978881689 -0.0015406504941653262 0.00091400727316503496
leaf_weight=4.5403342886126117 3.3838939864275068 6.3595365318473887 3.1091997702154854 33.350895834031313 21.333285982202813 30.832861643228753 11.21636954498884 9.3970013215585695 51.587811831823657 3.5569122265570678 10.11650132105321 16.573126873665665 16.925949735757083 83.962118970801654
leaf_count=11108 9176 14432 7701 107078 73468 95871 34714 25733 257630 8285 37715 64505 48001 426168
internal_value=0 -0.000242458 -3.66248e-05 0.000887435 -0.00150432 0.00130307 -0.000262443 -0.000798228 -0.00124709 7.69864e-05 0.000369744 -0.000820161 -0.00103566 0.000702121
internal_weight=0 270.873 246.155 39.7104 24.7172 35.3732 206.445 72.2012 60.9848 134.244 114.209 20.13 20.0351 94.0786
internal_count=1221585 1114606 1031962 121510 82644 106979 910452 318077 283363 592375 536673 72790 55702 463883
cat_boundaries=0 23 45 69 92 116 139 140 163 186 209 233 255 278 301
cat_threshold=2097280 0 3328 0 16777216 128 0 4096 0 65536 16842880 6553616 0 167772160 1 0 33554432 0 83886080 0 10485760 0 163842 0 0 131072 32784 4259840 8388640 0 34635784 2097152 2621440 67141632 268435456 1074790400 16 262144 4 16777216 360710144 1050688 0 128 32 0 1611695104 513 512 65536 16384 264 256 262208 0 2097492 0 8192 4194816 0 2164260864 0 134217728 0 0 1024 4194304 2064 33562624 33554432 33056 4160 67108864 1073872896 17408 512 134217728 0 32 8917000 2147483653 0 2621440 0 262144 268288 524288 0 0 268435456 536871424 1 34078720 16392 512 65664 67108880 2097152 0 135168 1 0 1052672 67584 4096 4194304 4096 4096 1107296256 67108864 33024 0 1073741824 1664 2048 33554432 16777216 553648128 24 578813952 64 134218248 0 256 65808 0 17563656 2621440 4194304 2147483648 0 2164260864 0 134217728 0 0 0 5242880 524368 567 16777216 16777216 4 41947136 131168 71303168 1342177920 0 33628160 0 4104 4096 4194304 131392 0 1024 1073741824 0 32 0 1073741824 272 64 1024 0 2415923264 67174400 16 8 0 16448 4096 2147487744 524292 1024 0 256 1168 8388608 0 32768 268435456 163840 537919488 0 65541 1024 24 2415919104 589824 1024 8 0 278786 4096 2147487744 4194308 256 0 0 2147483776 0 1140850752 16384 2147483648 131072 0 67633152 82176 553648128 0 2097154 42016768 2147483664 2147487744 512 2097152 268435456 0 266248 2415919104 0 33554688 8192 134283264 0 0 544 2097152 0 0 672 262144 0 33554436 0 2151677956 1073741826 1073741824 10 65536 0 32 655360 32768 4112 67108864 536871936 1179648 2048 64 0 557120 0 1343552 2147484160 134348833 64 8388740 268435456 4 83886080 2099200 1073741840 0 0 2281766912 1048594 0 69632 65536 524544 0 0 0 0 1048576 520 0 4 8200 64 1073741970 1073741824 262216 0 16 32 8912896 0 16 2214592512 0 2 0 0 268435488 18972740 2148532224 32768 262144
is_linear=0
shrinkage=0.02


Tree=132
num_leaves=15
num_cat=10
split_feature=42 42 52 42 42 42 42 42 4 42 42 19 29 37
split_gain=0.257227 0.179779 0.100122 0.258443 0.243773 0.121552 0.0987749 0.0681269 0.0610313 0.142654 0.0536787 0.0403965 0.0484985 0.0384739
threshold=0 1 2 3 4 5 6 7 1.5000000000000002 8 9 6090.5000000000009 0.26166550000000005 0.0023654650000000002
decision_type=9 9 1 9 9 9 9 9 2 9 9 2 10 10
left_child=11 -2 3 -3 -4 -5 -6 -7 9 -9 -8 12 13 -1
right_child=1 2 4 5 6 7 10 8 -10 -11 -12 -13 -14 -15
leaf_value=0.00011298254679836995 0.0013188232455168419 0.001101016028950193 -0.0011956940087453321 0.00056784369685203837 -0.00048485369347621633 0.00034295616826916591 -0.00025612638479740013 0.00057703176543797796 -0.0024606047245038778 -0.0014040188417830826 0.001196149652700425 -0.00010156422801616836 0.00042989806044618447 -0.0028943593567325632
leaf_weight=1.4522539883261583 32.223821517411523 22.600777159394273 19.481736948019343 14.531218672203975 16.319907001073059 10.718983424045911 12.653968606995001 14.239520573132223 19.221187278669156 42.7124402331063 79.379158929153803 3.7731778537544605 0.82093053813476657 16.100204626529028
leaf_count=3428 104372 56668 58352 44759 41356 32257 37338 41285 99015 253043 383206 5152 1378 59976
internal_value=0 0.000183581 -2.76319e-05 -0.000408327 0.000345809 -0.000843185 0.000734665 -0.00112801 -0.00135737 -0.0010356 0.00098856 -0.00158107 -0.00247462 -0.00267565
internal_weight=0 284.083 251.859 124.024 127.835 101.423 108.353 86.8921 76.1731 56.952 92.0331 22.1466 18.3734 17.5525
internal_count=1221585 1151651 1047279 527027 520252 470359 461900 425600 393343 294328 420544 69934 64782 63404
cat_boundaries=0 22 45 46 69 92 113 136 159 181 203
cat_threshold=0 8192 139264 32784 65536 8388640 0 34635784 2097152 2621440 67141632 268435456 1074790400 2147483648 262144 4 16777216 92274688 2112 4194304 128 32 2097280 0 2147484928 0 0 0 0 16384 0 65536 16842882 6561792 0 167772160 1 0 33554432 0 83886080 0 10485760 0 131072 9 33554432 134217730 134481993 268439554 17056000 0 0 0 268435456 128 0 32784 0 0 0 0 8192 268435456 270532608 134348800 0 0 114785 2048 134217734 134481929 0 20987904 65536 9437184 8194 0 131200 8 163840 0 0 0 2 0 268451840 268435456 72 2415919104 0 65 265216 0 16777216 67108864 4194304 266240 9961472 134488064 536870914 2 2147623936 656384 0 0 16 1048576 1073741828 2048 0 524288 2147549184 134217728 0 16777216 8454144 263168 8 131072 262400 536870914 32 2147622912 1280 0 0 0 9699336 270340 0 0 134217984 2 67108864 81952 134217728 4 536875040 8388608 1056 268435456 2 0 1052672 16384 134479876 0 0 17830280 536936448 0 0 32768 536870928 0 268435456 536870912 270592 0 33554464 512 570425349 1048576 128 0 2097410 524288 131073 0 4 524304 1140850704 0 0 67371040 570441728 0 320 536870912 268697600 0 1073741856 536870976 335548418 290 263168 589824 1073741824 268435456 2 0 524288 16 17825808 65536 0 1048584 2048 32 2621444 0 524288
is_linear=0
shrinkage=0.02


end of trees

feature_importances:
batter_id=579
pitcher_id=552
hand_matchup=65
asof_pitcher_ball_rate=61
asof_pitcher_prev5_game_success_rate=48
game_month=40
asof_pitcher_success_rate=37
asof_pitcher_reverse_rate=37
balls_before=34
asof_pitcher_prev1_game_success_rate=33
asof_pitcher_n=29
asof_pitcher_fastball_rate=29
pitcher_momentum_success=29
asof_pitcher_prev3_game_success_rate=28
asof_pitcher_middle_rate=26
asof_pitcher_strike_rate=24
asof_pitcher_offspeed_rate=24
pitcher_momentum_middle=24
batter_team_id=22
pitcher_batter_form=20
asof_pitcher_prev1_game_middle_rate=14
game_dayofweek=12
pitcher_team_id=12
asof_pitcher_breaking_rate=11
asof_pitcher_pitchmix_n=10
asof_pitcher_prev3_game_middle_rate=9
strikes_before=8
count_state=8
asof_pitcher_prev5_game_middle_rate=6
asof_batter_n=5
score_diff_pitcher_team=4
inning=3
num_runners_on=3
asof_batter_success_rate=3
asof_batter_middle_rate=3
home_win_expectancy=2
away_win_expectancy=2
li=2
run_top_before=1
run_total_before=1
runner_on_3b=1
game_type=1

parameters:
[boosting: gbdt]
[objective: binary]
[metric: binary_logloss]
[tree_learner: serial]
[device_type: cpu]
[data_sample_strategy: bagging]
[data: ]
[valid: ]
[num_iterations: 5000]
[learning_rate: 0.02]
[num_leaves: 15]
[num_threads: 6]
[seed: 0]
[deterministic: 0]
[force_col_wise: 0]
[force_row_wise: 0]
[histogram_pool_size: -1]
[max_depth: -1]
[min_data_in_leaf: 2000]
[min_sum_hessian_in_leaf: 0.001]
[bagging_fraction: 0.7]
[pos_bagging_fraction: 1]
[neg_bagging_fraction: 1]
[bagging_freq: 0]
[bagging_seed: 3]
[feature_fraction: 0.7]
[feature_fraction_bynode: 1]
[feature_fraction_seed: 2]
[extra_trees: 0]
[extra_seed: 6]
[early_stopping_round: 0]
[early_stopping_min_delta: 0]
[first_metric_only: 0]
[max_delta_step: 0]
[lambda_l1: 0]
[lambda_l2: 5]
[linear_lambda: 0]
[min_gain_to_split: 0]
[drop_rate: 0.1]
[max_drop: 50]
[skip_drop: 0.5]
[xgboost_dart_mode: 0]
[uniform_drop: 0]
[drop_seed: 4]
[top_rate: 0.2]
[other_rate: 0.1]
[min_data_per_group: 100]
[max_cat_threshold: 32]
[cat_l2: 10]
[cat_smooth: 10]
[max_cat_to_onehot: 4]
[top_k: 20]
[monotone_constraints: ]
[monotone_constraints_method: basic]
[monotone_penalty: 0]
[feature_contri: ]
[forcedsplits_filename: ]
[refit_decay_rate: 0.9]
[cegb_tradeoff: 1]
[cegb_penalty_split: 0]
[cegb_penalty_feature_lazy: ]
[cegb_penalty_feature_coupled: ]
[path_smooth: 0]
[interaction_constraints: ]
[verbosity: -1]
[saved_feature_importance_type: 0]
[use_quantized_grad: 0]
[num_grad_quant_bins: 4]
[quant_train_renew_leaf: 0]
[stochastic_rounding: 1]
[linear_tree: 0]
[max_bin: 255]
[max_bin_by_feature: ]
[min_data_in_bin: 3]
[bin_construct_sample_cnt: 200000]
[data_random_seed: 1]
[is_enable_sparse: 1]
[enable_bundle: 1]
[use_missing: 1]
[zero_as_missing: 0]
[feature_pre_filter: 1]
[pre_partition: 0]
[two_round: 0]
[header: 0]
[label_column: ]
[weight_column: ]
[group_column: ]
[ignore_column: ]
[categorical_feature: 42,43,44,45,46,47,48,49,50,51,52]
[forcedbins_filename: ]
[precise_float_parser: 0]
[parser_config_file: ]
[objective_seed: 5]
[num_class: 1]
[is_unbalance: 0]
[scale_pos_weight: 1]
[sigmoid: 1]
[boost_from_average: 1]
[reg_sqrt: 0]
[alpha: 0.9]
[fair_c: 1]
[poisson_max_delta_step: 0.7]
[tweedie_variance_power: 1.5]
[lambdarank_truncation_level: 30]
[lambdarank_norm: 1]
[label_gain: ]
[lambdarank_position_bias_regularization: 0]
[eval_at: ]
[multi_error_top_k: 1]
[auc_mu_weights: ]
[num_machines: 1]
[local_listen_port: 12400]
[time_out: 120]
[machine_list_filename: ]
[machines: ]
[gpu_platform_id: -1]
[gpu_device_id: -1]
[gpu_use_dp: 0]
[num_gpu: 1]

end of parameters

pandas_categorical:[[20700, 20938, 21095, 21170, 21178, 21279, 21372, 21402, 21414, 21415, 21432, 21441, 21549, 21558, 21571, 21587, 21588, 21595, 21622, 21624, 21654, 21690, 21699, 21733, 21754, 21789, 21795, 21813, 21830, 21840, 21857, 21874, 21875, 21916, 21936, 21940, 21943, 21955, 21961, 21978, 21991, 21994, 21998, 22007, 22015, 22028, 22029, 22094, 22099, 22110, 22118, 22123, 22131, 22136, 22143, 22154, 22156, 22163, 22180, 22192, 22201, 22203, 22205, 22220, 22231, 22233, 22234, 22249, 22250, 22253, 22254, 22261, 22277, 22278, 22280, 22292, 22293, 22302, 22305, 22309, 22311, 22312, 22318, 22321, 22332, 22335, 22345, 22349, 22368, 22372, 22380, 22389, 22397, 22404, 22414, 22419, 22427, 22428, 22435, 22458, 22469, 22473, 22478, 22487, 22491, 22505, 22508, 22524, 22525, 22539, 22540, 22541, 22547, 22548, 22551, 22575, 22579, 22583, 22592, 22595, 22596, 22597, 22598, 22615, 22617, 22621, 22622, 22624, 22640, 22651, 22666, 22667, 22668, 22675, 22703, 22708, 22710, 22717, 22720, 22721, 22722, 22729, 22730, 22731, 22734, 22735, 22738, 22739, 22741, 22742, 22743, 22759, 22761, 22763, 22772, 22776, 22782, 22784, 22785, 22786, 22795, 22810, 22815, 22820, 22821, 22834, 22836, 22840, 22842, 22851, 22867, 22869, 22870, 22881, 22890, 22893, 22899, 22901, 22904, 22905, 22908, 22911, 22915, 22922, 22923, 22925, 22926, 22932, 22933, 22960, 22964, 22978, 22985, 22996, 23003, 23005, 23023, 23024, 23030, 23035, 23041, 23043, 23047, 23053, 23054, 23082, 23090, 23091, 23092, 23094, 23097, 23101, 23105, 23107, 23110, 23112, 23115, 23116, 23117, 23122, 23137, 23139, 23145, 23148, 23150, 23151, 23154, 23157, 23158, 23175, 23177, 23182, 23190, 23194, 23204, 23206, 23225, 23229, 23231, 23232, 23235, 23236, 23238, 23240, 23257, 23258, 23260, 23262, 23267, 23284, 23286, 23288, 23289, 23293, 23294, 23302, 23305, 23306, 23307, 23312, 23314, 23324, 23331, 23332, 23334, 23336, 23342, 23343, 23347, 23348, 23349, 23352, 23360, 23361, 23362, 23363, 23366, 23369, 23383, 23384, 23385, 23411, 23414, 23415, 23418, 23421, 23422, 23423, 23424, 23426, 23428, 23429, 23431, 23437, 23439, 23440, 23444, 23446, 23447, 23449, 23455, 23458, 23459, 23461, 23462, 23475, 23476, 23478, 23479, 23484, 23485, 23487, 23488, 23491, 23496, 23497, 23498, 23499, 23500, 23501, 23502, 23504, 23512, 23513, 23514, 23515, 23516, 23518, 23519, 23520, 23532, 23534, 23535, 23536, 23537, 23538, 23540, 23542, 23554, 23555, 23556, 23557, 23558, 23560, 23561, 23564, 23565, 23567, 23568, 23574, 23575, 23589, 23590, 23591, 23593, 23596, 23597, 23598, 23599, 23600, 23614, 23615, 23617, 23618, 23624, 23627, 23628, 23630, 23631, 23632, 23633, 23634, 23636, 23637, 23638, 23640, 23642, 23643, 23644, 23648, 23650, 23651, 23652, 23653, 23654, 23655, 23659, 23660, 23665, 23667, 23670, 23672, 23673, 23676, 23680, 23682, 23684, 23689, 23690, 23693, 23694, 23695, 23696, 23697, 23699, 23703, 23708, 23713, 23714, 23717, 23719, 23721, 23727, 23729, 23731, 23736, 23737, 23738, 23740, 23743, 23745, 23747, 23748, 23749, 23751, 23754, 23758, 23759, 23761, 23762, 23763, 23764, 23765, 23766, 23767, 23769, 23771, 23772, 23775, 23777, 23779, 23781, 23782, 23783, 23784, 23785, 23786, 23787, 23790, 23794, 23819, 23843, 23848, 23849, 23850, 23852, 23853, 23856, 23857, 23858, 23860, 23863, 23866, 23867, 23868, 23869, 23870, 23871, 23872, 23873, 23874, 23879, 23880, 23884, 23885, 23886, 23887, 23893, 23895, 23897, 23898, 23902, 23903, 23904, 23908, 23909, 23910, 23912, 23914, 23915, 23916, 23917, 23920, 23921, 23922, 23923, 23927, 23929, 23930, 23931, 23932, 23933, 23934, 23935, 23936, 23942, 23943, 23944, 23947, 23950, 23951, 23952, 23953, 23954, 23955, 23959, 23962, 23963, 23964, 23966, 23967, 23968, 23972, 23977, 23979, 23982, 23983, 23984, 23985, 23987, 23988, 23991, 24011, 24012, 24013, 24015, 24017, 24018, 24020, 24021, 24026, 24027, 24028, 24036, 24038, 24039, 24042, 24043, 24044, 24045, 24047, 24048, 24051, 24052, 24053, 24055, 24056, 24059, 24063, 24064, 24065, 24069, 24073, 24076, 24078, 24084, 24085, 24086, 24088, 24089, 24094, 24097, 24099, 24100, 24102, 24104, 24105, 24107, 24109, 24110, 24112, 24113, 24115, 24116, 24117, 24118, 24126, 24129, 24131, 24133, 24135, 24136, 24140, 24146, 24147, 24151, 24152, 24153, 24154, 24156, 24157, 24161, 24164, 24165, 24166, 24167, 24168, 24169, 24170, 24172, 24173, 24178, 24179, 24181, 24183, 24184, 24185, 24193, 24197, 24198, 24201, 24202, 24203, 24205, 24209, 24211, 24213, 24222, 24223, 24224, 24226, 24229, 24234, 24237, 24239, 24240, 24241, 24244, 24246, 24247, 24248, 24252, 24253, 24254, 24258, 24259, 24262, 24265, 24267, 24268, 24269, 24271, 24276, 24277, 24281, 24283, 24286, 24293, 24300, 24303, 24305, 24306, 24307, 24310, 24311, 24313, 24314, 24317, 24319, 24327, 24328, 24329, 24333, 24334, 24338, 24339, 24340, 24343, 24344, 24346, 24349, 24355, 24358, 24369, 24370, 24373, 24374, 24376, 24377, 24380, 24387, 24388, 24389, 24390, 24391, 24392, 24394, 24398, 24399, 24401, 24410, 24411, 24412, 24420, 24423, 24424, 24425, 24433, 24434, 24440, 24444, 24446, 24447, 24449, 24450, 24451, 24452, 24459, 24460, 24461, 24463, 24465, 24467, 24469, 24477, 24478, 24482, 24483, 24484, 24485, 24486, 24487, 24488, 24494, 24498, 24499, 24502, 24508, 24509, 24512, 24515, 24516, 24518, 24525, 24527, 24531, 24533, 24535, 24537, 24540, 24541, 24544, 24546, 24552, 24557, 24559, 24560, 24564, 24565, 24566, 24568, 24570, 24571, 24572, 24573, 24577, 24579, 24580, 24585, 24587, 24591, 24596, 24597, 24598, 24602, 24604, 24605, 24607, 24608, 24609, 24618, 24619, 24621, 24622, 24623, 24624, 24625, 24626, 24627, 24629, 24631, 24633], [20889, 20946, 20984, 21131, 21143, 21170, 21174, 21241, 21278, 21286, 21288, 21381, 21398, 21400, 21401, 21448, 21458, 21461, 21511, 21520, 21577, 21600, 21616, 21617, 21627, 21660, 21693, 21696, 21708, 21737, 21786, 21818, 21821, 21822, 21831, 21834, 21835, 21837, 21848, 21851, 21865, 21892, 21945, 21947, 21968, 21980, 21990, 21992, 21996, 21999, 22002, 22006, 22013, 22016, 22021, 22025, 22026, 22038, 22064, 22066, 22101, 22102, 22103, 22104, 22106, 22109, 22126, 22127, 22130, 22132, 22133, 22137, 22144, 22146, 22148, 22160, 22182, 22208, 22221, 22225, 22238, 22245, 22258, 22269, 22281, 22283, 22284, 22287, 22288, 22315, 22322, 22323, 22332, 22333, 22344, 22345, 22353, 22374, 22379, 22382, 22392, 22394, 22396, 22410, 22416, 22420, 22424, 22425, 22429, 22430, 22432, 22435, 22436, 22439, 22442, 22443, 22454, 22455, 22460, 22468, 22499, 22500, 22502, 22514, 22521, 22522, 22523, 22542, 22553, 22571, 22574, 22576, 22605, 22606, 22607, 22610, 22611, 22612, 22613, 22621, 22626, 22628, 22629, 22632, 22660, 22664, 22671, 22674, 22679, 22682, 22683, 22684, 22690, 22693, 22695, 22696, 22697, 22709, 22716, 22719, 22720, 22725, 22727, 22728, 22732, 22733, 22735, 22736, 22737, 22739, 22743, 22745, 22748, 22749, 22756, 22758, 22760, 22762, 22763, 22766, 22767, 22768, 22771, 22773, 22774, 22775, 22777, 22779, 22781, 22800, 22807, 22808, 22809, 22811, 22813, 22816, 22817, 22819, 22822, 22830, 22831, 22839, 22841, 22847, 22852, 22853, 22857, 22872, 22882, 22886, 22893, 22900, 22901, 22902, 22921, 22924, 22928, 22934, 22943, 22950, 22956, 22959, 22963, 22969, 22970, 22985, 22986, 22995, 23000, 23001, 23004, 23008, 23022, 23028, 23034, 23040, 23045, 23049, 23064, 23068, 23080, 23089, 23095, 23108, 23111, 23113, 23116, 23121, 23132, 23134, 23138, 23143, 23144, 23146, 23147, 23153, 23179, 23180, 23186, 23187, 23188, 23189, 23193, 23195, 23197, 23200, 23205, 23212, 23225, 23227, 23228, 23234, 23241, 23242, 23243, 23244, 23250, 23252, 23253, 23262, 23263, 23264, 23266, 23274, 23281, 23282, 23290, 23298, 23299, 23300, 23309, 23317, 23318, 23319, 23321, 23329, 23330, 23341, 23346, 23347, 23348, 23349, 23352, 23357, 23358, 23366, 23367, 23373, 23377, 23380, 23387, 23388, 23395, 23396, 23401, 23404, 23405, 23407, 23408, 23410, 23413, 23418, 23420, 23425, 23427, 23429, 23430, 23432, 23433, 23435, 23436, 23442, 23443, 23444, 23448, 23450, 23452, 23455, 23463, 23464, 23465, 23466, 23467, 23469, 23470, 23471, 23472, 23474, 23476, 23481, 23482, 23483, 23486, 23487, 23492, 23493, 23495, 23505, 23507, 23508, 23521, 23523, 23524, 23525, 23526, 23527, 23529, 23531, 23546, 23547, 23548, 23549, 23551, 23552, 23553, 23562, 23563, 23574, 23576, 23578, 23579, 23582, 23583, 23584, 23586, 23602, 23604, 23605, 23606, 23608, 23612, 23614, 23625, 23626, 23635, 23637, 23639, 23641, 23645, 23646, 23649, 23657, 23658, 23661, 23662, 23663, 23664, 23666, 23667, 23668, 23669, 23670, 23671, 23675, 23677, 23680, 23681, 23683, 23685, 23686, 23687, 23688, 23691, 23692, 23693, 23698, 23700, 23701, 23702, 23705, 23706, 23711, 23712, 23715, 23718, 23720, 23723, 23724, 23726, 23728, 23732, 23733, 23734, 23735, 23739, 23742, 23746, 23750, 23752, 23753, 23755, 23756, 23757, 23759, 23760, 23762, 23763, 23768, 23771, 23773, 23776, 23778, 23780, 23788, 23789, 23791, 23793, 23797, 23798, 23799, 23802, 23803, 23805, 23810, 23811, 23817, 23835, 23836, 23837, 23838, 23839, 23840, 23841, 23842, 23844, 23845, 23846, 23847, 23849, 23851, 23854, 23855, 23859, 23861, 23864, 23865, 23875, 23876, 23877, 23878, 23881, 23882, 23883, 23890, 23896, 23899, 23900, 23901, 23905, 23906, 23907, 23911, 23912, 23913, 23918, 23919, 23926, 23937, 23938, 23939, 23940, 23941, 23945, 23946, 23948, 23949, 23953, 23957, 23958, 23960, 23961, 23965, 23970, 23971, 23974, 23975, 23976, 23978, 23980, 23981, 23983, 23986, 23989, 23990, 23991, 23992, 23993, 23995, 23996, 24000, 24002, 24003, 24004, 24005, 24006, 24007, 24008, 24009, 24010, 24014, 24016, 24019, 24022, 24023, 24024, 24029, 24031, 24033, 24034, 24035, 24040, 24041, 24046, 24049, 24050, 24054, 24057, 24058, 24061, 24066, 24067, 24068, 24071, 24072, 24074, 24075, 24077, 24079, 24080, 24082, 24086, 24087, 24090, 24091, 24092, 24093, 24095, 24096, 24098, 24101, 24103, 24106, 24108, 24114, 24119, 24120, 24121, 24122, 24123, 24124, 24127, 24128, 24130, 24132, 24134, 24137, 24139, 24141, 24142, 24143, 24144, 24145, 24148, 24149, 24150, 24155, 24158, 24159, 24160, 24162, 24163, 24171, 24174, 24175, 24176, 24177, 24180, 24186, 24187, 24188, 24189, 24190, 24191, 24194, 24195, 24200, 24204, 24206, 24207, 24210, 24212, 24213, 24214, 24215, 24216, 24217, 24218, 24219, 24220, 24221, 24225, 24227, 24230, 24232, 24233, 24235, 24236, 24238, 24242, 24243, 24245, 24250, 24251, 24255, 24260, 24263, 24264, 24266, 24270, 24272, 24273, 24274, 24278, 24280, 24282, 24284, 24287, 24288, 24290, 24292, 24295, 24296, 24297, 24299, 24301, 24302, 24304, 24308, 24309, 24315, 24316, 24325, 24326, 24331, 24332, 24335, 24336, 24341, 24342, 24345, 24348, 24350, 24351, 24352, 24353, 24354, 24356, 24357, 24359, 24362, 24366, 24368, 24371, 24372, 24375, 24379, 24381, 24382, 24383, 24385, 24386, 24390, 24396, 24397, 24398, 24400, 24402, 24403, 24404, 24405, 24406, 24407, 24408, 24409, 24413, 24416, 24418, 24419, 24421, 24426, 24427, 24430, 24437, 24438, 24439, 24442, 24443, 24445, 24448, 24457, 24458, 24462, 24464, 24466, 24470, 24471, 24472, 24473, 24474, 24475, 24476, 24479, 24480, 24481, 24489, 24490, 24491, 24492, 24493, 24496, 24497, 24500, 24501, 24503, 24505, 24507, 24510, 24517, 24520, 24521, 24526, 24528, 24529, 24530, 24532, 24534, 24536, 24542, 24543, 24545, 24547, 24548, 24551, 24554, 24558, 24562, 24567, 24569, 24574, 24575, 24578, 24581, 24582, 24583, 24584, 24588, 24589, 24590, 24593, 24594, 24595, 24601, 24603, 24612, 24613, 24616, 24620, 24628, 24630, 24632], [12, 13, 14, 15, 16, 17, 18, 19, 20, 21, 22, 23, 25], [12, 13, 14, 15, 16, 17, 18, 19, 20, 21, 22, 23, 25], [1, 2], [1, 2], ["B", "T"], ["F", "R"], ["123", "12_", "1_3", "1__", "_23", "_2_", "__3", "___"], ["0-0", "0-1", "0-2", "1-0", "1-1", "1-2", "2-0", "2-1", "2-2", "3-0", "3-1", "3-2"], ["1-1", "1-2", "2-1", "2-2"]]
